{"id": "6c48747a-8c8c-43c5-8c7e-ff80f281b508", "created": 1621007324, "events": [{"type": "BEGIN_LEVEL_LOAD", "name": "cantaloupe", "order": "7", "category": "SYSTEM", "created": 1621006688200, "id": "6927b22e-381e-4501-9726-d6b5573a0247"}, {"type": "BOARD_SNAPSHOT", "board": {"map": [[{"id": "L_cantaloupe_000000", "layout": null, "coords": [0, 0]}, {"id": "L_cantaloupe_000001", "layout": null, "coords": [0, 1]}, {"id": "L_cantaloupe_000002", "layout": null, "coords": [0, 2]}, {"id": "L_cantaloupe_000003", "layout": null, "coords": [0, 3]}, {"id": "L_cantaloupe_000004", "layout": null, "coords": [0, 4]}, {"id": "L_cantaloupe_000005", "layout": "C", "orientation": "n", "directions": [1], "coords": [0, 5], "color": [2], "components": []}, {"id": "L_cantaloupe_000006", "layout": "E", "orientation": "e", "directions": [1], "coords": [0, 6], "color": [2], "components": []}, {"id": "L_cantaloupe_000007", "layout": "C", "orientation": "e", "directions": [2], "coords": [0, 7], "color": [2], "components": []}], [{"id": "L_cantaloupe_001000", "layout": null, "coords": [1, 0]}, {"id": "L_cantaloupe_001001", "layout": null, "coords": [1, 1]}, {"id": "L_cantaloupe_001002", "layout": null, "coords": [1, 2]}, {"id": "L_cantaloupe_001003", "layout": null, "coords": [1, 3]}, {"id": "L_cantaloupe_001004", "layout": null, "coords": [1, 4]}, {"id": "L_cantaloupe_001005", "layout": "E", "orientation": "n", "directions": [4], "coords": [1, 5], "color": [2], "components": []}, {"id": "L_cantaloupe_001006", "layout": null, "coords": [1, 6]}, {"id": "L_cantaloupe_001007", "layout": "E", "orientation": "n", "directions": [2], "coords": [1, 7], "color": [2], "components": []}], [{"id": "L_cantaloupe_002000", "layout": null, "coords": [2, 0]}, {"id": "L_cantaloupe_002001", "layout": null, "coords": [2, 1]}, {"id": "L_cantaloupe_002002", "layout": null, "coords": [2, 2]}, {"id": "L_cantaloupe_002003", "layout": null, "coords": [2, 3]}, {"id": "L_cantaloupe_002004", "layout": null, "coords": [2, 4]}, {"id": "L_cantaloupe_002005", "layout": "G", "orientation": "n", "directions": [4], "coords": [2, 5], "color": [2], "components": []}, {"id": "L_cantaloupe_002006", "layout": "E", "orientation": "e", "directions": [3], "coords": [2, 6], "color": [2], "components": []}, {"id": "L_cantaloupe_002007", "layout": "C", "orientation": "s", "directions": [3], "coords": [2, 7], "color": [2], "components": []}], [{"id": "L_cantaloupe_003000", "layout": null, "coords": [3, 0]}, {"id": "L_cantaloupe_003001", "layout": null, "coords": [3, 1]}, {"id": "L_cantaloupe_003002", "layout": null, "coords": [3, 2]}, {"id": "L_cantaloupe_003003", "layout": null, "coords": [3, 3]}, {"id": "L_cantaloupe_003004", "layout": null, "coords": [3, 4]}, {"id": "L_cantaloupe_003005", "layout": "E", "orientation": "n", "directions": [4], "coords": [3, 5], "color": [2], "components": []}, {"id": "L_cantaloupe_003006", "layout": null, "coords": [3, 6]}, {"id": "L_cantaloupe_003007", "layout": null, "coords": [3, 7]}], [{"id": "L_cantaloupe_004000", "layout": null, "coords": [4, 0]}, {"id": "L_cantaloupe_004001", "layout": null, "coords": [4, 1]}, {"id": "L_cantaloupe_004002", "layout": "C", "orientation": "n", "directions": [1], "coords": [4, 2], "color": [2], "components": []}, {"id": "L_cantaloupe_004003", "layout": "E", "orientation": "e", "directions": [1], "coords": [4, 3], "color": [2], "components": []}, {"id": "L_cantaloupe_004004", "layout": "E", "orientation": "e", "directions": [1], "coords": [4, 4], "color": [2], "components": []}, {"id": "L_cantaloupe_004005", "layout": "G", "orientation": "w", "directions": [1, 4], "coords": [4, 5], "color": [2], "components": ["L_cantaloupe_5001"]}, {"id": "L_cantaloupe_004006", "layout": "E", "orientation": "e", "directions": [1], "coords": [4, 6], "color": [2], "components": []}, {"id": "L_cantaloupe_004007", "layout": "C", "orientation": "e", "directions": [2], "coords": [4, 7], "color": [2], "components": []}], [{"id": "L_cantaloupe_005000", "layout": null, "coords": [5, 0]}, {"id": "L_cantaloupe_005001", "layout": null, "coords": [5, 1]}, {"id": "L_cantaloupe_005002", "layout": "E", "orientation": "n", "directions": [4], "coords": [5, 2], "color": [2], "components": []}, {"id": "L_cantaloupe_005003", "layout": null, "coords": [5, 3]}, {"id": "L_cantaloupe_005004", "layout": null, "coords": [5, 4]}, {"id": "L_cantaloupe_005005", "layout": null, "coords": [5, 5]}, {"id": "L_cantaloupe_005006", "layout": null, "coords": [5, 6]}, {"id": "L_cantaloupe_005007", "layout": "E", "orientation": "n", "directions": [2], "coords": [5, 7], "color": [2], "components": []}], [{"id": "L_cantaloupe_006000", "layout": "C", "orientation": "n", "directions": [2], "coords": [6, 0], "color": [1], "components": []}, {"id": "L_cantaloupe_006001", "layout": "E", "orientation": "e", "directions": [3], "coords": [6, 1], "color": [1], "components": []}, {"id": "L_cantaloupe_006002", "layout": "O", "orientation": "e", "directions": [3, 4], "coords": [6, 2], "color": [1, 2], "components": ["L_cantaloupe_2001"]}, {"id": "L_cantaloupe_006003", "layout": "E", "orientation": "e", "directions": [3], "coords": [6, 3], "color": [1], "components": []}, {"id": "L_cantaloupe_006004", "layout": "E", "orientation": "e", "directions": [3], "coords": [6, 4], "color": [1], "components": []}, {"id": "L_cantaloupe_006005", "layout": "C", "orientation": "e", "directions": [3], "coords": [6, 5], "color": [1], "components": []}, {"id": "L_cantaloupe_006006", "layout": null, "coords": [6, 6]}, {"id": "L_cantaloupe_006007", "layout": "E", "orientation": "n", "directions": [2], "coords": [6, 7], "color": [2], "components": []}], [{"id": "L_cantaloupe_007000", "layout": "E", "orientation": "n", "directions": [2], "coords": [7, 0], "color": [1], "components": []}, {"id": "L_cantaloupe_007001", "layout": null, "coords": [7, 1]}, {"id": "L_cantaloupe_007002", "layout": "E", "orientation": "n", "directions": [4], "coords": [7, 2], "color": [2], "components": []}, {"id": "L_cantaloupe_007003", "layout": null, "coords": [7, 3]}, {"id": "L_cantaloupe_007004", "layout": null, "coords": [7, 4]}, {"id": "L_cantaloupe_007005", "layout": "E", "orientation": "n", "directions": [4], "coords": [7, 5], "color": [1], "components": []}, {"id": "L_cantaloupe_007006", "layout": null, "coords": [7, 6]}, {"id": "L_cantaloupe_007007", "layout": "E", "orientation": "n", "directions": [2], "coords": [7, 7], "color": [2], "components": ["L_cantaloupe_3001"]}], [{"id": "L_cantaloupe_008000", "layout": "E", "orientation": "n", "directions": [2], "coords": [8, 0], "color": [1], "components": []}, {"id": "L_cantaloupe_008001", "layout": null, "coords": [8, 1]}, {"id": "L_cantaloupe_008002", "layout": "E", "orientation": "n", "directions": [4], "coords": [8, 2], "color": [2], "components": []}, {"id": "L_cantaloupe_008003", "layout": null, "coords": [8, 3]}, {"id": "L_cantaloupe_008004", "layout": null, "coords": [8, 4]}, {"id": "L_cantaloupe_008005", "layout": "E", "orientation": "n", "directions": [4], "coords": [8, 5], "color": [1], "components": ["L_cantaloupe_1002"]}, {"id": "L_cantaloupe_008006", "layout": null, "coords": [8, 6]}, {"id": "L_cantaloupe_008007", "layout": "E", "orientation": "n", "directions": [2], "coords": [8, 7], "color": [2], "components": []}], [{"id": "L_cantaloupe_009000", "layout": "E", "orientation": "n", "directions": [2], "coords": [9, 0], "color": [1], "components": []}, {"id": "L_cantaloupe_009001", "layout": null, "coords": [9, 1]}, {"id": "L_cantaloupe_009002", "layout": "C", "orientation": "w", "directions": [4], "coords": [9, 2], "color": [2], "components": []}, {"id": "L_cantaloupe_009003", "layout": "E", "orientation": "e", "directions": [3], "coords": [9, 3], "color": [2], "components": []}, {"id": "L_cantaloupe_009004", "layout": "E", "orientation": "e", "directions": [3], "coords": [9, 4], "color": [2], "components": ["L_cantaloupe_1001"]}, {"id": "L_cantaloupe_009005", "layout": "O", "orientation": "e", "directions": [3, 4], "coords": [9, 5], "color": [1, 2], "components": []}, {"id": "L_cantaloupe_009006", "layout": "E", "orientation": "e", "directions": [3], "coords": [9, 6], "color": [2], "components": []}, {"id": "L_cantaloupe_009007", "layout": "C", "orientation": "s", "directions": [3], "coords": [9, 7], "color": [2], "components": []}], [{"id": "L_cantaloupe_010000", "layout": "E", "orientation": "n", "directions": [2], "coords": [10, 0], "color": [1], "components": []}, {"id": "L_cantaloupe_010001", "layout": null, "coords": [10, 1]}, {"id": "L_cantaloupe_010002", "layout": null, "coords": [10, 2]}, {"id": "L_cantaloupe_010003", "layout": null, "coords": [10, 3]}, {"id": "L_cantaloupe_010004", "layout": null, "coords": [10, 4]}, {"id": "L_cantaloupe_010005", "layout": "E", "orientation": "n", "directions": [4], "coords": [10, 5], "color": [1], "components": []}, {"id": "L_cantaloupe_010006", "layout": null, "coords": [10, 6]}, {"id": "L_cantaloupe_010007", "layout": null, "coords": [10, 7]}], [{"id": "L_cantaloupe_011000", "layout": "C", "orientation": "w", "directions": [1], "coords": [11, 0], "color": [1], "components": []}, {"id": "L_cantaloupe_011001", "layout": "E", "orientation": "e", "directions": [1], "coords": [11, 1], "color": [1], "components": []}, {"id": "L_cantaloupe_011002", "layout": "G", "orientation": "e", "directions": [1, 2], "coords": [11, 2], "color": [1], "components": ["L_cantaloupe_5002"]}, {"id": "L_cantaloupe_011003", "layout": "E", "orientation": "e", "directions": [1], "coords": [11, 3], "color": [1], "components": ["L_cantaloupe_3002"]}, {"id": "L_cantaloupe_011004", "layout": "E", "orientation": "e", "directions": [1], "coords": [11, 4], "color": [1], "components": []}, {"id": "L_cantaloupe_011005", "layout": "C", "orientation": "s", "directions": [4], "coords": [11, 5], "color": [1], "components": []}, {"id": "L_cantaloupe_011006", "layout": null, "coords": [11, 6]}, {"id": "L_cantaloupe_011007", "layout": null, "coords": [11, 7]}], [{"id": "L_cantaloupe_012000", "layout": null, "coords": [12, 0]}, {"id": "L_cantaloupe_012001", "layout": null, "coords": [12, 1]}, {"id": "L_cantaloupe_012002", "layout": "E", "orientation": "n", "directions": [2], "coords": [12, 2], "color": [1], "components": []}, {"id": "L_cantaloupe_012003", "layout": null, "coords": [12, 3]}, {"id": "L_cantaloupe_012004", "layout": null, "coords": [12, 4]}, {"id": "L_cantaloupe_012005", "layout": null, "coords": [12, 5]}, {"id": "L_cantaloupe_012006", "layout": null, "coords": [12, 6]}, {"id": "L_cantaloupe_012007", "layout": null, "coords": [12, 7]}], [{"id": "L_cantaloupe_013000", "layout": "C", "orientation": "n", "directions": [1], "coords": [13, 0], "color": [1], "components": []}, {"id": "L_cantaloupe_013001", "layout": "E", "orientation": "e", "directions": [1], "coords": [13, 1], "color": [1], "components": []}, {"id": "L_cantaloupe_013002", "layout": "G", "orientation": "s", "directions": [2], "coords": [13, 2], "color": [1], "components": []}, {"id": "L_cantaloupe_013003", "layout": null, "coords": [13, 3]}, {"id": "L_cantaloupe_013004", "layout": null, "coords": [13, 4]}, {"id": "L_cantaloupe_013005", "layout": null, "coords": [13, 5]}, {"id": "L_cantaloupe_013006", "layout": null, "coords": [13, 6]}, {"id": "L_cantaloupe_013007", "layout": null, "coords": [13, 7]}], [{"id": "L_cantaloupe_014000", "layout": "E", "orientation": "n", "directions": [4], "coords": [14, 0], "color": [1], "components": []}, {"id": "L_cantaloupe_014001", "layout": null, "coords": [14, 1]}, {"id": "L_cantaloupe_014002", "layout": "E", "orientation": "n", "directions": [2], "coords": [14, 2], "color": [1], "components": []}, {"id": "L_cantaloupe_014003", "layout": null, "coords": [14, 3]}, {"id": "L_cantaloupe_014004", "layout": null, "coords": [14, 4]}, {"id": "L_cantaloupe_014005", "layout": null, "coords": [14, 5]}, {"id": "L_cantaloupe_014006", "layout": null, "coords": [14, 6]}, {"id": "L_cantaloupe_014007", "layout": null, "coords": [14, 7]}], [{"id": "L_cantaloupe_015000", "layout": "C", "orientation": "w", "directions": [4], "coords": [15, 0], "color": [1], "components": []}, {"id": "L_cantaloupe_015001", "layout": "E", "orientation": "e", "directions": [3], "coords": [15, 1], "color": [1], "components": []}, {"id": "L_cantaloupe_015002", "layout": "C", "orientation": "s", "directions": [3], "coords": [15, 2], "color": [1], "components": []}, {"id": "L_cantaloupe_015003", "layout": null, "coords": [15, 3]}, {"id": "L_cantaloupe_015004", "layout": null, "coords": [15, 4]}, {"id": "L_cantaloupe_015005", "layout": null, "coords": [15, 5]}, {"id": "L_cantaloupe_015006", "layout": null, "coords": [15, 6]}, {"id": "L_cantaloupe_015007", "layout": null, "coords": [15, 7]}]], "components": {"L_cantaloupe_1001": {"capacity": -1, "cell": [9, 4], "color": 2, "direction": 3, "id": "L_cantaloupe_1001", "locked": true, "passed": 0, "spec": "", "type": "thread", "userPlaced": false}, "L_cantaloupe_1002": {"capacity": -1, "cell": [8, 5], "color": 1, "direction": 4, "id": "L_cantaloupe_1002", "locked": true, "passed": 0, "spec": "", "type": "thread", "userPlaced": false}, "L_cantaloupe_2001": {"cell": [6, 2], "color": 1, "id": "L_cantaloupe_2001", "locked": true, "passed": 0, "picked": 0, "spec": "unlimCondition", "type": "pickup", "userPlaced": false}, "L_cantaloupe_3001": {"cell": [7, 7], "color": 0, "delivered": 0, "id": "L_cantaloupe_3001", "locked": true, "passed": 0, "spec": "unlimCondition", "type": "delivery", "userPlaced": false, "acceptedTypes": ["unlimCondition"], "acceptedColors": []}, "L_cantaloupe_3002": {"cell": [11, 3], "color": 0, "delivered": 0, "id": "L_cantaloupe_3002", "locked": true, "passed": 0, "spec": "unlimCondition", "type": "delivery", "userPlaced": false, "acceptedTypes": ["unlimCondition"], "acceptedColors": []}, "L_cantaloupe_5001": {"cell": [4, 5], "color": 0, "id": "L_cantaloupe_5001", "locked": true, "passed": 0, "spec": "", "type": "conditional", "userPlaced": false, "directionCondition": 3, "directionDefault": 3, "directionsColors": [[], [], [], []], "directionsTypes": [["unlimCondition"], [], [], ["emptyPayload"]]}, "L_cantaloupe_5002": {"cell": [11, 2], "color": 0, "id": "L_cantaloupe_5002", "locked": true, "passed": 0, "spec": "", "type": "conditional", "userPlaced": false, "directionCondition": 3, "directionDefault": 3, "directionsColors": [[], [], [], []], "directionsTypes": [["unlimCondition"], ["emptyPayload"], [], []]}}}, "category": "DEFAULT", "created": 1621006688300, "id": "4e13faca-2c7d-4f6d-9ef6-22283b50a6c6"}, {"type": "FINISH_LEVEL_LOAD", "name": "cantaloupe", "order": "7", "category": "SYSTEM", "created": 1621006688300, "id": "e46bfaa6-486b-400e-bb2e-7e206b5912a5"}, {"type": "HIGHLIGHT_TRACK", "value": true, "index": 1, "category": "DEFAULT", "created": 1621006690800, "id": "5ae65e4f-c93f-49a0-88d7-3d21091fc5b0"}, {"type": "HIGHLIGHT_TRACK", "value": false, "index": 1, "category": "DEFAULT", "created": 1621006690800, "id": "741922dc-6c4b-48f1-b12b-9b0fd57ae96f"}, {"type": "HIGHLIGHT_TRACK", "value": true, "index": 1, "category": "DEFAULT", "created": 1621007020800, "id": "cd826179-bd94-4c43-8e32-ff57c93f87da"}, {"type": "HIGHLIGHT_TRACK", "value": false, "index": 2, "category": "DEFAULT", "created": 1621007021000, "id": "9387933a-0550-40e1-b917-4351f39910e5"}, {"type": "BEGIN_SIMULATION", "current": -1, "total": null, "category": "DEFAULT", "created": 1621007024200, "id": "96e12907-1355-4160-8b54-2fe9ae265302"}, {"type": "SET_REFLECTION_CONTENT", "content": {"status": "failure", "title": "Unsuccessful Solution", "titleIcon": "failure.png", "subtitle": "Whoops!", "description": "Looks like something went wrong.", "simType": "TEST", "numUserPlacedComponents": 0, "header": "Details on why the goals were not met:", "goals": [{"title": "The thread failed to deliver enough packages.", "icon": "thread.png", "status": "failure", "actual": 0, "target": 1, "comparison": "gt", "component": {"id": "L_cantaloupe_1001", "type": "thread", "spec": "", "color": 2}, "triggeredFailure": false}, {"title": "The thread delivered at least enough packages.", "icon": "thread.png", "status": "success", "actual": 17, "target": 1, "comparison": "gt", "component": {"id": "L_cantaloupe_1002", "type": "thread", "spec": "", "color": 1}, "triggeredFailure": false}, {"title": "The delivery point failed to receive enough packages.", "icon": "delivery.png", "status": "failure", "actual": 0, "target": 1, "comparison": "gt", "component": {"id": "L_cantaloupe_3001", "type": "delivery", "spec": "unlimCondition", "color": 0}, "triggeredFailure": false}, {"title": "The delivery point received at least enough packages.", "icon": "delivery.png", "status": "success", "actual": 17, "target": 1, "comparison": "gt", "component": {"id": "L_cantaloupe_3002", "type": "delivery", "spec": "unlimCondition", "color": 0}, "triggeredFailure": false}, {"title": "The solution took too long to complete.", "icon": "time.png", "status": "failure", "actual": 512, "target": 512, "comparison": "lt", "component": null, "triggeredFailure": true}], "reflections": []}, "category": "SYSTEM", "created": 1621007024300, "id": "13fd4e4f-102e-4b6c-8dfb-3e7fa3599940"}, {"type": "PAUSE_SIMULATION", "current": 241, "total": 1030, "category": "DEFAULT", "created": 1621007048500, "id": "e0ace12f-4d23-43a9-a9ba-17b416b27065"}, {"type": "STOP_SIMULATION", "current": 241, "total": 1030, "category": "DEFAULT", "created": 1621007085000, "id": "79028695-5319-42e2-bb8a-6dfa40c2bc67"}, {"type": "HIGHLIGHT_TRACK", "value": true, "index": 2, "category": "DEFAULT", "created": 1621007103200, "id": "b3e80705-6176-415b-b590-acd3ead2dd12"}, {"type": "HIGHLIGHT_TRACK", "value": false, "index": 2, "category": "DEFAULT", "created": 1621007108100, "id": "ae005916-6120-41d8-a20f-e6192c0aee92"}, {"type": "ADD_ELEMENT", "element": {"cell": [3, 5], "id": "aaaaaa", "spec": "inactive", "type": "semaphore", "userPlaced": true}, "category": "DEFAULT", "created": 1621007110300, "id": "ea6a2ce9-d028-4daa-bee4-0986646ee1a9"}, {"type": "HIGHLIGHT_TRACK", "value": true, "index": 1, "category": "DEFAULT", "created": 1621007115200, "id": "fba4af5e-8d59-4e11-9f1e-5786f2214049"}, {"type": "HIGHLIGHT_TRACK", "value": false, "index": 1, "category": "DEFAULT", "created": 1621007115300, "id": "8bb99d9e-347b-48b5-9186-7e8289fc3fbf"}, {"type": "HIGHLIGHT_TRACK", "value": true, "index": 1, "category": "DEFAULT", "created": 1621007115600, "id": "65b54b26-20fc-44f0-a11c-59c30111d10d"}, {"type": "ADD_ELEMENT", "element": {"cell": [12, 2], "id": "aaaaab", "spec": "inactive", "type": "semaphore", "userPlaced": true}, "category": "DEFAULT", "created": 1621007125300, "id": "e925aadf-aab9-46bf-81cd-e5205f4dfe61"}, {"type": "BEGIN_SIMULATION", "current": -1, "total": 1030, "category": "DEFAULT", "created": 1621007129500, "id": "c8b658c1-6d68-4830-a7d3-2f5e7a913d26"}, {"type": "SET_REFLECTION_CONTENT", "content": {"status": "failure", "title": "Unsuccessful Solution", "titleIcon": "failure.png", "subtitle": "Whoops!", "description": "Looks like something went wrong.", "simType": "TEST", "numUserPlacedComponents": 2, "header": "Details on why the goals were not met:", "goals": [{"title": "The thread failed to deliver enough packages.", "icon": "thread.png", "status": "failure", "actual": 0, "target": 1, "comparison": "gt", "component": {"id": "L_cantaloupe_1001", "type": "thread", "spec": "", "color": 2}, "triggeredFailure": false}, {"title": "The thread delivered at least enough packages.", "icon": "thread.png", "status": "success", "actual": 24, "target": 1, "comparison": "gt", "component": {"id": "L_cantaloupe_1002", "type": "thread", "spec": "", "color": 1}, "triggeredFailure": false}, {"title": "The delivery point failed to receive enough packages.", "icon": "delivery.png", "status": "failure", "actual": 0, "target": 1, "comparison": "gt", "component": {"id": "L_cantaloupe_3001", "type": "delivery", "spec": "unlimCondition", "color": 0}, "triggeredFailure": false}, {"title": "The delivery point received at least enough packages.", "icon": "delivery.png", "status": "success", "actual": 24, "target": 1, "comparison": "gt", "component": {"id": "L_cantaloupe_3002", "type": "delivery", "spec": "unlimCondition", "color": 0}, "triggeredFailure": false}, {"title": "The solution took too long to complete.", "icon": "time.png", "status": "failure", "actual": 512, "target": 512, "comparison": "lt", "component": null, "triggeredFailure": true}], "reflections": []}, "category": "SYSTEM", "created": 1621007129500, "id": "1b8b9adf-e98f-44a0-b2e1-fce5f5c85658"}, {"type": "STOP_SIMULATION", "current": 140, "total": 949, "category": "DEFAULT", "created": 1621007143500, "id": "b3452940-f7e3-4d6d-94b7-1258cec9dedb"}, {"type": "SHOW_MESSAGE", "message": "Elements must be placed on path!", "category": "DEFAULT", "created": 1621007145700, "id": "68126f91-f161-4442-b19e-829de1702a93"}, {"type": "ADD_ELEMENT", "element": {"cell": [11, 4], "id": "aaaaac", "spec": "inactive", "type": "semaphore", "userPlaced": true}, "category": "DEFAULT", "created": 1621007154800, "id": "58cd01f8-45c3-436c-abce-6575ba03bc3a"}, {"type": "ADD_ELEMENT", "element": {"cell": [9, 7], "id": "aaaaad", "spec": "inactive", "type": "semaphore", "userPlaced": true}, "category": "DEFAULT", "created": 1621007170400, "id": "b1764549-e74f-4260-a3c2-c8dcf7616895"}, {"type": "HIGHLIGHT_TRACK", "value": false, "index": 2, "category": "DEFAULT", "created": 1621007171100, "id": "93503534-5868-4190-a72e-63842612ece1"}, {"type": "ADD_ELEMENT", "element": {"cell": [4, 2], "id": "aaaaae", "spec": "inactive", "type": "signal", "userPlaced": true}, "category": "DEFAULT", "created": 1621007180500, "id": "d7c01912-3999-48eb-b862-0692b5c5bad0"}, {"type": "HIGHLIGHT_TRACK", "value": true, "index": 2, "category": "DEFAULT", "created": 1621007181100, "id": "0ad72947-79cc-4c6c-89cb-beeca8b3cd82"}, {"type": "MOVE_ELEMENT", "startCell": [11, 4], "element": {"cell": [11, 4], "id": "aaaaac", "spec": "inactive", "type": "semaphore", "userPlaced": true}, "category": "DEFAULT", "created": 1621007183700, "id": "08b7600c-e0e2-4356-ad77-0ea54ea35c16"}, {"type": "TOGGLE_ELEMENT", "element": {"cell": [11, 4], "id": "aaaaac", "spec": "active", "type": "semaphore", "userPlaced": true}, "category": "DEFAULT", "created": 1621007183800, "id": "9e7fc76a-b66f-4c42-93a6-a1bd8d3efd9f"}, {"type": "MOVE_ELEMENT", "startCell": [9, 7], "element": {"cell": [9, 7], "id": "aaaaad", "spec": "inactive", "type": "semaphore", "userPlaced": true}, "category": "DEFAULT", "created": 1621007186500, "id": "a68c72f9-36ed-4e05-8bee-b1978c4e2662"}, {"type": "TOGGLE_ELEMENT", "element": {"cell": [9, 7], "id": "aaaaad", "spec": "active", "type": "semaphore", "userPlaced": true}, "category": "DEFAULT", "created": 1621007186500, "id": "669321cf-ee45-4264-90da-e8589cd28c6f"}, {"type": "ADD_ELEMENT", "element": {"cell": [6, 1], "id": "aaaaaf", "spec": "inactive", "type": "signal", "userPlaced": true}, "category": "DEFAULT", "created": 1621007196100, "id": "32f7f8f9-c5b8-4135-95b7-6ee7d4e9f200"}, {"type": "BEGIN_LINK", "element": {"cell": [6, 1], "id": "aaaaaf", "spec": "inactive", "type": "signal", "userPlaced": true}, "category": "DEFAULT", "created": 1621007197700, "id": "89832f85-493f-401c-bf95-ec4f1ea7c1c3"}, {"type": "FINISH_LINK", "element": {"cell": [9, 7], "id": "aaaaad", "spec": "active", "type": "semaphore", "userPlaced": true}, "category": "DEFAULT", "created": 1621007198800, "id": "ae7f9918-d90d-4fc7-b621-17a74c16d38d"}, {"type": "HIGHLIGHT_TRACK", "value": false, "index": 2, "category": "DEFAULT", "created": 1621007199200, "id": "df1cc3af-37e4-4c00-aa7c-377edaeaae55"}, {"type": "HIGHLIGHT_TRACK", "value": true, "index": 2, "category": "DEFAULT", "created": 1621007200100, "id": "7063fcf6-8129-49a4-8e57-7edf745bf859"}, {"type": "BEGIN_LINK", "element": {"cell": [4, 2], "id": "aaaaae", "spec": "inactive", "type": "signal", "userPlaced": true}, "category": "DEFAULT", "created": 1621007200900, "id": "201c5538-c938-44c9-b401-6820ff830a4a"}, {"type": "FINISH_LINK", "element": {"cell": [11, 4], "id": "aaaaac", "spec": "active", "type": "semaphore", "userPlaced": true}, "category": "DEFAULT", "created": 1621007201600, "id": "78e42492-0b35-4469-b4d7-8ff1e7f92ce8"}, {"type": "HIGHLIGHT_TRACK", "value": false, "index": 2, "category": "DEFAULT", "created": 1621007207600, "id": "2c5f4067-4a9a-465b-8631-e6e9544d5bef"}, {"type": "HIGHLIGHT_TRACK", "value": true, "index": 2, "category": "DEFAULT", "created": 1621007208400, "id": "9eb2ba71-3bf4-4a74-9a26-1b5dcc41ed42"}, {"type": "HIGHLIGHT_TRACK", "value": false, "index": 2, "category": "DEFAULT", "created": 1621007210000, "id": "b2c02301-ff7e-494f-9b64-b81be0d02f89"}, {"type": "HIGHLIGHT_TRACK", "value": true, "index": 1, "category": "DEFAULT", "created": 1621007214300, "id": "522ee811-2c6a-42b6-b924-3ce69e67e7c6"}, {"type": "HIGHLIGHT_TRACK", "value": false, "index": 1, "category": "DEFAULT", "created": 1621007214300, "id": "021ab62a-c226-44c8-b940-3ecfa5fd2b4d"}, {"type": "BEGIN_SIMULATION", "current": -1, "total": 949, "category": "DEFAULT", "created": 1621007215200, "id": "8c82c7e3-f52b-4901-af03-34493c4fbd20"}, {"type": "SET_REFLECTION_CONTENT", "content": {"status": "failure", "title": "Unsuccessful Solution", "titleIcon": "failure.png", "subtitle": "Whoops!", "description": "Looks like something went wrong.", "simType": "TEST", "numUserPlacedComponents": 6, "header": "Details on why the goals were not met:", "goals": [{"title": "The thread delivered at least enough packages.", "icon": "thread.png", "status": "success", "actual": 2, "target": 1, "comparison": "gt", "component": {"id": "L_cantaloupe_1001", "type": "thread", "spec": "", "color": 2}, "triggeredFailure": false}, {"title": "The thread failed to deliver enough packages.", "icon": "thread.png", "status": "failure", "actual": 0, "target": 1, "comparison": "gt", "component": {"id": "L_cantaloupe_1002", "type": "thread", "spec": "", "color": 1}, "triggeredFailure": false}, {"title": "The delivery point received at least enough packages.", "icon": "delivery.png", "status": "success", "actual": 2, "target": 1, "comparison": "gt", "component": {"id": "L_cantaloupe_3001", "type": "delivery", "spec": "unlimCondition", "color": 0}, "triggeredFailure": false}, {"title": "The delivery point failed to receive enough packages.", "icon": "delivery.png", "status": "failure", "actual": 0, "target": 1, "comparison": "gt", "component": {"id": "L_cantaloupe_3002", "type": "delivery", "spec": "unlimCondition", "color": 0}, "triggeredFailure": false}, {"title": "The thread starved because it was unable to act for too long.", "icon": "thread.png", "status": "failure", "actual": 64, "target": 64, "comparison": "lt", "component": {"id": "L_cantaloupe_1002", "type": "thread", "spec": "", "color": 1}, "triggeredFailure": true}], "reflections": []}, "category": "SYSTEM", "created": 1621007215200, "id": "31ee9a16-d931-4f5c-ae60-2d4fd3793332"}, {"type": "STOP_SIMULATION", "current": 75, "total": 96, "category": "DEFAULT", "created": 1621007222800, "id": "9c5a8e43-d35c-4c52-a9b5-4e49e7dcc4e7"}, {"type": "ADD_ELEMENT", "element": {"cell": [7, 5], "id": "aaaaak", "spec": "inactive", "type": "semaphore", "userPlaced": true}, "category": "DEFAULT", "created": 1621007226900, "id": "ed1443a4-4340-4044-b8b2-8d501d31150a"}, {"type": "HIGHLIGHT_TRACK", "value": true, "index": 1, "category": "DEFAULT", "created": 1621007227400, "id": "4d4a9880-d527-4b81-ab0a-93852a4a536d"}, {"type": "HIGHLIGHT_TRACK", "value": false, "index": 1, "category": "DEFAULT", "created": 1621007227400, "id": "0a6074b2-8676-4e8b-b280-804719e7d7fa"}, {"type": "HIGHLIGHT_TRACK", "value": true, "index": 2, "category": "DEFAULT", "created": 1621007235700, "id": "b12b8f36-df06-4ab3-87ea-5a08da16a81d"}, {"type": "HIGHLIGHT_TRACK", "value": false, "index": 1, "category": "DEFAULT", "created": 1621007235800, "id": "f6058890-6f28-4b2b-a50b-f5850992f0c1"}, {"type": "MOVE_ELEMENT", "startCell": [9, 7], "element": {"cell": [9, 6], "id": "aaaaad", "spec": "active", "type": "semaphore", "userPlaced": true}, "category": "DEFAULT", "created": 1621007237000, "id": "8a785f31-b457-447e-81c9-fc121ff465d7"}, {"type": "ADD_ELEMENT", "element": {"cell": [9, 7], "id": "aaaaal", "spec": "inactive", "type": "signal", "userPlaced": true}, "category": "DEFAULT", "created": 1621007239800, "id": "2b818604-d1aa-4459-b8ba-df65dc1b81ad"}, {"type": "BEGIN_LINK", "element": {"cell": [9, 7], "id": "aaaaal", "spec": "inactive", "type": "signal", "userPlaced": true}, "category": "DEFAULT", "created": 1621007240300, "id": "ada7bc06-8b26-4678-af33-7961ff0c1330"}, {"type": "FINISH_LINK", "element": {"cell": [7, 5], "id": "aaaaak", "spec": "inactive", "type": "semaphore", "userPlaced": true}, "category": "DEFAULT", "created": 1621007241500, "id": "1ab63533-85c2-411e-87b4-3d339af3d2d7"}, {"type": "HIGHLIGHT_TRACK", "value": true, "index": 1, "category": "DEFAULT", "created": 1621007241800, "id": "c75ba727-1327-4e71-a7f0-862a23741f61"}, {"type": "HIGHLIGHT_TRACK", "value": false, "index": 1, "category": "DEFAULT", "created": 1621007241900, "id": "cc089906-23bb-4d53-8b32-f52bf8a84946"}, {"type": "BEGIN_SIMULATION", "current": -1, "total": 96, "category": "DEFAULT", "created": 1621007247300, "id": "c7a8d656-21e9-49c4-820f-55a16c0cbdd2"}, {"type": "SET_REFLECTION_CONTENT", "content": {"status": "failure", "title": "Unsuccessful Solution", "titleIcon": "failure.png", "subtitle": "Whoops!", "description": "Looks like something went wrong.", "simType": "TEST", "numUserPlacedComponents": 8, "header": "Details on why the goals were not met:", "goals": [{"title": "The thread delivered at least enough packages.", "icon": "thread.png", "status": "success", "actual": 3, "target": 1, "comparison": "gt", "component": {"id": "L_cantaloupe_1001", "type": "thread", "spec": "", "color": 2}, "triggeredFailure": false}, {"title": "The thread failed to deliver enough packages.", "icon": "thread.png", "status": "failure", "actual": 0, "target": 1, "comparison": "gt", "component": {"id": "L_cantaloupe_1002", "type": "thread", "spec": "", "color": 1}, "triggeredFailure": false}, {"title": "The delivery point received at least enough packages.", "icon": "delivery.png", "status": "success", "actual": 3, "target": 1, "comparison": "gt", "component": {"id": "L_cantaloupe_3001", "type": "delivery", "spec": "unlimCondition", "color": 0}, "triggeredFailure": false}, {"title": "The delivery point failed to receive enough packages.", "icon": "delivery.png", "status": "failure", "actual": 0, "target": 1, "comparison": "gt", "component": {"id": "L_cantaloupe_3002", "type": "delivery", "spec": "unlimCondition", "color": 0}, "triggeredFailure": false}, {"title": "The thread starved because it was unable to act for too long.", "icon": "thread.png", "status": "failure", "actual": 64, "target": 64, "comparison": "lt", "component": {"id": "L_cantaloupe_1002", "type": "thread", "spec": "", "color": 1}, "triggeredFailure": true}], "reflections": []}, "category": "SYSTEM", "created": 1621007247400, "id": "b415b0be-112e-4ee6-b3a7-667e51d58bdb"}, {"type": "FINISH_SIMULATION", "current": 144, "total": 145, "category": "DEFAULT", "created": 1621007261900, "id": "9bfee92e-c68f-4c8a-8cbd-90be9f6ac93c"}, {"type": "BOARD_SNAPSHOT", "board": {"map": [[{"id": "L_cantaloupe_000000", "layout": null, "coords": [0, 0]}, {"id": "L_cantaloupe_000001", "layout": null, "coords": [0, 1]}, {"id": "L_cantaloupe_000002", "layout": null, "coords": [0, 2]}, {"id": "L_cantaloupe_000003", "layout": null, "coords": [0, 3]}, {"id": "L_cantaloupe_000004", "layout": null, "coords": [0, 4]}, {"id": "L_cantaloupe_000005", "layout": "C", "orientation": "n", "directions": [1], "coords": [0, 5], "color": [2], "components": []}, {"id": "L_cantaloupe_000006", "layout": "E", "orientation": "e", "directions": [1], "coords": [0, 6], "color": [2], "components": []}, {"id": "L_cantaloupe_000007", "layout": "C", "orientation": "e", "directions": [2], "coords": [0, 7], "color": [2], "components": []}], [{"id": "L_cantaloupe_001000", "layout": null, "coords": [1, 0]}, {"id": "L_cantaloupe_001001", "layout": null, "coords": [1, 1]}, {"id": "L_cantaloupe_001002", "layout": null, "coords": [1, 2]}, {"id": "L_cantaloupe_001003", "layout": null, "coords": [1, 3]}, {"id": "L_cantaloupe_001004", "layout": null, "coords": [1, 4]}, {"id": "L_cantaloupe_001005", "layout": "E", "orientation": "n", "directions": [4], "coords": [1, 5], "color": [2], "components": []}, {"id": "L_cantaloupe_001006", "layout": null, "coords": [1, 6]}, {"id": "L_cantaloupe_001007", "layout": "E", "orientation": "n", "directions": [2], "coords": [1, 7], "color": [2], "components": []}], [{"id": "L_cantaloupe_002000", "layout": null, "coords": [2, 0]}, {"id": "L_cantaloupe_002001", "layout": null, "coords": [2, 1]}, {"id": "L_cantaloupe_002002", "layout": null, "coords": [2, 2]}, {"id": "L_cantaloupe_002003", "layout": null, "coords": [2, 3]}, {"id": "L_cantaloupe_002004", "layout": null, "coords": [2, 4]}, {"id": "L_cantaloupe_002005", "layout": "G", "orientation": "n", "directions": [4], "coords": [2, 5], "color": [2], "components": []}, {"id": "L_cantaloupe_002006", "layout": "E", "orientation": "e", "directions": [3], "coords": [2, 6], "color": [2], "components": []}, {"id": "L_cantaloupe_002007", "layout": "C", "orientation": "s", "directions": [3], "coords": [2, 7], "color": [2], "components": []}], [{"id": "L_cantaloupe_003000", "layout": null, "coords": [3, 0]}, {"id": "L_cantaloupe_003001", "layout": null, "coords": [3, 1]}, {"id": "L_cantaloupe_003002", "layout": null, "coords": [3, 2]}, {"id": "L_cantaloupe_003003", "layout": null, "coords": [3, 3]}, {"id": "L_cantaloupe_003004", "layout": null, "coords": [3, 4]}, {"id": "L_cantaloupe_003005", "layout": "E", "orientation": "n", "directions": [4], "coords": [3, 5], "color": [2], "components": ["aaaaaa"]}, {"id": "L_cantaloupe_003006", "layout": null, "coords": [3, 6]}, {"id": "L_cantaloupe_003007", "layout": null, "coords": [3, 7]}], [{"id": "L_cantaloupe_004000", "layout": null, "coords": [4, 0]}, {"id": "L_cantaloupe_004001", "layout": null, "coords": [4, 1]}, {"id": "L_cantaloupe_004002", "layout": "C", "orientation": "n", "directions": [1], "coords": [4, 2], "color": [2], "components": ["aaaaae"]}, {"id": "L_cantaloupe_004003", "layout": "E", "orientation": "e", "directions": [1], "coords": [4, 3], "color": [2], "components": []}, {"id": "L_cantaloupe_004004", "layout": "E", "orientation": "e", "directions": [1], "coords": [4, 4], "color": [2], "components": []}, {"id": "L_cantaloupe_004005", "layout": "G", "orientation": "w", "directions": [1, 4], "coords": [4, 5], "color": [2], "components": ["L_cantaloupe_5001"]}, {"id": "L_cantaloupe_004006", "layout": "E", "orientation": "e", "directions": [1], "coords": [4, 6], "color": [2], "components": []}, {"id": "L_cantaloupe_004007", "layout": "C", "orientation": "e", "directions": [2], "coords": [4, 7], "color": [2], "components": []}], [{"id": "L_cantaloupe_005000", "layout": null, "coords": [5, 0]}, {"id": "L_cantaloupe_005001", "layout": null, "coords": [5, 1]}, {"id": "L_cantaloupe_005002", "layout": "E", "orientation": "n", "directions": [4], "coords": [5, 2], "color": [2], "components": []}, {"id": "L_cantaloupe_005003", "layout": null, "coords": [5, 3]}, {"id": "L_cantaloupe_005004", "layout": null, "coords": [5, 4]}, {"id": "L_cantaloupe_005005", "layout": null, "coords": [5, 5]}, {"id": "L_cantaloupe_005006", "layout": null, "coords": [5, 6]}, {"id": "L_cantaloupe_005007", "layout": "E", "orientation": "n", "directions": [2], "coords": [5, 7], "color": [2], "components": []}], [{"id": "L_cantaloupe_006000", "layout": "C", "orientation": "n", "directions": [2], "coords": [6, 0], "color": [1], "components": []}, {"id": "L_cantaloupe_006001", "layout": "E", "orientation": "e", "directions": [3], "coords": [6, 1], "color": [1], "components": ["aaaaaf"]}, {"id": "L_cantaloupe_006002", "layout": "O", "orientation": "e", "directions": [3, 4], "coords": [6, 2], "color": [1, 2], "components": ["L_cantaloupe_2001"]}, {"id": "L_cantaloupe_006003", "layout": "E", "orientation": "e", "directions": [3], "coords": [6, 3], "color": [1], "components": []}, {"id": "L_cantaloupe_006004", "layout": "E", "orientation": "e", "directions": [3], "coords": [6, 4], "color": [1], "components": []}, {"id": "L_cantaloupe_006005", "layout": "C", "orientation": "e", "directions": [3], "coords": [6, 5], "color": [1], "components": []}, {"id": "L_cantaloupe_006006", "layout": null, "coords": [6, 6]}, {"id": "L_cantaloupe_006007", "layout": "E", "orientation": "n", "directions": [2], "coords": [6, 7], "color": [2], "components": []}], [{"id": "L_cantaloupe_007000", "layout": "E", "orientation": "n", "directions": [2], "coords": [7, 0], "color": [1], "components": []}, {"id": "L_cantaloupe_007001", "layout": null, "coords": [7, 1]}, {"id": "L_cantaloupe_007002", "layout": "E", "orientation": "n", "directions": [4], "coords": [7, 2], "color": [2], "components": []}, {"id": "L_cantaloupe_007003", "layout": null, "coords": [7, 3]}, {"id": "L_cantaloupe_007004", "layout": null, "coords": [7, 4]}, {"id": "L_cantaloupe_007005", "layout": "E", "orientation": "n", "directions": [4], "coords": [7, 5], "color": [1], "components": ["aaaaak"]}, {"id": "L_cantaloupe_007006", "layout": null, "coords": [7, 6]}, {"id": "L_cantaloupe_007007", "layout": "E", "orientation": "n", "directions": [2], "coords": [7, 7], "color": [2], "components": ["L_cantaloupe_3001"]}], [{"id": "L_cantaloupe_008000", "layout": "E", "orientation": "n", "directions": [2], "coords": [8, 0], "color": [1], "components": []}, {"id": "L_cantaloupe_008001", "layout": null, "coords": [8, 1]}, {"id": "L_cantaloupe_008002", "layout": "E", "orientation": "n", "directions": [4], "coords": [8, 2], "color": [2], "components": []}, {"id": "L_cantaloupe_008003", "layout": null, "coords": [8, 3]}, {"id": "L_cantaloupe_008004", "layout": null, "coords": [8, 4]}, {"id": "L_cantaloupe_008005", "layout": "E", "orientation": "n", "directions": [4], "coords": [8, 5], "color": [1], "components": ["L_cantaloupe_1002"]}, {"id": "L_cantaloupe_008006", "layout": null, "coords": [8, 6]}, {"id": "L_cantaloupe_008007", "layout": "E", "orientation": "n", "directions": [2], "coords": [8, 7], "color": [2], "components": []}], [{"id": "L_cantaloupe_009000", "layout": "E", "orientation": "n", "directions": [2], "coords": [9, 0], "color": [1], "components": []}, {"id": "L_cantaloupe_009001", "layout": null, "coords": [9, 1]}, {"id": "L_cantaloupe_009002", "layout": "C", "orientation": "w", "directions": [4], "coords": [9, 2], "color": [2], "components": []}, {"id": "L_cantaloupe_009003", "layout": "E", "orientation": "e", "directions": [3], "coords": [9, 3], "color": [2], "components": []}, {"id": "L_cantaloupe_009004", "layout": "E", "orientation": "e", "directions": [3], "coords": [9, 4], "color": [2], "components": ["L_cantaloupe_1001"]}, {"id": "L_cantaloupe_009005", "layout": "O", "orientation": "e", "directions": [3, 4], "coords": [9, 5], "color": [1, 2], "components": []}, {"id": "L_cantaloupe_009006", "layout": "E", "orientation": "e", "directions": [3], "coords": [9, 6], "color": [2], "components": ["aaaaad"]}, {"id": "L_cantaloupe_009007", "layout": "C", "orientation": "s", "directions": [3], "coords": [9, 7], "color": [2], "components": ["L_cantaloupe_1001", "aaaaal"]}], [{"id": "L_cantaloupe_010000", "layout": "E", "orientation": "n", "directions": [2], "coords": [10, 0], "color": [1], "components": []}, {"id": "L_cantaloupe_010001", "layout": null, "coords": [10, 1]}, {"id": "L_cantaloupe_010002", "layout": null, "coords": [10, 2]}, {"id": "L_cantaloupe_010003", "layout": null, "coords": [10, 3]}, {"id": "L_cantaloupe_010004", "layout": null, "coords": [10, 4]}, {"id": "L_cantaloupe_010005", "layout": "E", "orientation": "n", "directions": [4], "coords": [10, 5], "color": [1], "components": []}, {"id": "L_cantaloupe_010006", "layout": null, "coords": [10, 6]}, {"id": "L_cantaloupe_010007", "layout": null, "coords": [10, 7]}], [{"id": "L_cantaloupe_011000", "layout": "C", "orientation": "w", "directions": [1], "coords": [11, 0], "color": [1], "components": []}, {"id": "L_cantaloupe_011001", "layout": "E", "orientation": "e", "directions": [1], "coords": [11, 1], "color": [1], "components": []}, {"id": "L_cantaloupe_011002", "layout": "G", "orientation": "e", "directions": [1, 2], "coords": [11, 2], "color": [1], "components": ["L_cantaloupe_5002", "L_cantaloupe_1002"]}, {"id": "L_cantaloupe_011003", "layout": "E", "orientation": "e", "directions": [1], "coords": [11, 3], "color": [1], "components": ["L_cantaloupe_3002"]}, {"id": "L_cantaloupe_011004", "layout": "E", "orientation": "e", "directions": [1], "coords": [11, 4], "color": [1], "components": ["aaaaac"]}, {"id": "L_cantaloupe_011005", "layout": "C", "orientation": "s", "directions": [4], "coords": [11, 5], "color": [1], "components": []}, {"id": "L_cantaloupe_011006", "layout": null, "coords": [11, 6]}, {"id": "L_cantaloupe_011007", "layout": null, "coords": [11, 7]}], [{"id": "L_cantaloupe_012000", "layout": null, "coords": [12, 0]}, {"id": "L_cantaloupe_012001", "layout": null, "coords": [12, 1]}, {"id": "L_cantaloupe_012002", "layout": "E", "orientation": "n", "directions": [2], "coords": [12, 2], "color": [1], "components": ["aaaaab"]}, {"id": "L_cantaloupe_012003", "layout": null, "coords": [12, 3]}, {"id": "L_cantaloupe_012004", "layout": null, "coords": [12, 4]}, {"id": "L_cantaloupe_012005", "layout": null, "coords": [12, 5]}, {"id": "L_cantaloupe_012006", "layout": null, "coords": [12, 6]}, {"id": "L_cantaloupe_012007", "layout": null, "coords": [12, 7]}], [{"id": "L_cantaloupe_013000", "layout": "C", "orientation": "n", "directions": [1], "coords": [13, 0], "color": [1], "components": []}, {"id": "L_cantaloupe_013001", "layout": "E", "orientation": "e", "directions": [1], "coords": [13, 1], "color": [1], "components": []}, {"id": "L_cantaloupe_013002", "layout": "G", "orientation": "s", "directions": [2], "coords": [13, 2], "color": [1], "components": []}, {"id": "L_cantaloupe_013003", "layout": null, "coords": [13, 3]}, {"id": "L_cantaloupe_013004", "layout": null, "coords": [13, 4]}, {"id": "L_cantaloupe_013005", "layout": null, "coords": [13, 5]}, {"id": "L_cantaloupe_013006", "layout": null, "coords": [13, 6]}, {"id": "L_cantaloupe_013007", "layout": null, "coords": [13, 7]}], [{"id": "L_cantaloupe_014000", "layout": "E", "orientation": "n", "directions": [4], "coords": [14, 0], "color": [1], "components": []}, {"id": "L_cantaloupe_014001", "layout": null, "coords": [14, 1]}, {"id": "L_cantaloupe_014002", "layout": "E", "orientation": "n", "directions": [2], "coords": [14, 2], "color": [1], "components": []}, {"id": "L_cantaloupe_014003", "layout": null, "coords": [14, 3]}, {"id": "L_cantaloupe_014004", "layout": null, "coords": [14, 4]}, {"id": "L_cantaloupe_014005", "layout": null, "coords": [14, 5]}, {"id": "L_cantaloupe_014006", "layout": null, "coords": [14, 6]}, {"id": "L_cantaloupe_014007", "layout": null, "coords": [14, 7]}], [{"id": "L_cantaloupe_015000", "layout": "C", "orientation": "w", "directions": [4], "coords": [15, 0], "color": [1], "components": []}, {"id": "L_cantaloupe_015001", "layout": "E", "orientation": "e", "directions": [3], "coords": [15, 1], "color": [1], "components": []}, {"id": "L_cantaloupe_015002", "layout": "C", "orientation": "s", "directions": [3], "coords": [15, 2], "color": [1], "components": []}, {"id": "L_cantaloupe_015003", "layout": null, "coords": [15, 3]}, {"id": "L_cantaloupe_015004", "layout": null, "coords": [15, 4]}, {"id": "L_cantaloupe_015005", "layout": null, "coords": [15, 5]}, {"id": "L_cantaloupe_015006", "layout": null, "coords": [15, 6]}, {"id": "L_cantaloupe_015007", "layout": null, "coords": [15, 7]}]], "components": {"L_cantaloupe_5001": {"cell": [4, 5], "color": 0, "id": "L_cantaloupe_5001", "locked": true, "passed": 1, "spec": "", "type": "conditional", "userPlaced": false, "directionCondition": 3, "directionDefault": 3, "directionsColors": [[], [], [], []], "directionsTypes": [["unlimCondition"], [], [], ["emptyPayload"]]}, "L_cantaloupe_5002": {"cell": [11, 2], "color": 0, "id": "L_cantaloupe_5002", "locked": true, "passed": 1, "spec": "", "type": "conditional", "userPlaced": false, "directionCondition": 3, "directionDefault": 3, "directionsColors": [[], [], [], []], "directionsTypes": [["unlimCondition"], ["emptyPayload"], [], []]}, "L_cantaloupe_3001": {"cell": [7, 7], "color": 0, "delivered": 3, "id": "L_cantaloupe_3001", "locked": true, "passed": 3, "spec": "unlimCondition", "type": "delivery", "userPlaced": false, "acceptedTypes": ["unlimCondition"], "acceptedColors": []}, "L_cantaloupe_3002": {"cell": [11, 3], "color": 0, "delivered": 0, "id": "L_cantaloupe_3002", "locked": true, "passed": 0, "spec": "unlimCondition", "type": "delivery", "userPlaced": false, "acceptedTypes": ["unlimCondition"], "acceptedColors": []}, "L_cantaloupe_2001": {"cell": [6, 2], "color": 1, "id": "L_cantaloupe_2001", "locked": true, "passed": 4, "picked": 3, "spec": "unlimCondition", "type": "pickup", "userPlaced": false}, "aaaaac": {"cell": [11, 4], "id": "aaaaac", "spec": "active", "type": "semaphore", "userPlaced": true}, "aaaaad": {"cell": [9, 6], "id": "aaaaad", "passed": 1, "spec": "inactive", "type": "semaphore", "userPlaced": true}, "aaaaaa": {"cell": [3, 5], "id": "aaaaaa", "spec": "inactive", "type": "semaphore", "userPlaced": true}, "aaaaab": {"cell": [12, 2], "id": "aaaaab", "spec": "inactive", "type": "semaphore", "userPlaced": true}, "aaaaae": {"cell": [4, 2], "id": "aaaaae", "spec": "inactive", "type": "signal", "userPlaced": true, "link": "aaaaac"}, "aaaaaf": {"cell": [6, 1], "id": "aaaaaf", "spec": "inactive", "type": "signal", "userPlaced": true, "link": "aaaaad"}, "L_cantaloupe_1002": {"capacity": -1, "cell": [11, 2], "color": 1, "direction": 1, "id": "L_cantaloupe_1002", "locked": true, "passed": 0, "spec": "", "type": "thread", "userPlaced": false}, "L_cantaloupe_1001": {"capacity": -1, "cell": [9, 7], "color": 2, "delivered": 3, "direction": 2, "id": "L_cantaloupe_1001", "locked": true, "passed": 0, "spec": "", "type": "thread", "userPlaced": false}, "aaaaak": {"cell": [7, 5], "id": "aaaaak", "passed": 1, "spec": "active", "type": "semaphore", "userPlaced": true}, "aaaaal": {"cell": [9, 7], "id": "aaaaal", "spec": "inactive", "type": "signal", "userPlaced": true, "link": "aaaaak"}}}, "category": "DEFAULT", "created": 1621007261900, "id": "4940b69e-5aef-4f05-8ef2-dfeb327902f7"}, {"type": "HIGHLIGHT_TRACK", "value": true, "index": 1, "category": "DEFAULT", "created": 1621007271100, "id": "dcbbe9e2-76dd-40dd-a1a2-1fc8cd9a7f5f"}, {"type": "HIGHLIGHT_TRACK", "value": false, "index": 2, "category": "DEFAULT", "created": 1621007271200, "id": "9cde6641-77c1-4f4b-9c48-617b25b992d1"}, {"type": "HIGHLIGHT_TRACK", "value": true, "index": 2, "category": "DEFAULT", "created": 1621007271400, "id": "ed079ac6-18db-4ec2-8c51-e1f3a3257b5e"}, {"type": "HIGHLIGHT_TRACK", "value": false, "index": 2, "category": "DEFAULT", "created": 1621007277200, "id": "7276fff8-ade5-4413-be7d-10630c1cec14"}, {"type": "MOVE_ELEMENT", "startCell": [9, 6], "element": {"cell": [9, 6], "id": "aaaaad", "spec": "active", "type": "semaphore", "userPlaced": true}, "category": "DEFAULT", "created": 1621007285000, "id": "e33576c9-1618-4aeb-93a3-e4f5da3058bd"}, {"type": "TOGGLE_ELEMENT", "element": {"cell": [9, 6], "id": "aaaaad", "spec": "inactive", "type": "semaphore", "userPlaced": true}, "category": "DEFAULT", "created": 1621007285000, "id": "1457b485-aeb2-47da-9336-547a5cf6ef3a"}, {"type": "BEGIN_SIMULATION", "current": -1, "total": 145, "category": "DEFAULT", "created": 1621007293200, "id": "30ecea85-feb5-4fa9-93de-9fe9bf6abc07"}, {"type": "SET_REFLECTION_CONTENT", "content": {"status": "success", "title": "Successful Solution", "titleIcon": "success.png", "subtitle": "Good job!", "description": "You met the level goal!", "simType": "TEST", "numUserPlacedComponents": 8, "header": "Knowledge Unlocked:", "goals": [{"title": "The thread delivered at least enough packages.", "icon": "thread.png", "status": "success", "actual": 2, "target": 1, "comparison": "gt", "component": {"id": "L_cantaloupe_1001", "type": "thread", "spec": "", "color": 2}, "triggeredFailure": false}, {"title": "The thread delivered at least enough packages.", "icon": "thread.png", "status": "success", "actual": 2, "target": 1, "comparison": "gt", "component": {"id": "L_cantaloupe_1002", "type": "thread", "spec": "", "color": 1}, "triggeredFailure": false}, {"title": "The delivery point received at least enough packages.", "icon": "delivery.png", "status": "success", "actual": 2, "target": 1, "comparison": "gt", "component": {"id": "L_cantaloupe_3001", "type": "delivery", "spec": "unlimCondition", "color": 0}, "triggeredFailure": false}, {"title": "The delivery point received at least enough packages.", "icon": "delivery.png", "status": "success", "actual": 2, "target": 1, "comparison": "gt", "component": {"id": "L_cantaloupe_3002", "type": "delivery", "spec": "unlimCondition", "color": 0}, "triggeredFailure": false}], "reflections": []}, "category": "SYSTEM", "created": 1621007293200, "id": "de9310c4-ea2a-465e-b741-4c5cb183434a"}, {"type": "FINISH_SIMULATION", "current": 160, "total": 161, "category": "DEFAULT", "created": 1621007309400, "id": "fd24480a-883c-45e8-8425-4ad050744e0d"}, {"type": "BOARD_SNAPSHOT", "board": {"map": [[{"id": "L_cantaloupe_000000", "layout": null, "coords": [0, 0]}, {"id": "L_cantaloupe_000001", "layout": null, "coords": [0, 1]}, {"id": "L_cantaloupe_000002", "layout": null, "coords": [0, 2]}, {"id": "L_cantaloupe_000003", "layout": null, "coords": [0, 3]}, {"id": "L_cantaloupe_000004", "layout": null, "coords": [0, 4]}, {"id": "L_cantaloupe_000005", "layout": "C", "orientation": "n", "directions": [1], "coords": [0, 5], "color": [2], "components": []}, {"id": "L_cantaloupe_000006", "layout": "E", "orientation": "e", "directions": [1], "coords": [0, 6], "color": [2], "components": []}, {"id": "L_cantaloupe_000007", "layout": "C", "orientation": "e", "directions": [2], "coords": [0, 7], "color": [2], "components": []}], [{"id": "L_cantaloupe_001000", "layout": null, "coords": [1, 0]}, {"id": "L_cantaloupe_001001", "layout": null, "coords": [1, 1]}, {"id": "L_cantaloupe_001002", "layout": null, "coords": [1, 2]}, {"id": "L_cantaloupe_001003", "layout": null, "coords": [1, 3]}, {"id": "L_cantaloupe_001004", "layout": null, "coords": [1, 4]}, {"id": "L_cantaloupe_001005", "layout": "E", "orientation": "n", "directions": [4], "coords": [1, 5], "color": [2], "components": []}, {"id": "L_cantaloupe_001006", "layout": null, "coords": [1, 6]}, {"id": "L_cantaloupe_001007", "layout": "E", "orientation": "n", "directions": [2], "coords": [1, 7], "color": [2], "components": []}], [{"id": "L_cantaloupe_002000", "layout": null, "coords": [2, 0]}, {"id": "L_cantaloupe_002001", "layout": null, "coords": [2, 1]}, {"id": "L_cantaloupe_002002", "layout": null, "coords": [2, 2]}, {"id": "L_cantaloupe_002003", "layout": null, "coords": [2, 3]}, {"id": "L_cantaloupe_002004", "layout": null, "coords": [2, 4]}, {"id": "L_cantaloupe_002005", "layout": "G", "orientation": "n", "directions": [4], "coords": [2, 5], "color": [2], "components": []}, {"id": "L_cantaloupe_002006", "layout": "E", "orientation": "e", "directions": [3], "coords": [2, 6], "color": [2], "components": []}, {"id": "L_cantaloupe_002007", "layout": "C", "orientation": "s", "directions": [3], "coords": [2, 7], "color": [2], "components": []}], [{"id": "L_cantaloupe_003000", "layout": null, "coords": [3, 0]}, {"id": "L_cantaloupe_003001", "layout": null, "coords": [3, 1]}, {"id": "L_cantaloupe_003002", "layout": null, "coords": [3, 2]}, {"id": "L_cantaloupe_003003", "layout": null, "coords": [3, 3]}, {"id": "L_cantaloupe_003004", "layout": null, "coords": [3, 4]}, {"id": "L_cantaloupe_003005", "layout": "E", "orientation": "n", "directions": [4], "coords": [3, 5], "color": [2], "components": ["aaaaaa"]}, {"id": "L_cantaloupe_003006", "layout": null, "coords": [3, 6]}, {"id": "L_cantaloupe_003007", "layout": null, "coords": [3, 7]}], [{"id": "L_cantaloupe_004000", "layout": null, "coords": [4, 0]}, {"id": "L_cantaloupe_004001", "layout": null, "coords": [4, 1]}, {"id": "L_cantaloupe_004002", "layout": "C", "orientation": "n", "directions": [1], "coords": [4, 2], "color": [2], "components": ["aaaaae"]}, {"id": "L_cantaloupe_004003", "layout": "E", "orientation": "e", "directions": [1], "coords": [4, 3], "color": [2], "components": []}, {"id": "L_cantaloupe_004004", "layout": "E", "orientation": "e", "directions": [1], "coords": [4, 4], "color": [2], "components": []}, {"id": "L_cantaloupe_004005", "layout": "G", "orientation": "w", "directions": [1, 4], "coords": [4, 5], "color": [2], "components": ["L_cantaloupe_5001"]}, {"id": "L_cantaloupe_004006", "layout": "E", "orientation": "e", "directions": [1], "coords": [4, 6], "color": [2], "components": []}, {"id": "L_cantaloupe_004007", "layout": "C", "orientation": "e", "directions": [2], "coords": [4, 7], "color": [2], "components": []}], [{"id": "L_cantaloupe_005000", "layout": null, "coords": [5, 0]}, {"id": "L_cantaloupe_005001", "layout": null, "coords": [5, 1]}, {"id": "L_cantaloupe_005002", "layout": "E", "orientation": "n", "directions": [4], "coords": [5, 2], "color": [2], "components": []}, {"id": "L_cantaloupe_005003", "layout": null, "coords": [5, 3]}, {"id": "L_cantaloupe_005004", "layout": null, "coords": [5, 4]}, {"id": "L_cantaloupe_005005", "layout": null, "coords": [5, 5]}, {"id": "L_cantaloupe_005006", "layout": null, "coords": [5, 6]}, {"id": "L_cantaloupe_005007", "layout": "E", "orientation": "n", "directions": [2], "coords": [5, 7], "color": [2], "components": []}], [{"id": "L_cantaloupe_006000", "layout": "C", "orientation": "n", "directions": [2], "coords": [6, 0], "color": [1], "components": []}, {"id": "L_cantaloupe_006001", "layout": "E", "orientation": "e", "directions": [3], "coords": [6, 1], "color": [1], "components": ["aaaaaf"]}, {"id": "L_cantaloupe_006002", "layout": "O", "orientation": "e", "directions": [3, 4], "coords": [6, 2], "color": [1, 2], "components": ["L_cantaloupe_2001"]}, {"id": "L_cantaloupe_006003", "layout": "E", "orientation": "e", "directions": [3], "coords": [6, 3], "color": [1], "components": []}, {"id": "L_cantaloupe_006004", "layout": "E", "orientation": "e", "directions": [3], "coords": [6, 4], "color": [1], "components": []}, {"id": "L_cantaloupe_006005", "layout": "C", "orientation": "e", "directions": [3], "coords": [6, 5], "color": [1], "components": []}, {"id": "L_cantaloupe_006006", "layout": null, "coords": [6, 6]}, {"id": "L_cantaloupe_006007", "layout": "E", "orientation": "n", "directions": [2], "coords": [6, 7], "color": [2], "components": []}], [{"id": "L_cantaloupe_007000", "layout": "E", "orientation": "n", "directions": [2], "coords": [7, 0], "color": [1], "components": []}, {"id": "L_cantaloupe_007001", "layout": null, "coords": [7, 1]}, {"id": "L_cantaloupe_007002", "layout": "E", "orientation": "n", "directions": [4], "coords": [7, 2], "color": [2], "components": []}, {"id": "L_cantaloupe_007003", "layout": null, "coords": [7, 3]}, {"id": "L_cantaloupe_007004", "layout": null, "coords": [7, 4]}, {"id": "L_cantaloupe_007005", "layout": "E", "orientation": "n", "directions": [4], "coords": [7, 5], "color": [1], "components": ["aaaaak"]}, {"id": "L_cantaloupe_007006", "layout": null, "coords": [7, 6]}, {"id": "L_cantaloupe_007007", "layout": "E", "orientation": "n", "directions": [2], "coords": [7, 7], "color": [2], "components": ["L_cantaloupe_3001"]}], [{"id": "L_cantaloupe_008000", "layout": "E", "orientation": "n", "directions": [2], "coords": [8, 0], "color": [1], "components": []}, {"id": "L_cantaloupe_008001", "layout": null, "coords": [8, 1]}, {"id": "L_cantaloupe_008002", "layout": "E", "orientation": "n", "directions": [4], "coords": [8, 2], "color": [2], "components": []}, {"id": "L_cantaloupe_008003", "layout": null, "coords": [8, 3]}, {"id": "L_cantaloupe_008004", "layout": null, "coords": [8, 4]}, {"id": "L_cantaloupe_008005", "layout": "E", "orientation": "n", "directions": [4], "coords": [8, 5], "color": [1], "components": ["L_cantaloupe_1002"]}, {"id": "L_cantaloupe_008006", "layout": null, "coords": [8, 6]}, {"id": "L_cantaloupe_008007", "layout": "E", "orientation": "n", "directions": [2], "coords": [8, 7], "color": [2], "components": []}], [{"id": "L_cantaloupe_009000", "layout": "E", "orientation": "n", "directions": [2], "coords": [9, 0], "color": [1], "components": []}, {"id": "L_cantaloupe_009001", "layout": null, "coords": [9, 1]}, {"id": "L_cantaloupe_009002", "layout": "C", "orientation": "w", "directions": [4], "coords": [9, 2], "color": [2], "components": []}, {"id": "L_cantaloupe_009003", "layout": "E", "orientation": "e", "directions": [3], "coords": [9, 3], "color": [2], "components": []}, {"id": "L_cantaloupe_009004", "layout": "E", "orientation": "e", "directions": [3], "coords": [9, 4], "color": [2], "components": ["L_cantaloupe_1001"]}, {"id": "L_cantaloupe_009005", "layout": "O", "orientation": "e", "directions": [3, 4], "coords": [9, 5], "color": [1, 2], "components": []}, {"id": "L_cantaloupe_009006", "layout": "E", "orientation": "e", "directions": [3], "coords": [9, 6], "color": [2], "components": ["aaaaad"]}, {"id": "L_cantaloupe_009007", "layout": "C", "orientation": "s", "directions": [3], "coords": [9, 7], "color": [2], "components": ["L_cantaloupe_1001", "aaaaal"]}], [{"id": "L_cantaloupe_010000", "layout": "E", "orientation": "n", "directions": [2], "coords": [10, 0], "color": [1], "components": []}, {"id": "L_cantaloupe_010001", "layout": null, "coords": [10, 1]}, {"id": "L_cantaloupe_010002", "layout": null, "coords": [10, 2]}, {"id": "L_cantaloupe_010003", "layout": null, "coords": [10, 3]}, {"id": "L_cantaloupe_010004", "layout": null, "coords": [10, 4]}, {"id": "L_cantaloupe_010005", "layout": "E", "orientation": "n", "directions": [4], "coords": [10, 5], "color": [1], "components": []}, {"id": "L_cantaloupe_010006", "layout": null, "coords": [10, 6]}, {"id": "L_cantaloupe_010007", "layout": null, "coords": [10, 7]}], [{"id": "L_cantaloupe_011000", "layout": "C", "orientation": "w", "directions": [1], "coords": [11, 0], "color": [1], "components": []}, {"id": "L_cantaloupe_011001", "layout": "E", "orientation": "e", "directions": [1], "coords": [11, 1], "color": [1], "components": []}, {"id": "L_cantaloupe_011002", "layout": "G", "orientation": "e", "directions": [1, 2], "coords": [11, 2], "color": [1], "components": ["L_cantaloupe_5002"]}, {"id": "L_cantaloupe_011003", "layout": "E", "orientation": "e", "directions": [1], "coords": [11, 3], "color": [1], "components": ["L_cantaloupe_3002", "L_cantaloupe_1002"]}, {"id": "L_cantaloupe_011004", "layout": "E", "orientation": "e", "directions": [1], "coords": [11, 4], "color": [1], "components": ["aaaaac"]}, {"id": "L_cantaloupe_011005", "layout": "C", "orientation": "s", "directions": [4], "coords": [11, 5], "color": [1], "components": []}, {"id": "L_cantaloupe_011006", "layout": null, "coords": [11, 6]}, {"id": "L_cantaloupe_011007", "layout": null, "coords": [11, 7]}], [{"id": "L_cantaloupe_012000", "layout": null, "coords": [12, 0]}, {"id": "L_cantaloupe_012001", "layout": null, "coords": [12, 1]}, {"id": "L_cantaloupe_012002", "layout": "E", "orientation": "n", "directions": [2], "coords": [12, 2], "color": [1], "components": ["aaaaab"]}, {"id": "L_cantaloupe_012003", "layout": null, "coords": [12, 3]}, {"id": "L_cantaloupe_012004", "layout": null, "coords": [12, 4]}, {"id": "L_cantaloupe_012005", "layout": null, "coords": [12, 5]}, {"id": "L_cantaloupe_012006", "layout": null, "coords": [12, 6]}, {"id": "L_cantaloupe_012007", "layout": null, "coords": [12, 7]}], [{"id": "L_cantaloupe_013000", "layout": "C", "orientation": "n", "directions": [1], "coords": [13, 0], "color": [1], "components": []}, {"id": "L_cantaloupe_013001", "layout": "E", "orientation": "e", "directions": [1], "coords": [13, 1], "color": [1], "components": []}, {"id": "L_cantaloupe_013002", "layout": "G", "orientation": "s", "directions": [2], "coords": [13, 2], "color": [1], "components": []}, {"id": "L_cantaloupe_013003", "layout": null, "coords": [13, 3]}, {"id": "L_cantaloupe_013004", "layout": null, "coords": [13, 4]}, {"id": "L_cantaloupe_013005", "layout": null, "coords": [13, 5]}, {"id": "L_cantaloupe_013006", "layout": null, "coords": [13, 6]}, {"id": "L_cantaloupe_013007", "layout": null, "coords": [13, 7]}], [{"id": "L_cantaloupe_014000", "layout": "E", "orientation": "n", "directions": [4], "coords": [14, 0], "color": [1], "components": []}, {"id": "L_cantaloupe_014001", "layout": null, "coords": [14, 1]}, {"id": "L_cantaloupe_014002", "layout": "E", "orientation": "n", "directions": [2], "coords": [14, 2], "color": [1], "components": []}, {"id": "L_cantaloupe_014003", "layout": null, "coords": [14, 3]}, {"id": "L_cantaloupe_014004", "layout": null, "coords": [14, 4]}, {"id": "L_cantaloupe_014005", "layout": null, "coords": [14, 5]}, {"id": "L_cantaloupe_014006", "layout": null, "coords": [14, 6]}, {"id": "L_cantaloupe_014007", "layout": null, "coords": [14, 7]}], [{"id": "L_cantaloupe_015000", "layout": "C", "orientation": "w", "directions": [4], "coords": [15, 0], "color": [1], "components": []}, {"id": "L_cantaloupe_015001", "layout": "E", "orientation": "e", "directions": [3], "coords": [15, 1], "color": [1], "components": []}, {"id": "L_cantaloupe_015002", "layout": "C", "orientation": "s", "directions": [3], "coords": [15, 2], "color": [1], "components": []}, {"id": "L_cantaloupe_015003", "layout": null, "coords": [15, 3]}, {"id": "L_cantaloupe_015004", "layout": null, "coords": [15, 4]}, {"id": "L_cantaloupe_015005", "layout": null, "coords": [15, 5]}, {"id": "L_cantaloupe_015006", "layout": null, "coords": [15, 6]}, {"id": "L_cantaloupe_015007", "layout": null, "coords": [15, 7]}]], "components": {"L_cantaloupe_5001": {"cell": [4, 5], "color": 0, "id": "L_cantaloupe_5001", "locked": true, "passed": 1, "spec": "", "type": "conditional", "userPlaced": false, "directionCondition": 3, "directionDefault": 3, "directionsColors": [[], [], [], []], "directionsTypes": [["unlimCondition"], [], [], ["emptyPayload"]]}, "L_cantaloupe_5002": {"cell": [11, 2], "color": 0, "id": "L_cantaloupe_5002", "locked": true, "passed": 1, "spec": "", "type": "conditional", "userPlaced": false, "directionCondition": 3, "directionDefault": 3, "directionsColors": [[], [], [], []], "directionsTypes": [["unlimCondition"], ["emptyPayload"], [], []]}, "L_cantaloupe_3001": {"cell": [7, 7], "color": 0, "delivered": 2, "id": "L_cantaloupe_3001", "locked": true, "passed": 2, "spec": "unlimCondition", "type": "delivery", "userPlaced": false, "acceptedTypes": ["unlimCondition"], "acceptedColors": []}, "L_cantaloupe_3002": {"cell": [11, 3], "color": 0, "delivered": 2, "id": "L_cantaloupe_3002", "locked": true, "passed": 2, "spec": "unlimCondition", "type": "delivery", "userPlaced": false, "acceptedTypes": ["unlimCondition"], "acceptedColors": []}, "L_cantaloupe_2001": {"cell": [6, 2], "color": 1, "id": "L_cantaloupe_2001", "locked": true, "passed": 4, "picked": 4, "spec": "unlimCondition", "type": "pickup", "userPlaced": false}, "aaaaac": {"cell": [11, 4], "id": "aaaaac", "passed": 1, "spec": "active", "type": "semaphore", "userPlaced": true}, "aaaaad": {"cell": [9, 6], "id": "aaaaad", "passed": 1, "spec": "active", "type": "semaphore", "userPlaced": true}, "aaaaaa": {"cell": [3, 5], "id": "aaaaaa", "spec": "inactive", "type": "semaphore", "userPlaced": true}, "aaaaab": {"cell": [12, 2], "id": "aaaaab", "spec": "inactive", "type": "semaphore", "userPlaced": true}, "aaaaae": {"cell": [4, 2], "id": "aaaaae", "spec": "inactive", "type": "signal", "userPlaced": true, "link": "aaaaac"}, "aaaaaf": {"cell": [6, 1], "id": "aaaaaf", "spec": "inactive", "type": "signal", "userPlaced": true, "link": "aaaaad"}, "L_cantaloupe_1002": {"capacity": -1, "cell": [11, 3], "color": 1, "delivered": 2, "direction": 1, "id": "L_cantaloupe_1002", "locked": true, "passed": 0, "spec": "", "type": "thread", "userPlaced": false}, "L_cantaloupe_1001": {"capacity": -1, "cell": [9, 7], "color": 2, "delivered": 2, "direction": 2, "id": "L_cantaloupe_1001", "locked": true, "passed": 0, "spec": "", "type": "thread", "userPlaced": false}, "aaaaak": {"cell": [7, 5], "id": "aaaaak", "passed": 1, "spec": "inactive", "type": "semaphore", "userPlaced": true}, "aaaaal": {"cell": [9, 7], "id": "aaaaal", "spec": "inactive", "type": "signal", "userPlaced": true, "link": "aaaaak"}}}, "category": "DEFAULT", "created": 1621007309400, "id": "aef89c7f-da67-40e7-b9b9-cd7e0d4027f2"}, {"type": "SHOW_MESSAGE", "message": "Uploading log data...", "category": "DEFAULT", "created": 1621007323600, "id": "33a3172e-353a-4569-9f99-579c66486d0e"}], "metadata": {"platform": "5.0 (Windows)", "playerId": "60e1b8b4-5167-4772-8b73-597d67928dfb"}}