{"id": "44e69456-7f4c-4701-afa3-d2b34de63d59", "created": 1624618974, "events": [{"type": "BEGIN_LEVEL_LOAD", "name": "orange", "order": "5", "category": "SYSTEM", "created": 1624619136797, "id": "50bd40c1-2546-4c65-9385-aca1edffd476"}, {"type": "BOARD_SNAPSHOT", "board": {"map": [[{"id": "L_orange_000000", "layout": null, "coords": [0, 0]}, {"id": "L_orange_000001", "layout": null, "coords": [0, 1]}, {"id": "L_orange_000002", "layout": "C", "orientation": "n", "directions": [2], "coords": [0, 2], "color": [2], "components": []}, {"id": "L_orange_000003", "layout": "E", "orientation": "e", "directions": [3], "coords": [0, 3], "color": [2], "components": []}, {"id": "L_orange_000004", "layout": "E", "orientation": "e", "directions": [3], "coords": [0, 4], "color": [2], "components": []}, {"id": "L_orange_000005", "layout": "E", "orientation": "e", "directions": [3], "coords": [0, 5], "color": [2], "components": ["L_orange_1001"]}, {"id": "L_orange_000006", "layout": "E", "orientation": "e", "directions": [3], "coords": [0, 6], "color": [2], "components": []}, {"id": "L_orange_000007", "layout": "C", "orientation": "e", "directions": [3], "coords": [0, 7], "color": [2], "components": []}], [{"id": "L_orange_001000", "layout": null, "coords": [1, 0]}, {"id": "L_orange_001001", "layout": null, "coords": [1, 1]}, {"id": "L_orange_001002", "layout": "E", "orientation": "n", "directions": [2], "coords": [1, 2], "color": [2], "components": []}, {"id": "L_orange_001003", "layout": null, "coords": [1, 3]}, {"id": "L_orange_001004", "layout": null, "coords": [1, 4]}, {"id": "L_orange_001005", "layout": null, "coords": [1, 5]}, {"id": "L_orange_001006", "layout": null, "coords": [1, 6]}, {"id": "L_orange_001007", "layout": "E", "orientation": "n", "directions": [4], "coords": [1, 7], "color": [2], "components": []}], [{"id": "L_orange_002000", "layout": "C", "orientation": "n", "directions": [1], "coords": [2, 0], "color": [1], "components": []}, {"id": "L_orange_002001", "layout": "E", "orientation": "e", "directions": [1], "coords": [2, 1], "color": [1], "components": []}, {"id": "L_orange_002002", "layout": "O", "orientation": "e", "directions": [1, 2], "coords": [2, 2], "color": [1, 2], "components": ["L_orange_2001"]}, {"id": "L_orange_002003", "layout": "E", "orientation": "e", "directions": [1], "coords": [2, 3], "color": [1], "components": []}, {"id": "L_orange_002004", "layout": "E", "orientation": "e", "directions": [1], "coords": [2, 4], "color": [1], "components": []}, {"id": "L_orange_002005", "layout": "C", "orientation": "e", "directions": [2], "coords": [2, 5], "color": [1], "components": []}, {"id": "L_orange_002006", "layout": null, "coords": [2, 6]}, {"id": "L_orange_002007", "layout": "E", "orientation": "n", "directions": [4], "coords": [2, 7], "color": [2], "components": []}], [{"id": "L_orange_003000", "layout": "E", "orientation": "n", "directions": [4], "coords": [3, 0], "color": [1], "components": []}, {"id": "L_orange_003001", "layout": null, "coords": [3, 1]}, {"id": "L_orange_003002", "layout": "E", "orientation": "n", "directions": [2], "coords": [3, 2], "color": [2], "components": []}, {"id": "L_orange_003003", "layout": null, "coords": [3, 3]}, {"id": "L_orange_003004", "layout": null, "coords": [3, 4]}, {"id": "L_orange_003005", "layout": "E", "orientation": "n", "directions": [2], "coords": [3, 5], "color": [1], "components": []}, {"id": "L_orange_003006", "layout": null, "coords": [3, 6]}, {"id": "L_orange_003007", "layout": "E", "orientation": "n", "directions": [4], "coords": [3, 7], "color": [2], "components": ["L_orange_3001"]}], [{"id": "L_orange_004000", "layout": "E", "orientation": "n", "directions": [4], "coords": [4, 0], "color": [1], "components": []}, {"id": "L_orange_004001", "layout": null, "coords": [4, 1]}, {"id": "L_orange_004002", "layout": "E", "orientation": "n", "directions": [2], "coords": [4, 2], "color": [2], "components": []}, {"id": "L_orange_004003", "layout": null, "coords": [4, 3]}, {"id": "L_orange_004004", "layout": null, "coords": [4, 4]}, {"id": "L_orange_004005", "layout": "E", "orientation": "n", "directions": [2], "coords": [4, 5], "color": [1], "components": []}, {"id": "L_orange_004006", "layout": null, "coords": [4, 6]}, {"id": "L_orange_004007", "layout": "E", "orientation": "n", "directions": [4], "coords": [4, 7], "color": [2], "components": []}], [{"id": "L_orange_005000", "layout": "E", "orientation": "n", "directions": [4], "coords": [5, 0], "color": [1], "components": ["L_orange_1002"]}, {"id": "L_orange_005001", "layout": null, "coords": [5, 1]}, {"id": "L_orange_005002", "layout": "C", "orientation": "w", "directions": [1], "coords": [5, 2], "color": [2], "components": []}, {"id": "L_orange_005003", "layout": "E", "orientation": "e", "directions": [1], "coords": [5, 3], "color": [2], "components": []}, {"id": "L_orange_005004", "layout": "E", "orientation": "e", "directions": [1], "coords": [5, 4], "color": [2], "components": []}, {"id": "L_orange_005005", "layout": "O", "orientation": "e", "directions": [1, 2], "coords": [5, 5], "color": [1, 2], "components": []}, {"id": "L_orange_005006", "layout": "E", "orientation": "e", "directions": [1], "coords": [5, 6], "color": [2], "components": []}, {"id": "L_orange_005007", "layout": "C", "orientation": "s", "directions": [4], "coords": [5, 7], "color": [2], "components": []}], [{"id": "L_orange_006000", "layout": "E", "orientation": "n", "directions": [4], "coords": [6, 0], "color": [1], "components": []}, {"id": "L_orange_006001", "layout": null, "coords": [6, 1]}, {"id": "L_orange_006002", "layout": null, "coords": [6, 2]}, {"id": "L_orange_006003", "layout": null, "coords": [6, 3]}, {"id": "L_orange_006004", "layout": null, "coords": [6, 4]}, {"id": "L_orange_006005", "layout": "E", "orientation": "n", "directions": [2], "coords": [6, 5], "color": [1], "components": []}, {"id": "L_orange_006006", "layout": null, "coords": [6, 6]}, {"id": "L_orange_006007", "layout": null, "coords": [6, 7]}], [{"id": "L_orange_007000", "layout": "C", "orientation": "w", "directions": [4], "coords": [7, 0], "color": [1], "components": []}, {"id": "L_orange_007001", "layout": "E", "orientation": "e", "directions": [3], "coords": [7, 1], "color": [1], "components": []}, {"id": "L_orange_007002", "layout": "E", "orientation": "e", "directions": [3], "coords": [7, 2], "color": [1], "components": []}, {"id": "L_orange_007003", "layout": "E", "orientation": "e", "directions": [3], "coords": [7, 3], "color": [1], "components": ["L_orange_3002"]}, {"id": "L_orange_007004", "layout": "E", "orientation": "e", "directions": [3], "coords": [7, 4], "color": [1], "components": []}, {"id": "L_orange_007005", "layout": "C", "orientation": "s", "directions": [3], "coords": [7, 5], "color": [1], "components": []}, {"id": "L_orange_007006", "layout": null, "coords": [7, 6]}, {"id": "L_orange_007007", "layout": null, "coords": [7, 7]}]], "components": {"L_orange_1001": {"capacity": -1, "cell": [0, 5], "color": 2, "direction": 3, "id": "L_orange_1001", "locked": true, "passed": 0, "spec": "", "type": "thread", "userPlaced": false}, "L_orange_1002": {"capacity": -1, "cell": [5, 0], "color": 1, "direction": 4, "id": "L_orange_1002", "locked": true, "passed": 0, "spec": "", "type": "thread", "userPlaced": false}, "L_orange_2001": {"cell": [2, 2], "color": 1, "id": "L_orange_2001", "locked": true, "passed": 0, "picked": 0, "spec": "unlimCondition", "type": "pickup", "userPlaced": false}, "L_orange_3001": {"cell": [3, 7], "color": 0, "delivered": 0, "id": "L_orange_3001", "locked": true, "passed": 0, "spec": "unlimCondition", "type": "delivery", "userPlaced": false, "acceptedTypes": ["unlimCondition"], "acceptedColors": []}, "L_orange_3002": {"cell": [7, 3], "color": 0, "delivered": 0, "id": "L_orange_3002", "locked": true, "passed": 0, "spec": "unlimCondition", "type": "delivery", "userPlaced": false, "acceptedTypes": ["unlimCondition"], "acceptedColors": []}}}, "category": "DEFAULT", "created": 1624619136830, "id": "7186b243-ba39-4840-b0e2-d6794bfe01ea"}, {"type": "FINISH_LEVEL_LOAD", "name": "orange", "order": "5", "category": "SYSTEM", "created": 1624619136831, "id": "242365f2-7587-4011-81d5-4df9230d787b"}, {"type": "ADD_ELEMENT", "element": {"cell": [2, 1], "id": "aaaabg", "spec": "inactive", "type": "semaphore", "userPlaced": true}, "category": "DEFAULT", "created": 1624619144290, "id": "3d92b05d-6ef8-4b7e-b219-0c335ce2000d"}, {"type": "MOVE_ELEMENT", "startCell": [2, 1], "element": {"cell": [2, 1], "id": "aaaabg", "spec": "inactive", "type": "semaphore", "userPlaced": true}, "category": "DEFAULT", "created": 1624619145121, "id": "eaa6123b-cb69-45f2-8f8c-8d70cbcfa184"}, {"type": "TOGGLE_ELEMENT", "element": {"cell": [2, 1], "id": "aaaabg", "spec": "active", "type": "semaphore", "userPlaced": true}, "category": "DEFAULT", "created": 1624619145125, "id": "d52d2639-f922-4753-bcc6-4973a65deb24"}, {"type": "ADD_ELEMENT", "element": {"cell": [1, 2], "id": "aaaabh", "spec": "inactive", "type": "semaphore", "userPlaced": true}, "category": "DEFAULT", "created": 1624619149037, "id": "5ed91e58-b28d-4787-a499-fcc37f971fc5"}, {"type": "HIGHLIGHT_TRACK", "value": true, "index": 1, "category": "DEFAULT", "created": 1624619162660, "id": "75969384-3588-4e0e-a3bc-aed845d3d116"}, {"type": "ADD_ELEMENT", "element": {"cell": [7, 2], "id": "aaaabi", "spec": "inactive", "type": "signal", "userPlaced": true}, "category": "DEFAULT", "created": 1624619163377, "id": "da24fbaa-f075-4c95-932a-a1d6fb927d75"}, {"type": "ADD_ELEMENT", "element": {"cell": [2, 7], "id": "aaaabj", "spec": "inactive", "type": "signal", "userPlaced": true}, "category": "DEFAULT", "created": 1624619165568, "id": "a95773a4-06a0-47c8-a78a-16becad9308e"}, {"type": "BEGIN_LINK", "element": {"cell": [7, 2], "id": "aaaabi", "spec": "inactive", "type": "signal", "userPlaced": true}, "category": "DEFAULT", "created": 1624619178517, "id": "4a88db66-2b71-409e-8f35-0b6b4bbb2bc6"}, {"type": "FINISH_LINK", "element": {"cell": [1, 2], "id": "aaaabh", "spec": "inactive", "type": "semaphore", "userPlaced": true}, "category": "DEFAULT", "created": 1624619179564, "id": "a694e6e9-d022-455b-bb47-f3c29cf97090"}, {"type": "BEGIN_LINK", "element": {"cell": [2, 7], "id": "aaaabj", "spec": "inactive", "type": "signal", "userPlaced": true}, "category": "DEFAULT", "created": 1624619180749, "id": "a3df61cb-09d7-4945-9ff7-c977f6b2c316"}, {"type": "FINISH_LINK", "element": {"cell": [2, 1], "id": "aaaabg", "spec": "active", "type": "semaphore", "userPlaced": true}, "category": "DEFAULT", "created": 1624619181711, "id": "c752ee12-6253-4b1a-bfa2-eecac9057cbf"}, {"type": "BEGIN_SIMULATION", "current": -1, "total": null, "category": "DEFAULT", "created": 1624619184219, "id": "3ebb9e5c-f1bc-487c-aeea-a80991a38b7f"}, {"type": "SET_REFLECTION_CONTENT", "content": {"status": "success", "title": "Successful Solution", "titleIcon": "success.png", "subtitle": "Good job!", "description": "You successfully prevented Starvation!", "simType": "TEST", "numUserPlacedComponents": 4, "header": "Knowledge Unlocked:", "goals": [{"title": "The pickup did not have too many packages picked up.", "icon": "pickup.png", "status": "success", "actual": 2, "target": 5, "comparison": "lt", "component": {"id": "L_orange_2001", "type": "pickup", "spec": "unlimCondition", "color": 1}, "triggeredFailure": false}, {"title": "The delivery point received at least enough packages.", "icon": "delivery.png", "status": "success", "actual": 1, "target": 0, "comparison": "gt", "component": {"id": "L_orange_3001", "type": "delivery", "spec": "unlimCondition", "color": 0}, "triggeredFailure": false}, {"title": "The delivery point received at least enough packages.", "icon": "delivery.png", "status": "success", "actual": 1, "target": 0, "comparison": "gt", "component": {"id": "L_orange_3002", "type": "delivery", "spec": "unlimCondition", "color": 0}, "triggeredFailure": false}], "reflections": [{"description": "This level showcases Starvation, which occurs when a thread is blocked or prevented from reaching the resource it needs to complete its goal in the program.", "media": "ConcurrencyGifStarvation", "mediaType": "gif"}]}, "category": "SYSTEM", "created": 1624619184231, "id": "b2b93248-bdc0-4a42-97c2-e978b9848994"}, {"type": "SKIP_SIMULATION", "current": 11, "total": 77, "category": "DEFAULT", "created": 1624619185483, "id": "c404598e-c8fa-4e2e-af78-bafd1eae0588"}, {"type": "FINISH_SIMULATION", "current": 76, "total": 77, "category": "DEFAULT", "created": 1624619185692, "id": "bdef859c-b529-4e65-88f1-cccef6b4d7c2"}, {"type": "BOARD_SNAPSHOT", "board": {"map": [[{"id": "L_orange_000000", "layout": null, "coords": [0, 0]}, {"id": "L_orange_000001", "layout": null, "coords": [0, 1]}, {"id": "L_orange_000002", "layout": "C", "orientation": "n", "directions": [2], "coords": [0, 2], "color": [2], "components": ["L_orange_1001"]}, {"id": "L_orange_000003", "layout": "E", "orientation": "e", "directions": [3], "coords": [0, 3], "color": [2], "components": []}, {"id": "L_orange_000004", "layout": "E", "orientation": "e", "directions": [3], "coords": [0, 4], "color": [2], "components": []}, {"id": "L_orange_000005", "layout": "E", "orientation": "e", "directions": [3], "coords": [0, 5], "color": [2], "components": ["L_orange_1001"]}, {"id": "L_orange_000006", "layout": "E", "orientation": "e", "directions": [3], "coords": [0, 6], "color": [2], "components": []}, {"id": "L_orange_000007", "layout": "C", "orientation": "e", "directions": [3], "coords": [0, 7], "color": [2], "components": []}], [{"id": "L_orange_001000", "layout": null, "coords": [1, 0]}, {"id": "L_orange_001001", "layout": null, "coords": [1, 1]}, {"id": "L_orange_001002", "layout": "E", "orientation": "n", "directions": [2], "coords": [1, 2], "color": [2], "components": ["aaaabh"]}, {"id": "L_orange_001003", "layout": null, "coords": [1, 3]}, {"id": "L_orange_001004", "layout": null, "coords": [1, 4]}, {"id": "L_orange_001005", "layout": null, "coords": [1, 5]}, {"id": "L_orange_001006", "layout": null, "coords": [1, 6]}, {"id": "L_orange_001007", "layout": "E", "orientation": "n", "directions": [4], "coords": [1, 7], "color": [2], "components": []}], [{"id": "L_orange_002000", "layout": "C", "orientation": "n", "directions": [1], "coords": [2, 0], "color": [1], "components": []}, {"id": "L_orange_002001", "layout": "E", "orientation": "e", "directions": [1], "coords": [2, 1], "color": [1], "components": ["aaaabg"]}, {"id": "L_orange_002002", "layout": "O", "orientation": "e", "directions": [1, 2], "coords": [2, 2], "color": [1, 2], "components": ["L_orange_2001", "L_orange_1002", "L_orange_20010"]}, {"id": "L_orange_002003", "layout": "E", "orientation": "e", "directions": [1], "coords": [2, 3], "color": [1], "components": []}, {"id": "L_orange_002004", "layout": "E", "orientation": "e", "directions": [1], "coords": [2, 4], "color": [1], "components": []}, {"id": "L_orange_002005", "layout": "C", "orientation": "e", "directions": [2], "coords": [2, 5], "color": [1], "components": []}, {"id": "L_orange_002006", "layout": null, "coords": [2, 6]}, {"id": "L_orange_002007", "layout": "E", "orientation": "n", "directions": [4], "coords": [2, 7], "color": [2], "components": ["aaaabj"]}], [{"id": "L_orange_003000", "layout": "E", "orientation": "n", "directions": [4], "coords": [3, 0], "color": [1], "components": []}, {"id": "L_orange_003001", "layout": null, "coords": [3, 1]}, {"id": "L_orange_003002", "layout": "E", "orientation": "n", "directions": [2], "coords": [3, 2], "color": [2], "components": []}, {"id": "L_orange_003003", "layout": null, "coords": [3, 3]}, {"id": "L_orange_003004", "layout": null, "coords": [3, 4]}, {"id": "L_orange_003005", "layout": "E", "orientation": "n", "directions": [2], "coords": [3, 5], "color": [1], "components": []}, {"id": "L_orange_003006", "layout": null, "coords": [3, 6]}, {"id": "L_orange_003007", "layout": "E", "orientation": "n", "directions": [4], "coords": [3, 7], "color": [2], "components": ["L_orange_3001"]}], [{"id": "L_orange_004000", "layout": "E", "orientation": "n", "directions": [4], "coords": [4, 0], "color": [1], "components": []}, {"id": "L_orange_004001", "layout": null, "coords": [4, 1]}, {"id": "L_orange_004002", "layout": "E", "orientation": "n", "directions": [2], "coords": [4, 2], "color": [2], "components": []}, {"id": "L_orange_004003", "layout": null, "coords": [4, 3]}, {"id": "L_orange_004004", "layout": null, "coords": [4, 4]}, {"id": "L_orange_004005", "layout": "E", "orientation": "n", "directions": [2], "coords": [4, 5], "color": [1], "components": []}, {"id": "L_orange_004006", "layout": null, "coords": [4, 6]}, {"id": "L_orange_004007", "layout": "E", "orientation": "n", "directions": [4], "coords": [4, 7], "color": [2], "components": []}], [{"id": "L_orange_005000", "layout": "E", "orientation": "n", "directions": [4], "coords": [5, 0], "color": [1], "components": ["L_orange_1002"]}, {"id": "L_orange_005001", "layout": null, "coords": [5, 1]}, {"id": "L_orange_005002", "layout": "C", "orientation": "w", "directions": [1], "coords": [5, 2], "color": [2], "components": []}, {"id": "L_orange_005003", "layout": "E", "orientation": "e", "directions": [1], "coords": [5, 3], "color": [2], "components": []}, {"id": "L_orange_005004", "layout": "E", "orientation": "e", "directions": [1], "coords": [5, 4], "color": [2], "components": []}, {"id": "L_orange_005005", "layout": "O", "orientation": "e", "directions": [1, 2], "coords": [5, 5], "color": [1, 2], "components": []}, {"id": "L_orange_005006", "layout": "E", "orientation": "e", "directions": [1], "coords": [5, 6], "color": [2], "components": []}, {"id": "L_orange_005007", "layout": "C", "orientation": "s", "directions": [4], "coords": [5, 7], "color": [2], "components": []}], [{"id": "L_orange_006000", "layout": "E", "orientation": "n", "directions": [4], "coords": [6, 0], "color": [1], "components": []}, {"id": "L_orange_006001", "layout": null, "coords": [6, 1]}, {"id": "L_orange_006002", "layout": null, "coords": [6, 2]}, {"id": "L_orange_006003", "layout": null, "coords": [6, 3]}, {"id": "L_orange_006004", "layout": null, "coords": [6, 4]}, {"id": "L_orange_006005", "layout": "E", "orientation": "n", "directions": [2], "coords": [6, 5], "color": [1], "components": []}, {"id": "L_orange_006006", "layout": null, "coords": [6, 6]}, {"id": "L_orange_006007", "layout": null, "coords": [6, 7]}], [{"id": "L_orange_007000", "layout": "C", "orientation": "w", "directions": [4], "coords": [7, 0], "color": [1], "components": []}, {"id": "L_orange_007001", "layout": "E", "orientation": "e", "directions": [3], "coords": [7, 1], "color": [1], "components": []}, {"id": "L_orange_007002", "layout": "E", "orientation": "e", "directions": [3], "coords": [7, 2], "color": [1], "components": ["aaaabi"]}, {"id": "L_orange_007003", "layout": "E", "orientation": "e", "directions": [3], "coords": [7, 3], "color": [1], "components": ["L_orange_3002"]}, {"id": "L_orange_007004", "layout": "E", "orientation": "e", "directions": [3], "coords": [7, 4], "color": [1], "components": []}, {"id": "L_orange_007005", "layout": "C", "orientation": "s", "directions": [3], "coords": [7, 5], "color": [1], "components": []}, {"id": "L_orange_007006", "layout": null, "coords": [7, 6]}, {"id": "L_orange_007007", "layout": null, "coords": [7, 7]}]], "components": {"L_orange_3001": {"cell": [3, 7], "color": 0, "delivered": 0, "id": "L_orange_3001", "locked": true, "passed": 0, "spec": "unlimCondition", "type": "delivery", "userPlaced": false, "acceptedTypes": ["unlimCondition"], "acceptedColors": []}, "L_orange_3002": {"cell": [7, 3], "color": 0, "delivered": 0, "id": "L_orange_3002", "locked": true, "passed": 0, "spec": "unlimCondition", "type": "delivery", "userPlaced": false, "acceptedTypes": ["unlimCondition"], "acceptedColors": []}, "L_orange_2001": {"cell": [2, 2], "color": 1, "id": "L_orange_2001", "locked": true, "passed": 1, "picked": 1, "spec": "unlimCondition", "type": "pickup", "userPlaced": false}, "aaaabg": {"cell": [2, 1], "id": "aaaabg", "passed": 1, "spec": "inactive", "type": "semaphore", "userPlaced": true}, "aaaabh": {"cell": [1, 2], "id": "aaaabh", "spec": "inactive", "type": "semaphore", "userPlaced": true}, "aaaabi": {"cell": [7, 2], "id": "aaaabi", "spec": "inactive", "type": "signal", "userPlaced": true, "link": "aaaabh"}, "aaaabj": {"cell": [2, 7], "id": "aaaabj", "spec": "inactive", "type": "signal", "userPlaced": true, "link": "aaaabg"}, "L_orange_1002": {"capacity": -1, "cell": [2, 2], "color": 1, "direction": 1, "id": "L_orange_1002", "locked": true, "passed": 0, "spec": "", "type": "thread", "userPlaced": false}, "L_orange_1001": {"capacity": -1, "cell": [0, 2], "color": 2, "direction": 3, "id": "L_orange_1001", "locked": true, "passed": 0, "spec": "", "type": "thread", "userPlaced": false}, "L_orange_20010": {"cell": [2, 2], "delivered": false, "id": "L_orange_20010", "spec": "unlimCondition", "type": "package"}}}, "category": "DEFAULT", "created": 1624619185715, "id": "a68b7fba-74e0-411b-890e-8bde52d19776"}, {"type": "BEGIN_SIMULATION", "current": -1, "total": 77, "category": "DEFAULT", "created": 1624619189367, "id": "7f6317c8-8127-4969-8e4f-ea730125db0b"}, {"type": "SET_REFLECTION_CONTENT", "content": {"status": "success", "title": "Successful Solution", "titleIcon": "success.png", "subtitle": "Good job!", "description": "You successfully prevented Starvation!", "simType": "SUBMIT", "numUserPlacedComponents": 4, "header": "Knowledge Unlocked:", "goals": [{"title": "The pickup did not have too many packages picked up.", "icon": "pickup.png", "status": "success", "actual": 2, "target": 5, "comparison": "lt", "component": {"id": "L_orange_2001", "type": "pickup", "spec": "unlimCondition", "color": 1}, "triggeredFailure": false}, {"title": "The delivery point received at least enough packages.", "icon": "delivery.png", "status": "success", "actual": 1, "target": 0, "comparison": "gt", "component": {"id": "L_orange_3001", "type": "delivery", "spec": "unlimCondition", "color": 0}, "triggeredFailure": false}, {"title": "The delivery point received at least enough packages.", "icon": "delivery.png", "status": "success", "actual": 1, "target": 0, "comparison": "gt", "component": {"id": "L_orange_3002", "type": "delivery", "spec": "unlimCondition", "color": 0}, "triggeredFailure": false}], "reflections": [{"description": "This level showcases Starvation, which occurs when a thread is blocked or prevented from reaching the resource it needs to complete its goal in the program.", "media": "ConcurrencyGifStarvation", "mediaType": "gif"}]}, "category": "SYSTEM", "created": 1624619194251, "id": "9c3f5c2c-cb94-4fbf-b5c5-adf555a2b76a"}, {"type": "SKIP_SIMULATION", "current": 15, "total": 77, "category": "DEFAULT", "created": 1624619195934, "id": "3efcbf8b-9ed0-48d8-b241-8fce25600520"}, {"type": "FINISH_SIMULATION", "current": 76, "total": 77, "category": "DEFAULT", "created": 1624619196092, "id": "2727c945-db3e-4278-92b1-949544978756"}, {"type": "BOARD_SNAPSHOT", "board": {"map": [[{"id": "L_orange_000000", "layout": null, "coords": [0, 0]}, {"id": "L_orange_000001", "layout": null, "coords": [0, 1]}, {"id": "L_orange_000002", "layout": "C", "orientation": "n", "directions": [2], "coords": [0, 2], "color": [2], "components": ["L_orange_1001"]}, {"id": "L_orange_000003", "layout": "E", "orientation": "e", "directions": [3], "coords": [0, 3], "color": [2], "components": []}, {"id": "L_orange_000004", "layout": "E", "orientation": "e", "directions": [3], "coords": [0, 4], "color": [2], "components": []}, {"id": "L_orange_000005", "layout": "E", "orientation": "e", "directions": [3], "coords": [0, 5], "color": [2], "components": ["L_orange_1001"]}, {"id": "L_orange_000006", "layout": "E", "orientation": "e", "directions": [3], "coords": [0, 6], "color": [2], "components": []}, {"id": "L_orange_000007", "layout": "C", "orientation": "e", "directions": [3], "coords": [0, 7], "color": [2], "components": []}], [{"id": "L_orange_001000", "layout": null, "coords": [1, 0]}, {"id": "L_orange_001001", "layout": null, "coords": [1, 1]}, {"id": "L_orange_001002", "layout": "E", "orientation": "n", "directions": [2], "coords": [1, 2], "color": [2], "components": ["aaaabh"]}, {"id": "L_orange_001003", "layout": null, "coords": [1, 3]}, {"id": "L_orange_001004", "layout": null, "coords": [1, 4]}, {"id": "L_orange_001005", "layout": null, "coords": [1, 5]}, {"id": "L_orange_001006", "layout": null, "coords": [1, 6]}, {"id": "L_orange_001007", "layout": "E", "orientation": "n", "directions": [4], "coords": [1, 7], "color": [2], "components": []}], [{"id": "L_orange_002000", "layout": "C", "orientation": "n", "directions": [1], "coords": [2, 0], "color": [1], "components": []}, {"id": "L_orange_002001", "layout": "E", "orientation": "e", "directions": [1], "coords": [2, 1], "color": [1], "components": ["aaaabg"]}, {"id": "L_orange_002002", "layout": "O", "orientation": "e", "directions": [1, 2], "coords": [2, 2], "color": [1, 2], "components": ["L_orange_2001"]}, {"id": "L_orange_002003", "layout": "E", "orientation": "e", "directions": [1], "coords": [2, 3], "color": [1], "components": ["L_orange_20010"]}, {"id": "L_orange_002004", "layout": "E", "orientation": "e", "directions": [1], "coords": [2, 4], "color": [1], "components": ["L_orange_1002"]}, {"id": "L_orange_002005", "layout": "C", "orientation": "e", "directions": [2], "coords": [2, 5], "color": [1], "components": []}, {"id": "L_orange_002006", "layout": null, "coords": [2, 6]}, {"id": "L_orange_002007", "layout": "E", "orientation": "n", "directions": [4], "coords": [2, 7], "color": [2], "components": ["aaaabj"]}], [{"id": "L_orange_003000", "layout": "E", "orientation": "n", "directions": [4], "coords": [3, 0], "color": [1], "components": []}, {"id": "L_orange_003001", "layout": null, "coords": [3, 1]}, {"id": "L_orange_003002", "layout": "E", "orientation": "n", "directions": [2], "coords": [3, 2], "color": [2], "components": []}, {"id": "L_orange_003003", "layout": null, "coords": [3, 3]}, {"id": "L_orange_003004", "layout": null, "coords": [3, 4]}, {"id": "L_orange_003005", "layout": "E", "orientation": "n", "directions": [2], "coords": [3, 5], "color": [1], "components": []}, {"id": "L_orange_003006", "layout": null, "coords": [3, 6]}, {"id": "L_orange_003007", "layout": "E", "orientation": "n", "directions": [4], "coords": [3, 7], "color": [2], "components": ["L_orange_3001"]}], [{"id": "L_orange_004000", "layout": "E", "orientation": "n", "directions": [4], "coords": [4, 0], "color": [1], "components": []}, {"id": "L_orange_004001", "layout": null, "coords": [4, 1]}, {"id": "L_orange_004002", "layout": "E", "orientation": "n", "directions": [2], "coords": [4, 2], "color": [2], "components": []}, {"id": "L_orange_004003", "layout": null, "coords": [4, 3]}, {"id": "L_orange_004004", "layout": null, "coords": [4, 4]}, {"id": "L_orange_004005", "layout": "E", "orientation": "n", "directions": [2], "coords": [4, 5], "color": [1], "components": []}, {"id": "L_orange_004006", "layout": null, "coords": [4, 6]}, {"id": "L_orange_004007", "layout": "E", "orientation": "n", "directions": [4], "coords": [4, 7], "color": [2], "components": []}], [{"id": "L_orange_005000", "layout": "E", "orientation": "n", "directions": [4], "coords": [5, 0], "color": [1], "components": ["L_orange_1002"]}, {"id": "L_orange_005001", "layout": null, "coords": [5, 1]}, {"id": "L_orange_005002", "layout": "C", "orientation": "w", "directions": [1], "coords": [5, 2], "color": [2], "components": []}, {"id": "L_orange_005003", "layout": "E", "orientation": "e", "directions": [1], "coords": [5, 3], "color": [2], "components": []}, {"id": "L_orange_005004", "layout": "E", "orientation": "e", "directions": [1], "coords": [5, 4], "color": [2], "components": []}, {"id": "L_orange_005005", "layout": "O", "orientation": "e", "directions": [1, 2], "coords": [5, 5], "color": [1, 2], "components": []}, {"id": "L_orange_005006", "layout": "E", "orientation": "e", "directions": [1], "coords": [5, 6], "color": [2], "components": []}, {"id": "L_orange_005007", "layout": "C", "orientation": "s", "directions": [4], "coords": [5, 7], "color": [2], "components": []}], [{"id": "L_orange_006000", "layout": "E", "orientation": "n", "directions": [4], "coords": [6, 0], "color": [1], "components": []}, {"id": "L_orange_006001", "layout": null, "coords": [6, 1]}, {"id": "L_orange_006002", "layout": null, "coords": [6, 2]}, {"id": "L_orange_006003", "layout": null, "coords": [6, 3]}, {"id": "L_orange_006004", "layout": null, "coords": [6, 4]}, {"id": "L_orange_006005", "layout": "E", "orientation": "n", "directions": [2], "coords": [6, 5], "color": [1], "components": []}, {"id": "L_orange_006006", "layout": null, "coords": [6, 6]}, {"id": "L_orange_006007", "layout": null, "coords": [6, 7]}], [{"id": "L_orange_007000", "layout": "C", "orientation": "w", "directions": [4], "coords": [7, 0], "color": [1], "components": []}, {"id": "L_orange_007001", "layout": "E", "orientation": "e", "directions": [3], "coords": [7, 1], "color": [1], "components": []}, {"id": "L_orange_007002", "layout": "E", "orientation": "e", "directions": [3], "coords": [7, 2], "color": [1], "components": ["aaaabi"]}, {"id": "L_orange_007003", "layout": "E", "orientation": "e", "directions": [3], "coords": [7, 3], "color": [1], "components": ["L_orange_3002"]}, {"id": "L_orange_007004", "layout": "E", "orientation": "e", "directions": [3], "coords": [7, 4], "color": [1], "components": []}, {"id": "L_orange_007005", "layout": "C", "orientation": "s", "directions": [3], "coords": [7, 5], "color": [1], "components": []}, {"id": "L_orange_007006", "layout": null, "coords": [7, 6]}, {"id": "L_orange_007007", "layout": null, "coords": [7, 7]}]], "components": {"L_orange_3001": {"cell": [3, 7], "color": 0, "delivered": 0, "id": "L_orange_3001", "locked": true, "passed": 0, "spec": "unlimCondition", "type": "delivery", "userPlaced": false, "acceptedTypes": ["unlimCondition"], "acceptedColors": []}, "L_orange_3002": {"cell": [7, 3], "color": 0, "delivered": 0, "id": "L_orange_3002", "locked": true, "passed": 0, "spec": "unlimCondition", "type": "delivery", "userPlaced": false, "acceptedTypes": ["unlimCondition"], "acceptedColors": []}, "L_orange_2001": {"cell": [2, 2], "color": 1, "id": "L_orange_2001", "locked": true, "passed": 1, "picked": 1, "spec": "unlimCondition", "type": "pickup", "userPlaced": false}, "aaaabg": {"cell": [2, 1], "id": "aaaabg", "passed": 1, "spec": "inactive", "type": "semaphore", "userPlaced": true}, "aaaabh": {"cell": [1, 2], "id": "aaaabh", "spec": "inactive", "type": "semaphore", "userPlaced": true}, "aaaabi": {"cell": [7, 2], "id": "aaaabi", "spec": "inactive", "type": "signal", "userPlaced": true, "link": "aaaabh"}, "aaaabj": {"cell": [2, 7], "id": "aaaabj", "spec": "inactive", "type": "signal", "userPlaced": true, "link": "aaaabg"}, "L_orange_1002": {"capacity": -1, "cell": [2, 4], "color": 1, "direction": 1, "id": "L_orange_1002", "locked": true, "passed": 0, "spec": "", "type": "thread", "userPlaced": false}, "L_orange_1001": {"capacity": -1, "cell": [0, 2], "color": 2, "direction": 3, "id": "L_orange_1001", "locked": true, "passed": 0, "spec": "", "type": "thread", "userPlaced": false}, "L_orange_20010": {"cell": [2, 3], "delivered": false, "id": "L_orange_20010", "spec": "unlimCondition", "type": "package"}}}, "category": "DEFAULT", "created": 1624619196107, "id": "48ac037a-43cb-4795-9759-a5b067c3c8fa"}, {"type": "SHOW_MESSAGE", "message": "Uploading log data...", "category": "DEFAULT", "created": 1624619198463, "id": "7dae81c4-c2e4-4554-a849-d3ddc91da86c"}], "metadata": {"platform": "5.0 (Windows NT 10.0; Win64; x64) AppleWebKit/537.36 (KHTML, like Gecko) Chrome/91.0.4472.114 Safari/537.36", "playerId": "09227a0d-8455-402a-9201-d5128b4d51f2"}}