{"id": "48a119ff-73df-4007-8c3d-f33098aa8f74", "created": 1624617349, "events": [{"type": "BEGIN_LEVEL_LOAD", "name": "orange", "order": "5", "category": "SYSTEM", "created": 1624617609545, "id": "68164737-4499-4e96-a776-8d120d16d222"}, {"type": "BOARD_SNAPSHOT", "board": {"map": [[{"id": "L_orange_000000", "layout": null, "coords": [0, 0]}, {"id": "L_orange_000001", "layout": null, "coords": [0, 1]}, {"id": "L_orange_000002", "layout": "C", "orientation": "n", "directions": [2], "coords": [0, 2], "color": [2], "components": []}, {"id": "L_orange_000003", "layout": "E", "orientation": "e", "directions": [3], "coords": [0, 3], "color": [2], "components": []}, {"id": "L_orange_000004", "layout": "E", "orientation": "e", "directions": [3], "coords": [0, 4], "color": [2], "components": []}, {"id": "L_orange_000005", "layout": "E", "orientation": "e", "directions": [3], "coords": [0, 5], "color": [2], "components": ["L_orange_1001"]}, {"id": "L_orange_000006", "layout": "E", "orientation": "e", "directions": [3], "coords": [0, 6], "color": [2], "components": []}, {"id": "L_orange_000007", "layout": "C", "orientation": "e", "directions": [3], "coords": [0, 7], "color": [2], "components": []}], [{"id": "L_orange_001000", "layout": null, "coords": [1, 0]}, {"id": "L_orange_001001", "layout": null, "coords": [1, 1]}, {"id": "L_orange_001002", "layout": "E", "orientation": "n", "directions": [2], "coords": [1, 2], "color": [2], "components": []}, {"id": "L_orange_001003", "layout": null, "coords": [1, 3]}, {"id": "L_orange_001004", "layout": null, "coords": [1, 4]}, {"id": "L_orange_001005", "layout": null, "coords": [1, 5]}, {"id": "L_orange_001006", "layout": null, "coords": [1, 6]}, {"id": "L_orange_001007", "layout": "E", "orientation": "n", "directions": [4], "coords": [1, 7], "color": [2], "components": []}], [{"id": "L_orange_002000", "layout": "C", "orientation": "n", "directions": [1], "coords": [2, 0], "color": [1], "components": []}, {"id": "L_orange_002001", "layout": "E", "orientation": "e", "directions": [1], "coords": [2, 1], "color": [1], "components": []}, {"id": "L_orange_002002", "layout": "O", "orientation": "e", "directions": [1, 2], "coords": [2, 2], "color": [1, 2], "components": ["L_orange_2001"]}, {"id": "L_orange_002003", "layout": "E", "orientation": "e", "directions": [1], "coords": [2, 3], "color": [1], "components": []}, {"id": "L_orange_002004", "layout": "E", "orientation": "e", "directions": [1], "coords": [2, 4], "color": [1], "components": []}, {"id": "L_orange_002005", "layout": "C", "orientation": "e", "directions": [2], "coords": [2, 5], "color": [1], "components": []}, {"id": "L_orange_002006", "layout": null, "coords": [2, 6]}, {"id": "L_orange_002007", "layout": "E", "orientation": "n", "directions": [4], "coords": [2, 7], "color": [2], "components": []}], [{"id": "L_orange_003000", "layout": "E", "orientation": "n", "directions": [4], "coords": [3, 0], "color": [1], "components": []}, {"id": "L_orange_003001", "layout": null, "coords": [3, 1]}, {"id": "L_orange_003002", "layout": "E", "orientation": "n", "directions": [2], "coords": [3, 2], "color": [2], "components": []}, {"id": "L_orange_003003", "layout": null, "coords": [3, 3]}, {"id": "L_orange_003004", "layout": null, "coords": [3, 4]}, {"id": "L_orange_003005", "layout": "E", "orientation": "n", "directions": [2], "coords": [3, 5], "color": [1], "components": []}, {"id": "L_orange_003006", "layout": null, "coords": [3, 6]}, {"id": "L_orange_003007", "layout": "E", "orientation": "n", "directions": [4], "coords": [3, 7], "color": [2], "components": ["L_orange_3001"]}], [{"id": "L_orange_004000", "layout": "E", "orientation": "n", "directions": [4], "coords": [4, 0], "color": [1], "components": []}, {"id": "L_orange_004001", "layout": null, "coords": [4, 1]}, {"id": "L_orange_004002", "layout": "E", "orientation": "n", "directions": [2], "coords": [4, 2], "color": [2], "components": []}, {"id": "L_orange_004003", "layout": null, "coords": [4, 3]}, {"id": "L_orange_004004", "layout": null, "coords": [4, 4]}, {"id": "L_orange_004005", "layout": "E", "orientation": "n", "directions": [2], "coords": [4, 5], "color": [1], "components": []}, {"id": "L_orange_004006", "layout": null, "coords": [4, 6]}, {"id": "L_orange_004007", "layout": "E", "orientation": "n", "directions": [4], "coords": [4, 7], "color": [2], "components": []}], [{"id": "L_orange_005000", "layout": "E", "orientation": "n", "directions": [4], "coords": [5, 0], "color": [1], "components": ["L_orange_1002"]}, {"id": "L_orange_005001", "layout": null, "coords": [5, 1]}, {"id": "L_orange_005002", "layout": "C", "orientation": "w", "directions": [1], "coords": [5, 2], "color": [2], "components": []}, {"id": "L_orange_005003", "layout": "E", "orientation": "e", "directions": [1], "coords": [5, 3], "color": [2], "components": []}, {"id": "L_orange_005004", "layout": "E", "orientation": "e", "directions": [1], "coords": [5, 4], "color": [2], "components": []}, {"id": "L_orange_005005", "layout": "O", "orientation": "e", "directions": [1, 2], "coords": [5, 5], "color": [1, 2], "components": []}, {"id": "L_orange_005006", "layout": "E", "orientation": "e", "directions": [1], "coords": [5, 6], "color": [2], "components": []}, {"id": "L_orange_005007", "layout": "C", "orientation": "s", "directions": [4], "coords": [5, 7], "color": [2], "components": []}], [{"id": "L_orange_006000", "layout": "E", "orientation": "n", "directions": [4], "coords": [6, 0], "color": [1], "components": []}, {"id": "L_orange_006001", "layout": null, "coords": [6, 1]}, {"id": "L_orange_006002", "layout": null, "coords": [6, 2]}, {"id": "L_orange_006003", "layout": null, "coords": [6, 3]}, {"id": "L_orange_006004", "layout": null, "coords": [6, 4]}, {"id": "L_orange_006005", "layout": "E", "orientation": "n", "directions": [2], "coords": [6, 5], "color": [1], "components": []}, {"id": "L_orange_006006", "layout": null, "coords": [6, 6]}, {"id": "L_orange_006007", "layout": null, "coords": [6, 7]}], [{"id": "L_orange_007000", "layout": "C", "orientation": "w", "directions": [4], "coords": [7, 0], "color": [1], "components": []}, {"id": "L_orange_007001", "layout": "E", "orientation": "e", "directions": [3], "coords": [7, 1], "color": [1], "components": []}, {"id": "L_orange_007002", "layout": "E", "orientation": "e", "directions": [3], "coords": [7, 2], "color": [1], "components": []}, {"id": "L_orange_007003", "layout": "E", "orientation": "e", "directions": [3], "coords": [7, 3], "color": [1], "components": ["L_orange_3002"]}, {"id": "L_orange_007004", "layout": "E", "orientation": "e", "directions": [3], "coords": [7, 4], "color": [1], "components": []}, {"id": "L_orange_007005", "layout": "C", "orientation": "s", "directions": [3], "coords": [7, 5], "color": [1], "components": []}, {"id": "L_orange_007006", "layout": null, "coords": [7, 6]}, {"id": "L_orange_007007", "layout": null, "coords": [7, 7]}]], "components": {"L_orange_1001": {"capacity": -1, "cell": [0, 5], "color": 2, "direction": 3, "id": "L_orange_1001", "locked": true, "passed": 0, "spec": "", "type": "thread", "userPlaced": false}, "L_orange_1002": {"capacity": -1, "cell": [5, 0], "color": 1, "direction": 4, "id": "L_orange_1002", "locked": true, "passed": 0, "spec": "", "type": "thread", "userPlaced": false}, "L_orange_2001": {"cell": [2, 2], "color": 1, "id": "L_orange_2001", "locked": true, "passed": 0, "picked": 0, "spec": "unlimCondition", "type": "pickup", "userPlaced": false}, "L_orange_3001": {"cell": [3, 7], "color": 0, "delivered": 0, "id": "L_orange_3001", "locked": true, "passed": 0, "spec": "unlimCondition", "type": "delivery", "userPlaced": false, "acceptedTypes": ["unlimCondition"], "acceptedColors": []}, "L_orange_3002": {"cell": [7, 3], "color": 0, "delivered": 0, "id": "L_orange_3002", "locked": true, "passed": 0, "spec": "unlimCondition", "type": "delivery", "userPlaced": false, "acceptedTypes": ["unlimCondition"], "acceptedColors": []}}}, "category": "DEFAULT", "created": 1624617609575, "id": "ece17bf3-5dd0-41d4-80dc-9d5c74e97fac"}, {"type": "FINISH_LEVEL_LOAD", "name": "orange", "order": "5", "category": "SYSTEM", "created": 1624617609579, "id": "8163f9b7-b4d6-4831-8f85-5a63d99a7194"}, {"type": "ADD_ELEMENT", "element": {"cell": [6, 0], "id": "aaaaaq", "spec": "inactive", "type": "signal", "userPlaced": true}, "category": "DEFAULT", "created": 1624617617344, "id": "331b762a-2dcc-4b54-b912-aa447584e7de"}, {"type": "MOVE_ELEMENT", "startCell": [6, 0], "element": {"cell": [7, 2], "id": "aaaaaq", "spec": "inactive", "type": "signal", "userPlaced": true}, "category": "DEFAULT", "created": 1624617619207, "id": "9c90bf16-e3de-4a8f-9749-dabb674f106c"}, {"type": "ADD_ELEMENT", "element": {"cell": [2, 7], "id": "aaaaar", "spec": "inactive", "type": "signal", "userPlaced": true}, "category": "DEFAULT", "created": 1624617627831, "id": "767fd72a-5e70-41d4-9137-82f999c8bd88"}, {"type": "ADD_ELEMENT", "element": {"cell": [0, 4], "id": "aaaaas", "spec": "inactive", "type": "semaphore", "userPlaced": true}, "category": "DEFAULT", "created": 1624617633448, "id": "7e495e90-4096-4f83-bb1a-d577b12b8f89"}, {"type": "ADD_ELEMENT", "element": {"cell": [4, 0], "id": "aaaaat", "spec": "inactive", "type": "semaphore", "userPlaced": true}, "category": "DEFAULT", "created": 1624617635753, "id": "8d541b4a-1929-4bfa-8562-df2dbf55f48a"}, {"type": "HIGHLIGHT_TRACK", "value": true, "index": 2, "category": "DEFAULT", "created": 1624617636471, "id": "0fcb2be1-3d68-4b3b-beac-ededb9f63073"}, {"type": "MOVE_ELEMENT", "startCell": [0, 4], "element": {"cell": [0, 4], "id": "aaaaas", "spec": "inactive", "type": "semaphore", "userPlaced": true}, "category": "DEFAULT", "created": 1624617637448, "id": "89ed8fd5-ff79-4419-a621-e2e4ad9a7da8"}, {"type": "TOGGLE_ELEMENT", "element": {"cell": [0, 4], "id": "aaaaas", "spec": "active", "type": "semaphore", "userPlaced": true}, "category": "DEFAULT", "created": 1624617637454, "id": "f7a24267-f429-4742-8af3-b562c0eb6736"}, {"type": "HIGHLIGHT_TRACK", "value": false, "index": 1, "category": "DEFAULT", "created": 1624617638753, "id": "90a5c69d-a4f7-4650-87e3-a291e4e3de14"}, {"type": "BEGIN_LINK", "element": {"cell": [7, 2], "id": "aaaaaq", "spec": "inactive", "type": "signal", "userPlaced": true}, "category": "DEFAULT", "created": 1624617640911, "id": "d07736b3-b78e-4ea5-aebf-893c585a6996"}, {"type": "FINISH_LINK", "element": {"cell": [0, 4], "id": "aaaaas", "spec": "active", "type": "semaphore", "userPlaced": true}, "category": "DEFAULT", "created": 1624617642187, "id": "e9935eeb-f9d8-4939-b4b9-b63d4220b97c"}, {"type": "BEGIN_LINK", "element": {"cell": [2, 7], "id": "aaaaar", "spec": "inactive", "type": "signal", "userPlaced": true}, "category": "DEFAULT", "created": 1624617643418, "id": "9b6f51b9-3021-4711-8a25-47cd6aa85380"}, {"type": "FINISH_LINK", "element": {"cell": [4, 0], "id": "aaaaat", "spec": "inactive", "type": "semaphore", "userPlaced": true}, "category": "DEFAULT", "created": 1624617644693, "id": "e7387067-8bd8-48b0-958a-aa9c34a76c8e"}, {"type": "BEGIN_SIMULATION", "current": -1, "total": null, "category": "DEFAULT", "created": 1624617646819, "id": "468e16d7-78ed-4c79-aae2-eda34a991fc5"}, {"type": "SET_REFLECTION_CONTENT", "content": {"status": "success", "title": "Successful Solution", "titleIcon": "success.png", "subtitle": "Good job!", "description": "You successfully prevented Starvation!", "simType": "TEST", "numUserPlacedComponents": 4, "header": "Knowledge Unlocked:", "goals": [{"title": "The pickup did not have too many packages picked up.", "icon": "pickup.png", "status": "success", "actual": 2, "target": 5, "comparison": "lt", "component": {"id": "L_orange_2001", "type": "pickup", "spec": "unlimCondition", "color": 1}, "triggeredFailure": false}, {"title": "The delivery point received at least enough packages.", "icon": "delivery.png", "status": "success", "actual": 1, "target": 0, "comparison": "gt", "component": {"id": "L_orange_3001", "type": "delivery", "spec": "unlimCondition", "color": 0}, "triggeredFailure": false}, {"title": "The delivery point received at least enough packages.", "icon": "delivery.png", "status": "success", "actual": 1, "target": 0, "comparison": "gt", "component": {"id": "L_orange_3002", "type": "delivery", "spec": "unlimCondition", "color": 0}, "triggeredFailure": false}], "reflections": [{"description": "This level showcases Starvation, which occurs when a thread is blocked or prevented from reaching the resource it needs to complete its goal in the program.", "media": "ConcurrencyGifStarvation", "mediaType": "gif"}]}, "category": "SYSTEM", "created": 1624617646829, "id": "39beea9a-f1f5-4107-a530-80fa3c3111a2"}, {"type": "SKIP_SIMULATION", "current": 11, "total": 74, "category": "DEFAULT", "created": 1624617648141, "id": "ae2cf84f-2159-4340-8490-dc5d0f7b7f78"}, {"type": "FINISH_SIMULATION", "current": 73, "total": 74, "category": "DEFAULT", "created": 1624617648288, "id": "8bd21de3-ed40-4e46-860b-c84d0cac6979"}, {"type": "BOARD_SNAPSHOT", "board": {"map": [[{"id": "L_orange_000000", "layout": null, "coords": [0, 0]}, {"id": "L_orange_000001", "layout": null, "coords": [0, 1]}, {"id": "L_orange_000002", "layout": "C", "orientation": "n", "directions": [2], "coords": [0, 2], "color": [2], "components": []}, {"id": "L_orange_000003", "layout": "E", "orientation": "e", "directions": [3], "coords": [0, 3], "color": [2], "components": []}, {"id": "L_orange_000004", "layout": "E", "orientation": "e", "directions": [3], "coords": [0, 4], "color": [2], "components": ["aaaaas"]}, {"id": "L_orange_000005", "layout": "E", "orientation": "e", "directions": [3], "coords": [0, 5], "color": [2], "components": ["L_orange_1001"]}, {"id": "L_orange_000006", "layout": "E", "orientation": "e", "directions": [3], "coords": [0, 6], "color": [2], "components": []}, {"id": "L_orange_000007", "layout": "C", "orientation": "e", "directions": [3], "coords": [0, 7], "color": [2], "components": []}], [{"id": "L_orange_001000", "layout": null, "coords": [1, 0]}, {"id": "L_orange_001001", "layout": null, "coords": [1, 1]}, {"id": "L_orange_001002", "layout": "E", "orientation": "n", "directions": [2], "coords": [1, 2], "color": [2], "components": []}, {"id": "L_orange_001003", "layout": null, "coords": [1, 3]}, {"id": "L_orange_001004", "layout": null, "coords": [1, 4]}, {"id": "L_orange_001005", "layout": null, "coords": [1, 5]}, {"id": "L_orange_001006", "layout": null, "coords": [1, 6]}, {"id": "L_orange_001007", "layout": "E", "orientation": "n", "directions": [4], "coords": [1, 7], "color": [2], "components": []}], [{"id": "L_orange_002000", "layout": "C", "orientation": "n", "directions": [1], "coords": [2, 0], "color": [1], "components": []}, {"id": "L_orange_002001", "layout": "E", "orientation": "e", "directions": [1], "coords": [2, 1], "color": [1], "components": []}, {"id": "L_orange_002002", "layout": "O", "orientation": "e", "directions": [1, 2], "coords": [2, 2], "color": [1, 2], "components": ["L_orange_2001", "L_orange_20010"]}, {"id": "L_orange_002003", "layout": "E", "orientation": "e", "directions": [1], "coords": [2, 3], "color": [1], "components": []}, {"id": "L_orange_002004", "layout": "E", "orientation": "e", "directions": [1], "coords": [2, 4], "color": [1], "components": []}, {"id": "L_orange_002005", "layout": "C", "orientation": "e", "directions": [2], "coords": [2, 5], "color": [1], "components": []}, {"id": "L_orange_002006", "layout": null, "coords": [2, 6]}, {"id": "L_orange_002007", "layout": "E", "orientation": "n", "directions": [4], "coords": [2, 7], "color": [2], "components": ["aaaaar"]}], [{"id": "L_orange_003000", "layout": "E", "orientation": "n", "directions": [4], "coords": [3, 0], "color": [1], "components": []}, {"id": "L_orange_003001", "layout": null, "coords": [3, 1]}, {"id": "L_orange_003002", "layout": "E", "orientation": "n", "directions": [2], "coords": [3, 2], "color": [2], "components": []}, {"id": "L_orange_003003", "layout": null, "coords": [3, 3]}, {"id": "L_orange_003004", "layout": null, "coords": [3, 4]}, {"id": "L_orange_003005", "layout": "E", "orientation": "n", "directions": [2], "coords": [3, 5], "color": [1], "components": []}, {"id": "L_orange_003006", "layout": null, "coords": [3, 6]}, {"id": "L_orange_003007", "layout": "E", "orientation": "n", "directions": [4], "coords": [3, 7], "color": [2], "components": ["L_orange_3001"]}], [{"id": "L_orange_004000", "layout": "E", "orientation": "n", "directions": [4], "coords": [4, 0], "color": [1], "components": ["aaaaat"]}, {"id": "L_orange_004001", "layout": null, "coords": [4, 1]}, {"id": "L_orange_004002", "layout": "E", "orientation": "n", "directions": [2], "coords": [4, 2], "color": [2], "components": ["L_orange_1001"]}, {"id": "L_orange_004003", "layout": null, "coords": [4, 3]}, {"id": "L_orange_004004", "layout": null, "coords": [4, 4]}, {"id": "L_orange_004005", "layout": "E", "orientation": "n", "directions": [2], "coords": [4, 5], "color": [1], "components": []}, {"id": "L_orange_004006", "layout": null, "coords": [4, 6]}, {"id": "L_orange_004007", "layout": "E", "orientation": "n", "directions": [4], "coords": [4, 7], "color": [2], "components": []}], [{"id": "L_orange_005000", "layout": "E", "orientation": "n", "directions": [4], "coords": [5, 0], "color": [1], "components": ["L_orange_1002"]}, {"id": "L_orange_005001", "layout": null, "coords": [5, 1]}, {"id": "L_orange_005002", "layout": "C", "orientation": "w", "directions": [1], "coords": [5, 2], "color": [2], "components": []}, {"id": "L_orange_005003", "layout": "E", "orientation": "e", "directions": [1], "coords": [5, 3], "color": [2], "components": []}, {"id": "L_orange_005004", "layout": "E", "orientation": "e", "directions": [1], "coords": [5, 4], "color": [2], "components": []}, {"id": "L_orange_005005", "layout": "O", "orientation": "e", "directions": [1, 2], "coords": [5, 5], "color": [1, 2], "components": []}, {"id": "L_orange_005006", "layout": "E", "orientation": "e", "directions": [1], "coords": [5, 6], "color": [2], "components": []}, {"id": "L_orange_005007", "layout": "C", "orientation": "s", "directions": [4], "coords": [5, 7], "color": [2], "components": []}], [{"id": "L_orange_006000", "layout": "E", "orientation": "n", "directions": [4], "coords": [6, 0], "color": [1], "components": []}, {"id": "L_orange_006001", "layout": null, "coords": [6, 1]}, {"id": "L_orange_006002", "layout": null, "coords": [6, 2]}, {"id": "L_orange_006003", "layout": null, "coords": [6, 3]}, {"id": "L_orange_006004", "layout": null, "coords": [6, 4]}, {"id": "L_orange_006005", "layout": "E", "orientation": "n", "directions": [2], "coords": [6, 5], "color": [1], "components": []}, {"id": "L_orange_006006", "layout": null, "coords": [6, 6]}, {"id": "L_orange_006007", "layout": null, "coords": [6, 7]}], [{"id": "L_orange_007000", "layout": "C", "orientation": "w", "directions": [4], "coords": [7, 0], "color": [1], "components": []}, {"id": "L_orange_007001", "layout": "E", "orientation": "e", "directions": [3], "coords": [7, 1], "color": [1], "components": []}, {"id": "L_orange_007002", "layout": "E", "orientation": "e", "directions": [3], "coords": [7, 2], "color": [1], "components": ["aaaaaq"]}, {"id": "L_orange_007003", "layout": "E", "orientation": "e", "directions": [3], "coords": [7, 3], "color": [1], "components": ["L_orange_3002"]}, {"id": "L_orange_007004", "layout": "E", "orientation": "e", "directions": [3], "coords": [7, 4], "color": [1], "components": []}, {"id": "L_orange_007005", "layout": "C", "orientation": "s", "directions": [3], "coords": [7, 5], "color": [1], "components": []}, {"id": "L_orange_007006", "layout": null, "coords": [7, 6]}, {"id": "L_orange_007007", "layout": null, "coords": [7, 7]}]], "components": {"L_orange_3001": {"cell": [3, 7], "color": 0, "delivered": 0, "id": "L_orange_3001", "locked": true, "passed": 0, "spec": "unlimCondition", "type": "delivery", "userPlaced": false, "acceptedTypes": ["unlimCondition"], "acceptedColors": []}, "L_orange_3002": {"cell": [7, 3], "color": 0, "delivered": 0, "id": "L_orange_3002", "locked": true, "passed": 0, "spec": "unlimCondition", "type": "delivery", "userPlaced": false, "acceptedTypes": ["unlimCondition"], "acceptedColors": []}, "L_orange_2001": {"cell": [2, 2], "color": 1, "id": "L_orange_2001", "locked": true, "passed": 1, "picked": 1, "spec": "unlimCondition", "type": "pickup", "userPlaced": false}, "aaaaas": {"cell": [0, 4], "id": "aaaaas", "passed": 1, "spec": "inactive", "type": "semaphore", "userPlaced": true}, "aaaaat": {"cell": [4, 0], "id": "aaaaat", "spec": "inactive", "type": "semaphore", "userPlaced": true}, "aaaaaq": {"cell": [7, 2], "id": "aaaaaq", "spec": "inactive", "type": "signal", "userPlaced": true, "link": "aaaaas"}, "aaaaar": {"cell": [2, 7], "id": "aaaaar", "spec": "inactive", "type": "signal", "userPlaced": true, "link": "aaaaat"}, "L_orange_1002": {"capacity": -1, "cell": [5, 0], "color": 1, "direction": 4, "id": "L_orange_1002", "locked": true, "passed": 0, "spec": "", "type": "thread", "userPlaced": false}, "L_orange_1001": {"capacity": -1, "cell": [4, 2], "color": 2, "direction": 2, "id": "L_orange_1001", "locked": true, "passed": 0, "spec": "", "type": "thread", "userPlaced": false}, "L_orange_20010": {"cell": [2, 2], "delivered": false, "id": "L_orange_20010", "spec": "unlimCondition", "type": "package"}}}, "category": "DEFAULT", "created": 1624617648312, "id": "77b40362-dcd2-4164-b6d3-f311c44ad56c"}, {"type": "BEGIN_SIMULATION", "current": -1, "total": 74, "category": "DEFAULT", "created": 1624617651932, "id": "c3a56136-47f3-404c-8b94-1434dd58cc51"}, {"type": "SET_REFLECTION_CONTENT", "content": {"status": "success", "title": "Successful Solution", "titleIcon": "success.png", "subtitle": "Good job!", "description": "You successfully prevented Starvation!", "simType": "SUBMIT", "numUserPlacedComponents": 4, "header": "Knowledge Unlocked:", "goals": [{"title": "The pickup did not have too many packages picked up.", "icon": "pickup.png", "status": "success", "actual": 2, "target": 5, "comparison": "lt", "component": {"id": "L_orange_2001", "type": "pickup", "spec": "unlimCondition", "color": 1}, "triggeredFailure": false}, {"title": "The delivery point received at least enough packages.", "icon": "delivery.png", "status": "success", "actual": 1, "target": 0, "comparison": "gt", "component": {"id": "L_orange_3001", "type": "delivery", "spec": "unlimCondition", "color": 0}, "triggeredFailure": false}, {"title": "The delivery point received at least enough packages.", "icon": "delivery.png", "status": "success", "actual": 1, "target": 0, "comparison": "gt", "component": {"id": "L_orange_3002", "type": "delivery", "spec": "unlimCondition", "color": 0}, "triggeredFailure": false}], "reflections": [{"description": "This level showcases Starvation, which occurs when a thread is blocked or prevented from reaching the resource it needs to complete its goal in the program.", "media": "ConcurrencyGifStarvation", "mediaType": "gif"}]}, "category": "SYSTEM", "created": 1624617656740, "id": "2a356c74-b78e-4b9b-8b3c-992023c11914"}, {"type": "FINISH_SIMULATION", "current": 73, "total": 74, "category": "DEFAULT", "created": 1624617664668, "id": "1678387d-e2e5-42a0-b438-f850e698acd3"}, {"type": "BOARD_SNAPSHOT", "board": {"map": [[{"id": "L_orange_000000", "layout": null, "coords": [0, 0]}, {"id": "L_orange_000001", "layout": null, "coords": [0, 1]}, {"id": "L_orange_000002", "layout": "C", "orientation": "n", "directions": [2], "coords": [0, 2], "color": [2], "components": []}, {"id": "L_orange_000003", "layout": "E", "orientation": "e", "directions": [3], "coords": [0, 3], "color": [2], "components": []}, {"id": "L_orange_000004", "layout": "E", "orientation": "e", "directions": [3], "coords": [0, 4], "color": [2], "components": ["aaaaas"]}, {"id": "L_orange_000005", "layout": "E", "orientation": "e", "directions": [3], "coords": [0, 5], "color": [2], "components": ["L_orange_1001"]}, {"id": "L_orange_000006", "layout": "E", "orientation": "e", "directions": [3], "coords": [0, 6], "color": [2], "components": []}, {"id": "L_orange_000007", "layout": "C", "orientation": "e", "directions": [3], "coords": [0, 7], "color": [2], "components": []}], [{"id": "L_orange_001000", "layout": null, "coords": [1, 0]}, {"id": "L_orange_001001", "layout": null, "coords": [1, 1]}, {"id": "L_orange_001002", "layout": "E", "orientation": "n", "directions": [2], "coords": [1, 2], "color": [2], "components": []}, {"id": "L_orange_001003", "layout": null, "coords": [1, 3]}, {"id": "L_orange_001004", "layout": null, "coords": [1, 4]}, {"id": "L_orange_001005", "layout": null, "coords": [1, 5]}, {"id": "L_orange_001006", "layout": null, "coords": [1, 6]}, {"id": "L_orange_001007", "layout": "E", "orientation": "n", "directions": [4], "coords": [1, 7], "color": [2], "components": []}], [{"id": "L_orange_002000", "layout": "C", "orientation": "n", "directions": [1], "coords": [2, 0], "color": [1], "components": []}, {"id": "L_orange_002001", "layout": "E", "orientation": "e", "directions": [1], "coords": [2, 1], "color": [1], "components": []}, {"id": "L_orange_002002", "layout": "O", "orientation": "e", "directions": [1, 2], "coords": [2, 2], "color": [1, 2], "components": ["L_orange_2001"]}, {"id": "L_orange_002003", "layout": "E", "orientation": "e", "directions": [1], "coords": [2, 3], "color": [1], "components": []}, {"id": "L_orange_002004", "layout": "E", "orientation": "e", "directions": [1], "coords": [2, 4], "color": [1], "components": []}, {"id": "L_orange_002005", "layout": "C", "orientation": "e", "directions": [2], "coords": [2, 5], "color": [1], "components": []}, {"id": "L_orange_002006", "layout": null, "coords": [2, 6]}, {"id": "L_orange_002007", "layout": "E", "orientation": "n", "directions": [4], "coords": [2, 7], "color": [2], "components": ["aaaaar"]}], [{"id": "L_orange_003000", "layout": "E", "orientation": "n", "directions": [4], "coords": [3, 0], "color": [1], "components": []}, {"id": "L_orange_003001", "layout": null, "coords": [3, 1]}, {"id": "L_orange_003002", "layout": "E", "orientation": "n", "directions": [2], "coords": [3, 2], "color": [2], "components": []}, {"id": "L_orange_003003", "layout": null, "coords": [3, 3]}, {"id": "L_orange_003004", "layout": null, "coords": [3, 4]}, {"id": "L_orange_003005", "layout": "E", "orientation": "n", "directions": [2], "coords": [3, 5], "color": [1], "components": []}, {"id": "L_orange_003006", "layout": null, "coords": [3, 6]}, {"id": "L_orange_003007", "layout": "E", "orientation": "n", "directions": [4], "coords": [3, 7], "color": [2], "components": ["L_orange_3001"]}], [{"id": "L_orange_004000", "layout": "E", "orientation": "n", "directions": [4], "coords": [4, 0], "color": [1], "components": ["aaaaat"]}, {"id": "L_orange_004001", "layout": null, "coords": [4, 1]}, {"id": "L_orange_004002", "layout": "E", "orientation": "n", "directions": [2], "coords": [4, 2], "color": [2], "components": []}, {"id": "L_orange_004003", "layout": null, "coords": [4, 3]}, {"id": "L_orange_004004", "layout": null, "coords": [4, 4]}, {"id": "L_orange_004005", "layout": "E", "orientation": "n", "directions": [2], "coords": [4, 5], "color": [1], "components": []}, {"id": "L_orange_004006", "layout": null, "coords": [4, 6]}, {"id": "L_orange_004007", "layout": "E", "orientation": "n", "directions": [4], "coords": [4, 7], "color": [2], "components": []}], [{"id": "L_orange_005000", "layout": "E", "orientation": "n", "directions": [4], "coords": [5, 0], "color": [1], "components": ["L_orange_1002"]}, {"id": "L_orange_005001", "layout": null, "coords": [5, 1]}, {"id": "L_orange_005002", "layout": "C", "orientation": "w", "directions": [1], "coords": [5, 2], "color": [2], "components": []}, {"id": "L_orange_005003", "layout": "E", "orientation": "e", "directions": [1], "coords": [5, 3], "color": [2], "components": []}, {"id": "L_orange_005004", "layout": "E", "orientation": "e", "directions": [1], "coords": [5, 4], "color": [2], "components": []}, {"id": "L_orange_005005", "layout": "O", "orientation": "e", "directions": [1, 2], "coords": [5, 5], "color": [1, 2], "components": []}, {"id": "L_orange_005006", "layout": "E", "orientation": "e", "directions": [1], "coords": [5, 6], "color": [2], "components": []}, {"id": "L_orange_005007", "layout": "C", "orientation": "s", "directions": [4], "coords": [5, 7], "color": [2], "components": []}], [{"id": "L_orange_006000", "layout": "E", "orientation": "n", "directions": [4], "coords": [6, 0], "color": [1], "components": []}, {"id": "L_orange_006001", "layout": null, "coords": [6, 1]}, {"id": "L_orange_006002", "layout": null, "coords": [6, 2]}, {"id": "L_orange_006003", "layout": null, "coords": [6, 3]}, {"id": "L_orange_006004", "layout": null, "coords": [6, 4]}, {"id": "L_orange_006005", "layout": "E", "orientation": "n", "directions": [2], "coords": [6, 5], "color": [1], "components": []}, {"id": "L_orange_006006", "layout": null, "coords": [6, 6]}, {"id": "L_orange_006007", "layout": null, "coords": [6, 7]}], [{"id": "L_orange_007000", "layout": "C", "orientation": "w", "directions": [4], "coords": [7, 0], "color": [1], "components": []}, {"id": "L_orange_007001", "layout": "E", "orientation": "e", "directions": [3], "coords": [7, 1], "color": [1], "components": []}, {"id": "L_orange_007002", "layout": "E", "orientation": "e", "directions": [3], "coords": [7, 2], "color": [1], "components": ["aaaaaq"]}, {"id": "L_orange_007003", "layout": "E", "orientation": "e", "directions": [3], "coords": [7, 3], "color": [1], "components": ["L_orange_3002", "L_orange_1002"]}, {"id": "L_orange_007004", "layout": "E", "orientation": "e", "directions": [3], "coords": [7, 4], "color": [1], "components": []}, {"id": "L_orange_007005", "layout": "C", "orientation": "s", "directions": [3], "coords": [7, 5], "color": [1], "components": []}, {"id": "L_orange_007006", "layout": null, "coords": [7, 6]}, {"id": "L_orange_007007", "layout": null, "coords": [7, 7]}]], "components": {"L_orange_3001": {"cell": [3, 7], "color": 0, "delivered": 1, "id": "L_orange_3001", "locked": true, "passed": 1, "spec": "unlimCondition", "type": "delivery", "userPlaced": false, "acceptedTypes": ["unlimCondition"], "acceptedColors": []}, "L_orange_3002": {"cell": [7, 3], "color": 0, "delivered": 1, "id": "L_orange_3002", "locked": true, "passed": 1, "spec": "unlimCondition", "type": "delivery", "userPlaced": false, "acceptedTypes": ["unlimCondition"], "acceptedColors": []}, "L_orange_2001": {"cell": [2, 2], "color": 1, "id": "L_orange_2001", "locked": true, "passed": 2, "picked": 2, "spec": "unlimCondition", "type": "pickup", "userPlaced": false}, "aaaaat": {"cell": [4, 0], "id": "aaaaat", "passed": 1, "spec": "inactive", "type": "semaphore", "userPlaced": true}, "aaaaas": {"cell": [0, 4], "id": "aaaaas", "passed": 1, "spec": "inactive", "type": "semaphore", "userPlaced": true}, "aaaaaq": {"cell": [7, 2], "id": "aaaaaq", "spec": "inactive", "type": "signal", "userPlaced": true, "link": "aaaaas"}, "aaaaar": {"cell": [2, 7], "id": "aaaaar", "spec": "inactive", "type": "signal", "userPlaced": true, "link": "aaaaat"}, "L_orange_1002": {"capacity": -1, "cell": [7, 3], "color": 1, "delivered": 1, "direction": 3, "id": "L_orange_1002", "locked": true, "passed": 0, "spec": "", "type": "thread", "userPlaced": false}, "L_orange_1001": {"capacity": -1, "cell": [0, 5], "color": 2, "delivered": 1, "direction": 3, "id": "L_orange_1001", "locked": true, "passed": 0, "spec": "", "type": "thread", "userPlaced": false}}}, "category": "DEFAULT", "created": 1624617664697, "id": "32b8a4fc-4810-4eee-8ae0-e899fb69f087"}, {"type": "SHOW_MESSAGE", "message": "Uploading log data...", "category": "DEFAULT", "created": 1624617668874, "id": "7920464d-7219-49a6-b12c-3d6c41796075"}], "metadata": {"platform": "5.0 (Windows NT 10.0; Win64; x64) AppleWebKit/537.36 (KHTML, like Gecko) Chrome/91.0.4472.114 Safari/537.36", "playerId": "09227a0d-8455-402a-9201-d5128b4d51f2"}}