{"id": "9b5d16e5-b059-428b-a3a5-38e0f115bb0b", "created": 1624620915, "events": [{"type": "BEGIN_LEVEL_LOAD", "name": "orange", "order": "5", "category": "SYSTEM", "created": 1624621067538, "id": "70685bec-971a-43db-949b-2ae1bad3b0e6"}, {"type": "BOARD_SNAPSHOT", "board": {"map": [[{"id": "L_orange_000000", "layout": null, "coords": [0, 0]}, {"id": "L_orange_000001", "layout": null, "coords": [0, 1]}, {"id": "L_orange_000002", "layout": "C", "orientation": "n", "directions": [2], "coords": [0, 2], "color": [2], "components": []}, {"id": "L_orange_000003", "layout": "E", "orientation": "e", "directions": [3], "coords": [0, 3], "color": [2], "components": []}, {"id": "L_orange_000004", "layout": "E", "orientation": "e", "directions": [3], "coords": [0, 4], "color": [2], "components": []}, {"id": "L_orange_000005", "layout": "E", "orientation": "e", "directions": [3], "coords": [0, 5], "color": [2], "components": ["L_orange_1001"]}, {"id": "L_orange_000006", "layout": "E", "orientation": "e", "directions": [3], "coords": [0, 6], "color": [2], "components": []}, {"id": "L_orange_000007", "layout": "C", "orientation": "e", "directions": [3], "coords": [0, 7], "color": [2], "components": []}], [{"id": "L_orange_001000", "layout": null, "coords": [1, 0]}, {"id": "L_orange_001001", "layout": null, "coords": [1, 1]}, {"id": "L_orange_001002", "layout": "E", "orientation": "n", "directions": [2], "coords": [1, 2], "color": [2], "components": []}, {"id": "L_orange_001003", "layout": null, "coords": [1, 3]}, {"id": "L_orange_001004", "layout": null, "coords": [1, 4]}, {"id": "L_orange_001005", "layout": null, "coords": [1, 5]}, {"id": "L_orange_001006", "layout": null, "coords": [1, 6]}, {"id": "L_orange_001007", "layout": "E", "orientation": "n", "directions": [4], "coords": [1, 7], "color": [2], "components": []}], [{"id": "L_orange_002000", "layout": "C", "orientation": "n", "directions": [1], "coords": [2, 0], "color": [1], "components": []}, {"id": "L_orange_002001", "layout": "E", "orientation": "e", "directions": [1], "coords": [2, 1], "color": [1], "components": []}, {"id": "L_orange_002002", "layout": "O", "orientation": "e", "directions": [1, 2], "coords": [2, 2], "color": [1, 2], "components": ["L_orange_2001"]}, {"id": "L_orange_002003", "layout": "E", "orientation": "e", "directions": [1], "coords": [2, 3], "color": [1], "components": []}, {"id": "L_orange_002004", "layout": "E", "orientation": "e", "directions": [1], "coords": [2, 4], "color": [1], "components": []}, {"id": "L_orange_002005", "layout": "C", "orientation": "e", "directions": [2], "coords": [2, 5], "color": [1], "components": []}, {"id": "L_orange_002006", "layout": null, "coords": [2, 6]}, {"id": "L_orange_002007", "layout": "E", "orientation": "n", "directions": [4], "coords": [2, 7], "color": [2], "components": []}], [{"id": "L_orange_003000", "layout": "E", "orientation": "n", "directions": [4], "coords": [3, 0], "color": [1], "components": []}, {"id": "L_orange_003001", "layout": null, "coords": [3, 1]}, {"id": "L_orange_003002", "layout": "E", "orientation": "n", "directions": [2], "coords": [3, 2], "color": [2], "components": []}, {"id": "L_orange_003003", "layout": null, "coords": [3, 3]}, {"id": "L_orange_003004", "layout": null, "coords": [3, 4]}, {"id": "L_orange_003005", "layout": "E", "orientation": "n", "directions": [2], "coords": [3, 5], "color": [1], "components": []}, {"id": "L_orange_003006", "layout": null, "coords": [3, 6]}, {"id": "L_orange_003007", "layout": "E", "orientation": "n", "directions": [4], "coords": [3, 7], "color": [2], "components": ["L_orange_3001"]}], [{"id": "L_orange_004000", "layout": "E", "orientation": "n", "directions": [4], "coords": [4, 0], "color": [1], "components": []}, {"id": "L_orange_004001", "layout": null, "coords": [4, 1]}, {"id": "L_orange_004002", "layout": "E", "orientation": "n", "directions": [2], "coords": [4, 2], "color": [2], "components": []}, {"id": "L_orange_004003", "layout": null, "coords": [4, 3]}, {"id": "L_orange_004004", "layout": null, "coords": [4, 4]}, {"id": "L_orange_004005", "layout": "E", "orientation": "n", "directions": [2], "coords": [4, 5], "color": [1], "components": []}, {"id": "L_orange_004006", "layout": null, "coords": [4, 6]}, {"id": "L_orange_004007", "layout": "E", "orientation": "n", "directions": [4], "coords": [4, 7], "color": [2], "components": []}], [{"id": "L_orange_005000", "layout": "E", "orientation": "n", "directions": [4], "coords": [5, 0], "color": [1], "components": ["L_orange_1002"]}, {"id": "L_orange_005001", "layout": null, "coords": [5, 1]}, {"id": "L_orange_005002", "layout": "C", "orientation": "w", "directions": [1], "coords": [5, 2], "color": [2], "components": []}, {"id": "L_orange_005003", "layout": "E", "orientation": "e", "directions": [1], "coords": [5, 3], "color": [2], "components": []}, {"id": "L_orange_005004", "layout": "E", "orientation": "e", "directions": [1], "coords": [5, 4], "color": [2], "components": []}, {"id": "L_orange_005005", "layout": "O", "orientation": "e", "directions": [1, 2], "coords": [5, 5], "color": [1, 2], "components": []}, {"id": "L_orange_005006", "layout": "E", "orientation": "e", "directions": [1], "coords": [5, 6], "color": [2], "components": []}, {"id": "L_orange_005007", "layout": "C", "orientation": "s", "directions": [4], "coords": [5, 7], "color": [2], "components": []}], [{"id": "L_orange_006000", "layout": "E", "orientation": "n", "directions": [4], "coords": [6, 0], "color": [1], "components": []}, {"id": "L_orange_006001", "layout": null, "coords": [6, 1]}, {"id": "L_orange_006002", "layout": null, "coords": [6, 2]}, {"id": "L_orange_006003", "layout": null, "coords": [6, 3]}, {"id": "L_orange_006004", "layout": null, "coords": [6, 4]}, {"id": "L_orange_006005", "layout": "E", "orientation": "n", "directions": [2], "coords": [6, 5], "color": [1], "components": []}, {"id": "L_orange_006006", "layout": null, "coords": [6, 6]}, {"id": "L_orange_006007", "layout": null, "coords": [6, 7]}], [{"id": "L_orange_007000", "layout": "C", "orientation": "w", "directions": [4], "coords": [7, 0], "color": [1], "components": []}, {"id": "L_orange_007001", "layout": "E", "orientation": "e", "directions": [3], "coords": [7, 1], "color": [1], "components": []}, {"id": "L_orange_007002", "layout": "E", "orientation": "e", "directions": [3], "coords": [7, 2], "color": [1], "components": []}, {"id": "L_orange_007003", "layout": "E", "orientation": "e", "directions": [3], "coords": [7, 3], "color": [1], "components": ["L_orange_3002"]}, {"id": "L_orange_007004", "layout": "E", "orientation": "e", "directions": [3], "coords": [7, 4], "color": [1], "components": []}, {"id": "L_orange_007005", "layout": "C", "orientation": "s", "directions": [3], "coords": [7, 5], "color": [1], "components": []}, {"id": "L_orange_007006", "layout": null, "coords": [7, 6]}, {"id": "L_orange_007007", "layout": null, "coords": [7, 7]}]], "components": {"L_orange_1001": {"capacity": -1, "cell": [0, 5], "color": 2, "direction": 3, "id": "L_orange_1001", "locked": true, "passed": 0, "spec": "", "type": "thread", "userPlaced": false}, "L_orange_1002": {"capacity": -1, "cell": [5, 0], "color": 1, "direction": 4, "id": "L_orange_1002", "locked": true, "passed": 0, "spec": "", "type": "thread", "userPlaced": false}, "L_orange_2001": {"cell": [2, 2], "color": 1, "id": "L_orange_2001", "locked": true, "passed": 0, "picked": 0, "spec": "unlimCondition", "type": "pickup", "userPlaced": false}, "L_orange_3001": {"cell": [3, 7], "color": 0, "delivered": 0, "id": "L_orange_3001", "locked": true, "passed": 0, "spec": "unlimCondition", "type": "delivery", "userPlaced": false, "acceptedTypes": ["unlimCondition"], "acceptedColors": []}, "L_orange_3002": {"cell": [7, 3], "color": 0, "delivered": 0, "id": "L_orange_3002", "locked": true, "passed": 0, "spec": "unlimCondition", "type": "delivery", "userPlaced": false, "acceptedTypes": ["unlimCondition"], "acceptedColors": []}}}, "category": "DEFAULT", "created": 1624621067572, "id": "9f55846a-ed5d-4098-a395-bce36132777e"}, {"type": "FINISH_LEVEL_LOAD", "name": "orange", "order": "5", "category": "SYSTEM", "created": 1624621067574, "id": "cd66dba8-920e-4f4f-9d2d-24525ead50c2"}, {"type": "ADD_ELEMENT", "element": {"cell": [0, 3], "id": "aaaabw", "spec": "inactive", "type": "semaphore", "userPlaced": true}, "category": "DEFAULT", "created": 1624621072912, "id": "db0f7029-a806-47ba-a4b7-d917cb73a7c1"}, {"type": "ADD_ELEMENT", "element": {"cell": [3, 0], "id": "aaaabx", "spec": "inactive", "type": "semaphore", "userPlaced": true}, "category": "DEFAULT", "created": 1624621079151, "id": "5d10a390-d24e-4109-9e0b-5888c174826b"}, {"type": "MOVE_ELEMENT", "startCell": [3, 0], "element": {"cell": [3, 0], "id": "aaaabx", "spec": "inactive", "type": "semaphore", "userPlaced": true}, "category": "DEFAULT", "created": 1624621080098, "id": "db0026e5-d092-48f7-88d5-b39df106eb72"}, {"type": "TOGGLE_ELEMENT", "element": {"cell": [3, 0], "id": "aaaabx", "spec": "active", "type": "semaphore", "userPlaced": true}, "category": "DEFAULT", "created": 1624621080102, "id": "513e9671-63e8-4409-acf6-03eb413d43b1"}, {"type": "ADD_ELEMENT", "element": {"cell": [3, 2], "id": "aaaaby", "spec": "inactive", "type": "signal", "userPlaced": true}, "category": "DEFAULT", "created": 1624621082769, "id": "b785b7b9-98ea-4d4b-b107-6c053ecc7820"}, {"type": "ADD_ELEMENT", "element": {"cell": [2, 4], "id": "aaaabz", "spec": "inactive", "type": "signal", "userPlaced": true}, "category": "DEFAULT", "created": 1624621085725, "id": "1d8e9121-a19d-4fc2-ac4e-4165470185da"}, {"type": "BEGIN_LINK", "element": {"cell": [2, 4], "id": "aaaabz", "spec": "inactive", "type": "signal", "userPlaced": true}, "category": "DEFAULT", "created": 1624621087268, "id": "da6c475a-8cfb-4441-ae01-5e44f6899bff"}, {"type": "FINISH_LINK", "element": {"cell": [0, 3], "id": "aaaabw", "spec": "inactive", "type": "semaphore", "userPlaced": true}, "category": "DEFAULT", "created": 1624621088102, "id": "86e6d702-1a10-4c64-a361-0cc21177c8c7"}, {"type": "BEGIN_LINK", "element": {"cell": [3, 2], "id": "aaaaby", "spec": "inactive", "type": "signal", "userPlaced": true}, "category": "DEFAULT", "created": 1624621089109, "id": "d20ad1c6-14a9-4e77-925d-297582929de4"}, {"type": "FINISH_LINK", "element": {"cell": [3, 0], "id": "aaaabx", "spec": "active", "type": "semaphore", "userPlaced": true}, "category": "DEFAULT", "created": 1624621090056, "id": "8e8b23b0-2e6e-4749-9186-ca508279f7a2"}, {"type": "BEGIN_SIMULATION", "current": -1, "total": null, "category": "DEFAULT", "created": 1624621093285, "id": "0cd380df-ae11-4481-906c-500b5dda5c5a"}, {"type": "SET_REFLECTION_CONTENT", "content": {"status": "success", "title": "Successful Solution", "titleIcon": "success.png", "subtitle": "Good job!", "description": "You successfully prevented Starvation!", "simType": "TEST", "numUserPlacedComponents": 4, "header": "Knowledge Unlocked:", "goals": [{"title": "The pickup did not have too many packages picked up.", "icon": "pickup.png", "status": "success", "actual": 2, "target": 5, "comparison": "lt", "component": {"id": "L_orange_2001", "type": "pickup", "spec": "unlimCondition", "color": 1}, "triggeredFailure": false}, {"title": "The delivery point received at least enough packages.", "icon": "delivery.png", "status": "success", "actual": 1, "target": 0, "comparison": "gt", "component": {"id": "L_orange_3001", "type": "delivery", "spec": "unlimCondition", "color": 0}, "triggeredFailure": false}, {"title": "The delivery point received at least enough packages.", "icon": "delivery.png", "status": "success", "actual": 1, "target": 0, "comparison": "gt", "component": {"id": "L_orange_3002", "type": "delivery", "spec": "unlimCondition", "color": 0}, "triggeredFailure": false}], "reflections": [{"description": "This level showcases Starvation, which occurs when a thread is blocked or prevented from reaching the resource it needs to complete its goal in the program.", "media": "ConcurrencyGifStarvation", "mediaType": "gif"}]}, "category": "SYSTEM", "created": 1624621093292, "id": "b19e9c8d-0138-47ba-9730-c2ef6f59b739"}, {"type": "SKIP_SIMULATION", "current": 13, "total": 77, "category": "DEFAULT", "created": 1624621094727, "id": "91c4cff4-2a77-4b18-b786-3eabfec4f426"}, {"type": "FINISH_SIMULATION", "current": 76, "total": 77, "category": "DEFAULT", "created": 1624621094920, "id": "d42c20ca-8aff-4aaa-bdc5-813351b732ac"}, {"type": "BOARD_SNAPSHOT", "board": {"map": [[{"id": "L_orange_000000", "layout": null, "coords": [0, 0]}, {"id": "L_orange_000001", "layout": null, "coords": [0, 1]}, {"id": "L_orange_000002", "layout": "C", "orientation": "n", "directions": [2], "coords": [0, 2], "color": [2], "components": []}, {"id": "L_orange_000003", "layout": "E", "orientation": "e", "directions": [3], "coords": [0, 3], "color": [2], "components": ["aaaabw"]}, {"id": "L_orange_000004", "layout": "E", "orientation": "e", "directions": [3], "coords": [0, 4], "color": [2], "components": []}, {"id": "L_orange_000005", "layout": "E", "orientation": "e", "directions": [3], "coords": [0, 5], "color": [2], "components": ["L_orange_1001"]}, {"id": "L_orange_000006", "layout": "E", "orientation": "e", "directions": [3], "coords": [0, 6], "color": [2], "components": []}, {"id": "L_orange_000007", "layout": "C", "orientation": "e", "directions": [3], "coords": [0, 7], "color": [2], "components": []}], [{"id": "L_orange_001000", "layout": null, "coords": [1, 0]}, {"id": "L_orange_001001", "layout": null, "coords": [1, 1]}, {"id": "L_orange_001002", "layout": "E", "orientation": "n", "directions": [2], "coords": [1, 2], "color": [2], "components": []}, {"id": "L_orange_001003", "layout": null, "coords": [1, 3]}, {"id": "L_orange_001004", "layout": null, "coords": [1, 4]}, {"id": "L_orange_001005", "layout": null, "coords": [1, 5]}, {"id": "L_orange_001006", "layout": null, "coords": [1, 6]}, {"id": "L_orange_001007", "layout": "E", "orientation": "n", "directions": [4], "coords": [1, 7], "color": [2], "components": []}], [{"id": "L_orange_002000", "layout": "C", "orientation": "n", "directions": [1], "coords": [2, 0], "color": [1], "components": []}, {"id": "L_orange_002001", "layout": "E", "orientation": "e", "directions": [1], "coords": [2, 1], "color": [1], "components": []}, {"id": "L_orange_002002", "layout": "O", "orientation": "e", "directions": [1, 2], "coords": [2, 2], "color": [1, 2], "components": ["L_orange_2001"]}, {"id": "L_orange_002003", "layout": "E", "orientation": "e", "directions": [1], "coords": [2, 3], "color": [1], "components": ["L_orange_20010"]}, {"id": "L_orange_002004", "layout": "E", "orientation": "e", "directions": [1], "coords": [2, 4], "color": [1], "components": ["aaaabz", "L_orange_1002"]}, {"id": "L_orange_002005", "layout": "C", "orientation": "e", "directions": [2], "coords": [2, 5], "color": [1], "components": []}, {"id": "L_orange_002006", "layout": null, "coords": [2, 6]}, {"id": "L_orange_002007", "layout": "E", "orientation": "n", "directions": [4], "coords": [2, 7], "color": [2], "components": []}], [{"id": "L_orange_003000", "layout": "E", "orientation": "n", "directions": [4], "coords": [3, 0], "color": [1], "components": ["aaaabx"]}, {"id": "L_orange_003001", "layout": null, "coords": [3, 1]}, {"id": "L_orange_003002", "layout": "E", "orientation": "n", "directions": [2], "coords": [3, 2], "color": [2], "components": ["aaaaby"]}, {"id": "L_orange_003003", "layout": null, "coords": [3, 3]}, {"id": "L_orange_003004", "layout": null, "coords": [3, 4]}, {"id": "L_orange_003005", "layout": "E", "orientation": "n", "directions": [2], "coords": [3, 5], "color": [1], "components": []}, {"id": "L_orange_003006", "layout": null, "coords": [3, 6]}, {"id": "L_orange_003007", "layout": "E", "orientation": "n", "directions": [4], "coords": [3, 7], "color": [2], "components": ["L_orange_3001"]}], [{"id": "L_orange_004000", "layout": "E", "orientation": "n", "directions": [4], "coords": [4, 0], "color": [1], "components": []}, {"id": "L_orange_004001", "layout": null, "coords": [4, 1]}, {"id": "L_orange_004002", "layout": "E", "orientation": "n", "directions": [2], "coords": [4, 2], "color": [2], "components": []}, {"id": "L_orange_004003", "layout": null, "coords": [4, 3]}, {"id": "L_orange_004004", "layout": null, "coords": [4, 4]}, {"id": "L_orange_004005", "layout": "E", "orientation": "n", "directions": [2], "coords": [4, 5], "color": [1], "components": []}, {"id": "L_orange_004006", "layout": null, "coords": [4, 6]}, {"id": "L_orange_004007", "layout": "E", "orientation": "n", "directions": [4], "coords": [4, 7], "color": [2], "components": []}], [{"id": "L_orange_005000", "layout": "E", "orientation": "n", "directions": [4], "coords": [5, 0], "color": [1], "components": ["L_orange_1002"]}, {"id": "L_orange_005001", "layout": null, "coords": [5, 1]}, {"id": "L_orange_005002", "layout": "C", "orientation": "w", "directions": [1], "coords": [5, 2], "color": [2], "components": []}, {"id": "L_orange_005003", "layout": "E", "orientation": "e", "directions": [1], "coords": [5, 3], "color": [2], "components": []}, {"id": "L_orange_005004", "layout": "E", "orientation": "e", "directions": [1], "coords": [5, 4], "color": [2], "components": []}, {"id": "L_orange_005005", "layout": "O", "orientation": "e", "directions": [1, 2], "coords": [5, 5], "color": [1, 2], "components": []}, {"id": "L_orange_005006", "layout": "E", "orientation": "e", "directions": [1], "coords": [5, 6], "color": [2], "components": []}, {"id": "L_orange_005007", "layout": "C", "orientation": "s", "directions": [4], "coords": [5, 7], "color": [2], "components": []}], [{"id": "L_orange_006000", "layout": "E", "orientation": "n", "directions": [4], "coords": [6, 0], "color": [1], "components": []}, {"id": "L_orange_006001", "layout": null, "coords": [6, 1]}, {"id": "L_orange_006002", "layout": null, "coords": [6, 2]}, {"id": "L_orange_006003", "layout": null, "coords": [6, 3]}, {"id": "L_orange_006004", "layout": null, "coords": [6, 4]}, {"id": "L_orange_006005", "layout": "E", "orientation": "n", "directions": [2], "coords": [6, 5], "color": [1], "components": []}, {"id": "L_orange_006006", "layout": null, "coords": [6, 6]}, {"id": "L_orange_006007", "layout": null, "coords": [6, 7]}], [{"id": "L_orange_007000", "layout": "C", "orientation": "w", "directions": [4], "coords": [7, 0], "color": [1], "components": []}, {"id": "L_orange_007001", "layout": "E", "orientation": "e", "directions": [3], "coords": [7, 1], "color": [1], "components": []}, {"id": "L_orange_007002", "layout": "E", "orientation": "e", "directions": [3], "coords": [7, 2], "color": [1], "components": []}, {"id": "L_orange_007003", "layout": "E", "orientation": "e", "directions": [3], "coords": [7, 3], "color": [1], "components": ["L_orange_3002"]}, {"id": "L_orange_007004", "layout": "E", "orientation": "e", "directions": [3], "coords": [7, 4], "color": [1], "components": []}, {"id": "L_orange_007005", "layout": "C", "orientation": "s", "directions": [3], "coords": [7, 5], "color": [1], "components": []}, {"id": "L_orange_007006", "layout": null, "coords": [7, 6]}, {"id": "L_orange_007007", "layout": null, "coords": [7, 7]}]], "components": {"L_orange_3001": {"cell": [3, 7], "color": 0, "delivered": 0, "id": "L_orange_3001", "locked": true, "passed": 0, "spec": "unlimCondition", "type": "delivery", "userPlaced": false, "acceptedTypes": ["unlimCondition"], "acceptedColors": []}, "L_orange_3002": {"cell": [7, 3], "color": 0, "delivered": 0, "id": "L_orange_3002", "locked": true, "passed": 0, "spec": "unlimCondition", "type": "delivery", "userPlaced": false, "acceptedTypes": ["unlimCondition"], "acceptedColors": []}, "L_orange_2001": {"cell": [2, 2], "color": 1, "id": "L_orange_2001", "locked": true, "passed": 1, "picked": 1, "spec": "unlimCondition", "type": "pickup", "userPlaced": false}, "aaaabx": {"cell": [3, 0], "id": "aaaabx", "passed": 1, "spec": "inactive", "type": "semaphore", "userPlaced": true}, "aaaabw": {"cell": [0, 3], "id": "aaaabw", "spec": "inactive", "type": "semaphore", "userPlaced": true}, "aaaaby": {"cell": [3, 2], "id": "aaaaby", "spec": "inactive", "type": "signal", "userPlaced": true, "link": "aaaabx"}, "aaaabz": {"cell": [2, 4], "id": "aaaabz", "spec": "inactive", "type": "signal", "userPlaced": true, "link": "aaaabw"}, "L_orange_1002": {"capacity": -1, "cell": [2, 4], "color": 1, "direction": 1, "id": "L_orange_1002", "locked": true, "passed": 0, "spec": "", "type": "thread", "userPlaced": false}, "L_orange_1001": {"capacity": -1, "cell": [0, 5], "color": 2, "direction": 3, "id": "L_orange_1001", "locked": true, "passed": 0, "spec": "", "type": "thread", "userPlaced": false}, "L_orange_20010": {"cell": [2, 3], "delivered": false, "id": "L_orange_20010", "spec": "unlimCondition", "type": "package"}}}, "category": "DEFAULT", "created": 1624621094943, "id": "07810e69-b1d0-40b1-bd98-89770cc677fe"}, {"type": "BEGIN_SIMULATION", "current": -1, "total": 77, "category": "DEFAULT", "created": 1624621097928, "id": "d1e0a3ed-38a9-48a8-9028-495e980d89ac"}, {"type": "SET_REFLECTION_CONTENT", "content": {"status": "failure", "title": "Unsuccessful Solution", "titleIcon": "failure.png", "subtitle": "Whoops!", "description": "Looks like something went wrong.", "simType": "SUBMIT", "numUserPlacedComponents": 4, "header": "Details on why the goals were not met:", "goals": [{"title": "Too many packages were picked up.", "icon": "pickup.png", "status": "failure", "actual": 5, "target": 5, "comparison": "lt", "component": {"id": "L_orange_2001", "type": "pickup", "spec": "unlimCondition", "color": 1}, "triggeredFailure": true}, {"title": "The delivery point failed to receive enough packages.", "icon": "delivery.png", "status": "failure", "actual": 0, "target": 0, "comparison": "gt", "component": {"id": "L_orange_3001", "type": "delivery", "spec": "unlimCondition", "color": 0}, "triggeredFailure": false}, {"title": "The delivery point received at least enough packages.", "icon": "delivery.png", "status": "success", "actual": 4, "target": 0, "comparison": "gt", "component": {"id": "L_orange_3002", "type": "delivery", "spec": "unlimCondition", "color": 0}, "triggeredFailure": false}], "reflections": [{"description": "This level showcases Starvation, which occurs when a thread is blocked or prevented from reaching the resource it needs to complete its goal in the program.", "media": "ConcurrencyGifStarvation", "mediaType": "gif"}]}, "category": "SYSTEM", "created": 1624621097986, "id": "02d69cb2-5d61-42e5-bec1-b0916eb52e05"}, {"type": "SKIP_SIMULATION", "current": 25, "total": 263, "category": "DEFAULT", "created": 1624621100810, "id": "67fca7cd-a793-4efb-8196-f89813e8ff23"}, {"type": "FINISH_SIMULATION", "current": 262, "total": 263, "category": "DEFAULT", "created": 1624621100971, "id": "8fd58a8d-29c4-429c-a372-52db237cb4ae"}, {"type": "BOARD_SNAPSHOT", "board": {"map": [[{"id": "L_orange_000000", "layout": null, "coords": [0, 0]}, {"id": "L_orange_000001", "layout": null, "coords": [0, 1]}, {"id": "L_orange_000002", "layout": "C", "orientation": "n", "directions": [2], "coords": [0, 2], "color": [2], "components": []}, {"id": "L_orange_000003", "layout": "E", "orientation": "e", "directions": [3], "coords": [0, 3], "color": [2], "components": ["aaaabw"]}, {"id": "L_orange_000004", "layout": "E", "orientation": "e", "directions": [3], "coords": [0, 4], "color": [2], "components": []}, {"id": "L_orange_000005", "layout": "E", "orientation": "e", "directions": [3], "coords": [0, 5], "color": [2], "components": ["L_orange_1001"]}, {"id": "L_orange_000006", "layout": "E", "orientation": "e", "directions": [3], "coords": [0, 6], "color": [2], "components": []}, {"id": "L_orange_000007", "layout": "C", "orientation": "e", "directions": [3], "coords": [0, 7], "color": [2], "components": []}], [{"id": "L_orange_001000", "layout": null, "coords": [1, 0]}, {"id": "L_orange_001001", "layout": null, "coords": [1, 1]}, {"id": "L_orange_001002", "layout": "E", "orientation": "n", "directions": [2], "coords": [1, 2], "color": [2], "components": []}, {"id": "L_orange_001003", "layout": null, "coords": [1, 3]}, {"id": "L_orange_001004", "layout": null, "coords": [1, 4]}, {"id": "L_orange_001005", "layout": null, "coords": [1, 5]}, {"id": "L_orange_001006", "layout": null, "coords": [1, 6]}, {"id": "L_orange_001007", "layout": "E", "orientation": "n", "directions": [4], "coords": [1, 7], "color": [2], "components": []}], [{"id": "L_orange_002000", "layout": "C", "orientation": "n", "directions": [1], "coords": [2, 0], "color": [1], "components": []}, {"id": "L_orange_002001", "layout": "E", "orientation": "e", "directions": [1], "coords": [2, 1], "color": [1], "components": []}, {"id": "L_orange_002002", "layout": "O", "orientation": "e", "directions": [1, 2], "coords": [2, 2], "color": [1, 2], "components": ["L_orange_2001"]}, {"id": "L_orange_002003", "layout": "E", "orientation": "e", "directions": [1], "coords": [2, 3], "color": [1], "components": ["L_orange_20010"]}, {"id": "L_orange_002004", "layout": "E", "orientation": "e", "directions": [1], "coords": [2, 4], "color": [1], "components": ["aaaabz", "L_orange_1002"]}, {"id": "L_orange_002005", "layout": "C", "orientation": "e", "directions": [2], "coords": [2, 5], "color": [1], "components": []}, {"id": "L_orange_002006", "layout": null, "coords": [2, 6]}, {"id": "L_orange_002007", "layout": "E", "orientation": "n", "directions": [4], "coords": [2, 7], "color": [2], "components": []}], [{"id": "L_orange_003000", "layout": "E", "orientation": "n", "directions": [4], "coords": [3, 0], "color": [1], "components": ["aaaabx"]}, {"id": "L_orange_003001", "layout": null, "coords": [3, 1]}, {"id": "L_orange_003002", "layout": "E", "orientation": "n", "directions": [2], "coords": [3, 2], "color": [2], "components": ["aaaaby"]}, {"id": "L_orange_003003", "layout": null, "coords": [3, 3]}, {"id": "L_orange_003004", "layout": null, "coords": [3, 4]}, {"id": "L_orange_003005", "layout": "E", "orientation": "n", "directions": [2], "coords": [3, 5], "color": [1], "components": []}, {"id": "L_orange_003006", "layout": null, "coords": [3, 6]}, {"id": "L_orange_003007", "layout": "E", "orientation": "n", "directions": [4], "coords": [3, 7], "color": [2], "components": ["L_orange_3001"]}], [{"id": "L_orange_004000", "layout": "E", "orientation": "n", "directions": [4], "coords": [4, 0], "color": [1], "components": []}, {"id": "L_orange_004001", "layout": null, "coords": [4, 1]}, {"id": "L_orange_004002", "layout": "E", "orientation": "n", "directions": [2], "coords": [4, 2], "color": [2], "components": ["L_orange_1001"]}, {"id": "L_orange_004003", "layout": null, "coords": [4, 3]}, {"id": "L_orange_004004", "layout": null, "coords": [4, 4]}, {"id": "L_orange_004005", "layout": "E", "orientation": "n", "directions": [2], "coords": [4, 5], "color": [1], "components": []}, {"id": "L_orange_004006", "layout": null, "coords": [4, 6]}, {"id": "L_orange_004007", "layout": "E", "orientation": "n", "directions": [4], "coords": [4, 7], "color": [2], "components": []}], [{"id": "L_orange_005000", "layout": "E", "orientation": "n", "directions": [4], "coords": [5, 0], "color": [1], "components": ["L_orange_1002"]}, {"id": "L_orange_005001", "layout": null, "coords": [5, 1]}, {"id": "L_orange_005002", "layout": "C", "orientation": "w", "directions": [1], "coords": [5, 2], "color": [2], "components": []}, {"id": "L_orange_005003", "layout": "E", "orientation": "e", "directions": [1], "coords": [5, 3], "color": [2], "components": []}, {"id": "L_orange_005004", "layout": "E", "orientation": "e", "directions": [1], "coords": [5, 4], "color": [2], "components": []}, {"id": "L_orange_005005", "layout": "O", "orientation": "e", "directions": [1, 2], "coords": [5, 5], "color": [1, 2], "components": []}, {"id": "L_orange_005006", "layout": "E", "orientation": "e", "directions": [1], "coords": [5, 6], "color": [2], "components": []}, {"id": "L_orange_005007", "layout": "C", "orientation": "s", "directions": [4], "coords": [5, 7], "color": [2], "components": []}], [{"id": "L_orange_006000", "layout": "E", "orientation": "n", "directions": [4], "coords": [6, 0], "color": [1], "components": []}, {"id": "L_orange_006001", "layout": null, "coords": [6, 1]}, {"id": "L_orange_006002", "layout": null, "coords": [6, 2]}, {"id": "L_orange_006003", "layout": null, "coords": [6, 3]}, {"id": "L_orange_006004", "layout": null, "coords": [6, 4]}, {"id": "L_orange_006005", "layout": "E", "orientation": "n", "directions": [2], "coords": [6, 5], "color": [1], "components": []}, {"id": "L_orange_006006", "layout": null, "coords": [6, 6]}, {"id": "L_orange_006007", "layout": null, "coords": [6, 7]}], [{"id": "L_orange_007000", "layout": "C", "orientation": "w", "directions": [4], "coords": [7, 0], "color": [1], "components": []}, {"id": "L_orange_007001", "layout": "E", "orientation": "e", "directions": [3], "coords": [7, 1], "color": [1], "components": []}, {"id": "L_orange_007002", "layout": "E", "orientation": "e", "directions": [3], "coords": [7, 2], "color": [1], "components": []}, {"id": "L_orange_007003", "layout": "E", "orientation": "e", "directions": [3], "coords": [7, 3], "color": [1], "components": ["L_orange_3002"]}, {"id": "L_orange_007004", "layout": "E", "orientation": "e", "directions": [3], "coords": [7, 4], "color": [1], "components": []}, {"id": "L_orange_007005", "layout": "C", "orientation": "s", "directions": [3], "coords": [7, 5], "color": [1], "components": []}, {"id": "L_orange_007006", "layout": null, "coords": [7, 6]}, {"id": "L_orange_007007", "layout": null, "coords": [7, 7]}]], "components": {"L_orange_3001": {"cell": [3, 7], "color": 0, "delivered": 0, "id": "L_orange_3001", "locked": true, "passed": 0, "spec": "unlimCondition", "type": "delivery", "userPlaced": false, "acceptedTypes": ["unlimCondition"], "acceptedColors": []}, "L_orange_3002": {"cell": [7, 3], "color": 0, "delivered": 0, "id": "L_orange_3002", "locked": true, "passed": 0, "spec": "unlimCondition", "type": "delivery", "userPlaced": false, "acceptedTypes": ["unlimCondition"], "acceptedColors": []}, "L_orange_2001": {"cell": [2, 2], "color": 1, "id": "L_orange_2001", "locked": true, "passed": 2, "picked": 1, "spec": "unlimCondition", "type": "pickup", "userPlaced": false}, "L_orange_20010": {"cell": [2, 3], "delivered": false, "id": "L_orange_20010", "spec": "unlimCondition", "type": "package"}, "aaaabx": {"cell": [3, 0], "id": "aaaabx", "passed": 1, "spec": "active", "type": "semaphore", "userPlaced": true}, "aaaabw": {"cell": [0, 3], "id": "aaaabw", "passed": 1, "spec": "inactive", "type": "semaphore", "userPlaced": true}, "aaaaby": {"cell": [3, 2], "id": "aaaaby", "spec": "inactive", "type": "signal", "userPlaced": true, "link": "aaaabx"}, "aaaabz": {"cell": [2, 4], "id": "aaaabz", "spec": "inactive", "type": "signal", "userPlaced": true, "link": "aaaabw"}, "L_orange_1002": {"capacity": -1, "cell": [2, 4], "color": 1, "direction": 1, "id": "L_orange_1002", "locked": true, "passed": 0, "spec": "", "type": "thread", "userPlaced": false}, "L_orange_1001": {"capacity": -1, "cell": [4, 2], "color": 2, "direction": 2, "id": "L_orange_1001", "locked": true, "passed": 0, "spec": "", "type": "thread", "userPlaced": false}}}, "category": "DEFAULT", "created": 1624621100990, "id": "7ee8e5cf-9cd0-48ff-9840-c12f7b28dc3b"}, {"type": "SHOW_MESSAGE", "message": "Uploading log data...", "category": "DEFAULT", "created": 1624621102597, "id": "caffd09b-7cda-4331-88aa-ca1af75ad777"}], "metadata": {"platform": "5.0 (Windows NT 10.0; Win64; x64) AppleWebKit/537.36 (KHTML, like Gecko) Chrome/91.0.4472.114 Safari/537.36", "playerId": "09227a0d-8455-402a-9201-d5128b4d51f2"}}