{"id": "bc196560-cafb-4ae0-8e10-bb12911ff32c", "created": 1624614239, "events": [{"type": "BEGIN_LEVEL_LOAD", "name": "orange", "order": "5", "category": "SYSTEM", "created": 1624614146382, "id": "d667141f-b9dd-4fba-8a8c-e737791ad3e1"}, {"type": "BOARD_SNAPSHOT", "board": {"map": [[{"id": "L_orange_000000", "layout": null, "coords": [0, 0]}, {"id": "L_orange_000001", "layout": null, "coords": [0, 1]}, {"id": "L_orange_000002", "layout": "C", "orientation": "n", "directions": [2], "coords": [0, 2], "color": [2], "components": []}, {"id": "L_orange_000003", "layout": "E", "orientation": "e", "directions": [3], "coords": [0, 3], "color": [2], "components": []}, {"id": "L_orange_000004", "layout": "E", "orientation": "e", "directions": [3], "coords": [0, 4], "color": [2], "components": []}, {"id": "L_orange_000005", "layout": "E", "orientation": "e", "directions": [3], "coords": [0, 5], "color": [2], "components": ["L_orange_1001"]}, {"id": "L_orange_000006", "layout": "E", "orientation": "e", "directions": [3], "coords": [0, 6], "color": [2], "components": []}, {"id": "L_orange_000007", "layout": "C", "orientation": "e", "directions": [3], "coords": [0, 7], "color": [2], "components": []}], [{"id": "L_orange_001000", "layout": null, "coords": [1, 0]}, {"id": "L_orange_001001", "layout": null, "coords": [1, 1]}, {"id": "L_orange_001002", "layout": "E", "orientation": "n", "directions": [2], "coords": [1, 2], "color": [2], "components": []}, {"id": "L_orange_001003", "layout": null, "coords": [1, 3]}, {"id": "L_orange_001004", "layout": null, "coords": [1, 4]}, {"id": "L_orange_001005", "layout": null, "coords": [1, 5]}, {"id": "L_orange_001006", "layout": null, "coords": [1, 6]}, {"id": "L_orange_001007", "layout": "E", "orientation": "n", "directions": [4], "coords": [1, 7], "color": [2], "components": []}], [{"id": "L_orange_002000", "layout": "C", "orientation": "n", "directions": [1], "coords": [2, 0], "color": [1], "components": []}, {"id": "L_orange_002001", "layout": "E", "orientation": "e", "directions": [1], "coords": [2, 1], "color": [1], "components": []}, {"id": "L_orange_002002", "layout": "O", "orientation": "e", "directions": [1, 2], "coords": [2, 2], "color": [1, 2], "components": ["L_orange_2001"]}, {"id": "L_orange_002003", "layout": "E", "orientation": "e", "directions": [1], "coords": [2, 3], "color": [1], "components": []}, {"id": "L_orange_002004", "layout": "E", "orientation": "e", "directions": [1], "coords": [2, 4], "color": [1], "components": []}, {"id": "L_orange_002005", "layout": "C", "orientation": "e", "directions": [2], "coords": [2, 5], "color": [1], "components": []}, {"id": "L_orange_002006", "layout": null, "coords": [2, 6]}, {"id": "L_orange_002007", "layout": "E", "orientation": "n", "directions": [4], "coords": [2, 7], "color": [2], "components": []}], [{"id": "L_orange_003000", "layout": "E", "orientation": "n", "directions": [4], "coords": [3, 0], "color": [1], "components": []}, {"id": "L_orange_003001", "layout": null, "coords": [3, 1]}, {"id": "L_orange_003002", "layout": "E", "orientation": "n", "directions": [2], "coords": [3, 2], "color": [2], "components": []}, {"id": "L_orange_003003", "layout": null, "coords": [3, 3]}, {"id": "L_orange_003004", "layout": null, "coords": [3, 4]}, {"id": "L_orange_003005", "layout": "E", "orientation": "n", "directions": [2], "coords": [3, 5], "color": [1], "components": []}, {"id": "L_orange_003006", "layout": null, "coords": [3, 6]}, {"id": "L_orange_003007", "layout": "E", "orientation": "n", "directions": [4], "coords": [3, 7], "color": [2], "components": ["L_orange_3001"]}], [{"id": "L_orange_004000", "layout": "E", "orientation": "n", "directions": [4], "coords": [4, 0], "color": [1], "components": []}, {"id": "L_orange_004001", "layout": null, "coords": [4, 1]}, {"id": "L_orange_004002", "layout": "E", "orientation": "n", "directions": [2], "coords": [4, 2], "color": [2], "components": []}, {"id": "L_orange_004003", "layout": null, "coords": [4, 3]}, {"id": "L_orange_004004", "layout": null, "coords": [4, 4]}, {"id": "L_orange_004005", "layout": "E", "orientation": "n", "directions": [2], "coords": [4, 5], "color": [1], "components": []}, {"id": "L_orange_004006", "layout": null, "coords": [4, 6]}, {"id": "L_orange_004007", "layout": "E", "orientation": "n", "directions": [4], "coords": [4, 7], "color": [2], "components": []}], [{"id": "L_orange_005000", "layout": "E", "orientation": "n", "directions": [4], "coords": [5, 0], "color": [1], "components": ["L_orange_1002"]}, {"id": "L_orange_005001", "layout": null, "coords": [5, 1]}, {"id": "L_orange_005002", "layout": "C", "orientation": "w", "directions": [1], "coords": [5, 2], "color": [2], "components": []}, {"id": "L_orange_005003", "layout": "E", "orientation": "e", "directions": [1], "coords": [5, 3], "color": [2], "components": []}, {"id": "L_orange_005004", "layout": "E", "orientation": "e", "directions": [1], "coords": [5, 4], "color": [2], "components": []}, {"id": "L_orange_005005", "layout": "O", "orientation": "e", "directions": [1, 2], "coords": [5, 5], "color": [1, 2], "components": []}, {"id": "L_orange_005006", "layout": "E", "orientation": "e", "directions": [1], "coords": [5, 6], "color": [2], "components": []}, {"id": "L_orange_005007", "layout": "C", "orientation": "s", "directions": [4], "coords": [5, 7], "color": [2], "components": []}], [{"id": "L_orange_006000", "layout": "E", "orientation": "n", "directions": [4], "coords": [6, 0], "color": [1], "components": []}, {"id": "L_orange_006001", "layout": null, "coords": [6, 1]}, {"id": "L_orange_006002", "layout": null, "coords": [6, 2]}, {"id": "L_orange_006003", "layout": null, "coords": [6, 3]}, {"id": "L_orange_006004", "layout": null, "coords": [6, 4]}, {"id": "L_orange_006005", "layout": "E", "orientation": "n", "directions": [2], "coords": [6, 5], "color": [1], "components": []}, {"id": "L_orange_006006", "layout": null, "coords": [6, 6]}, {"id": "L_orange_006007", "layout": null, "coords": [6, 7]}], [{"id": "L_orange_007000", "layout": "C", "orientation": "w", "directions": [4], "coords": [7, 0], "color": [1], "components": []}, {"id": "L_orange_007001", "layout": "E", "orientation": "e", "directions": [3], "coords": [7, 1], "color": [1], "components": []}, {"id": "L_orange_007002", "layout": "E", "orientation": "e", "directions": [3], "coords": [7, 2], "color": [1], "components": []}, {"id": "L_orange_007003", "layout": "E", "orientation": "e", "directions": [3], "coords": [7, 3], "color": [1], "components": ["L_orange_3002"]}, {"id": "L_orange_007004", "layout": "E", "orientation": "e", "directions": [3], "coords": [7, 4], "color": [1], "components": []}, {"id": "L_orange_007005", "layout": "C", "orientation": "s", "directions": [3], "coords": [7, 5], "color": [1], "components": []}, {"id": "L_orange_007006", "layout": null, "coords": [7, 6]}, {"id": "L_orange_007007", "layout": null, "coords": [7, 7]}]], "components": {"L_orange_1001": {"capacity": -1, "cell": [0, 5], "color": 2, "direction": 3, "id": "L_orange_1001", "locked": true, "passed": 0, "spec": "", "type": "thread", "userPlaced": false}, "L_orange_1002": {"capacity": -1, "cell": [5, 0], "color": 1, "direction": 4, "id": "L_orange_1002", "locked": true, "passed": 0, "spec": "", "type": "thread", "userPlaced": false}, "L_orange_2001": {"cell": [2, 2], "color": 1, "id": "L_orange_2001", "locked": true, "passed": 0, "picked": 0, "spec": "unlimCondition", "type": "pickup", "userPlaced": false}, "L_orange_3001": {"cell": [3, 7], "color": 0, "delivered": 0, "id": "L_orange_3001", "locked": true, "passed": 0, "spec": "unlimCondition", "type": "delivery", "userPlaced": false, "acceptedTypes": ["unlimCondition"], "acceptedColors": []}, "L_orange_3002": {"cell": [7, 3], "color": 0, "delivered": 0, "id": "L_orange_3002", "locked": true, "passed": 0, "spec": "unlimCondition", "type": "delivery", "userPlaced": false, "acceptedTypes": ["unlimCondition"], "acceptedColors": []}}}, "category": "DEFAULT", "created": 1624614146412, "id": "c0bd4fb8-418e-4552-9834-87038ddee307"}, {"type": "FINISH_LEVEL_LOAD", "name": "orange", "order": "5", "category": "SYSTEM", "created": 1624614146414, "id": "a34bb9fd-38c9-4ed7-aa4c-92912cd1bb25"}, {"type": "ADD_ELEMENT", "element": {"cell": [1, 2], "id": "aaaaba", "spec": "inactive", "type": "semaphore", "userPlaced": true}, "category": "DEFAULT", "created": 1624614152568, "id": "cbe1f881-9326-4fe1-b6cd-e7bd41d2d6bc"}, {"type": "ADD_ELEMENT", "element": {"cell": [2, 1], "id": "aaaabb", "spec": "inactive", "type": "semaphore", "userPlaced": true}, "category": "DEFAULT", "created": 1624614155511, "id": "561a2c37-bea9-4730-8895-bbbd458c8745"}, {"type": "SHOW_MESSAGE", "message": "Cannot move to an occupied cell!", "category": "DEFAULT", "created": 1624614159159, "id": "bcf8187b-1d4a-42c3-bcb1-8de624348509"}, {"type": "HIGHLIGHT_TRACK", "value": true, "index": 2, "category": "DEFAULT", "created": 1624614159179, "id": "7df7fca3-62fe-4d69-951c-b530e30ded3d"}, {"type": "HIGHLIGHT_TRACK", "value": false, "index": 2, "category": "DEFAULT", "created": 1624614159868, "id": "57c3170d-c5a2-4e4a-a553-5abf135ab702"}, {"type": "ADD_ELEMENT", "element": {"cell": [0, 6], "id": "aaaabc", "spec": "inactive", "type": "signal", "userPlaced": true}, "category": "DEFAULT", "created": 1624614162477, "id": "97bd5c41-5477-468d-a9a7-60e6582891f1"}, {"type": "HIGHLIGHT_TRACK", "value": true, "index": 2, "category": "DEFAULT", "created": 1624614165538, "id": "2d2bce03-0406-4959-bd8e-aab6c53fabf5"}, {"type": "HIGHLIGHT_TRACK", "value": false, "index": 2, "category": "DEFAULT", "created": 1624614165555, "id": "a05413fa-eef4-4511-9c90-5caa6136b0ad"}, {"type": "ADD_ELEMENT", "element": {"cell": [6, 0], "id": "aaaabd", "spec": "inactive", "type": "signal", "userPlaced": true}, "category": "DEFAULT", "created": 1624614168150, "id": "cc0bc8a8-3f63-447e-b97f-c2eb9987e82f"}, {"type": "HIGHLIGHT_TRACK", "value": true, "index": 1, "category": "DEFAULT", "created": 1624614173337, "id": "5401bbf0-dfab-4bbc-9a1e-6f0aa66522f2"}, {"type": "ADD_ELEMENT", "element": {"cell": [7, 2], "id": "aaaabe", "spec": "inactive", "type": "semaphore", "userPlaced": true}, "category": "DEFAULT", "created": 1624614175048, "id": "707a8ba7-cb2f-4acc-99fc-bc2d043f991e"}, {"type": "SHOW_MESSAGE", "message": "Elements must be placed on path!", "category": "DEFAULT", "created": 1624614180934, "id": "5751f6ff-ec43-4fe7-bbc2-5e4327acae12"}, {"type": "ADD_ELEMENT", "element": {"cell": [2, 7], "id": "aaaabf", "spec": "inactive", "type": "semaphore", "userPlaced": true}, "category": "DEFAULT", "created": 1624614184481, "id": "415cfe94-ccd4-4514-b2b7-b4e13bbee432"}, {"type": "MOVE_ELEMENT", "startCell": [2, 7], "element": {"cell": [2, 7], "id": "aaaabf", "spec": "inactive", "type": "semaphore", "userPlaced": true}, "category": "DEFAULT", "created": 1624614186811, "id": "5c3b7aa6-6cbb-4e6f-aa5d-48425591c179"}, {"type": "MOVE_ELEMENT", "startCell": [2, 7], "element": {"cell": [2, 7], "id": "aaaabf", "spec": "inactive", "type": "semaphore", "userPlaced": true}, "category": "DEFAULT", "created": 1624614187863, "id": "17f0a16c-d26a-4e24-aaec-8781e1285756"}, {"type": "TOGGLE_ELEMENT", "element": {"cell": [2, 7], "id": "aaaabf", "spec": "active", "type": "semaphore", "userPlaced": true}, "category": "DEFAULT", "created": 1624614187867, "id": "907c7b85-d622-4d34-b872-5bb5b1cd54e0"}, {"type": "MOVE_ELEMENT", "startCell": [7, 2], "element": {"cell": [7, 2], "id": "aaaabe", "spec": "inactive", "type": "semaphore", "userPlaced": true}, "category": "DEFAULT", "created": 1624614189513, "id": "d5d6ce4a-dba3-46a3-89dc-26fc39d4f756"}, {"type": "TOGGLE_ELEMENT", "element": {"cell": [7, 2], "id": "aaaabe", "spec": "active", "type": "semaphore", "userPlaced": true}, "category": "DEFAULT", "created": 1624614189516, "id": "3836e615-ec9e-4667-9ee3-97405367a890"}, {"type": "MOVE_ELEMENT", "startCell": [1, 2], "element": {"cell": [1, 2], "id": "aaaaba", "spec": "inactive", "type": "semaphore", "userPlaced": true}, "category": "DEFAULT", "created": 1624614191944, "id": "2a31e1b6-4efb-4758-831b-fa9224ca1b1f"}, {"type": "TOGGLE_ELEMENT", "element": {"cell": [1, 2], "id": "aaaaba", "spec": "active", "type": "semaphore", "userPlaced": true}, "category": "DEFAULT", "created": 1624614191947, "id": "a2eb0adb-22f7-4189-b5b7-8e0b53235a11"}, {"type": "BEGIN_LINK", "element": {"cell": [0, 6], "id": "aaaabc", "spec": "inactive", "type": "signal", "userPlaced": true}, "category": "DEFAULT", "created": 1624614196501, "id": "471070a9-a746-40fd-972f-128e583ae700"}, {"type": "FINISH_LINK", "element": {"cell": [2, 1], "id": "aaaabb", "spec": "inactive", "type": "semaphore", "userPlaced": true}, "category": "DEFAULT", "created": 1624614199299, "id": "f9c5d61f-3561-4c87-a887-838b8d4860fc"}, {"type": "BEGIN_LINK", "element": {"cell": [6, 0], "id": "aaaabd", "spec": "inactive", "type": "signal", "userPlaced": true}, "category": "DEFAULT", "created": 1624614201530, "id": "3dc42053-5eb3-45f1-abd5-68292c352647"}, {"type": "FINISH_LINK", "element": {"cell": [1, 2], "id": "aaaaba", "spec": "active", "type": "semaphore", "userPlaced": true}, "category": "DEFAULT", "created": 1624614203206, "id": "d3383987-5e45-4fac-9a38-602284401b3c"}, {"type": "BEGIN_SIMULATION", "current": -1, "total": null, "category": "DEFAULT", "created": 1624614208504, "id": "9867a4fa-4b45-4b5b-9f99-f1bab2703b2e"}, {"type": "SET_REFLECTION_CONTENT", "content": {"status": "success", "title": "Successful Solution", "titleIcon": "success.png", "subtitle": "Good job!", "description": "You successfully prevented Starvation!", "simType": "TEST", "numUserPlacedComponents": 6, "header": "Knowledge Unlocked:", "goals": [{"title": "The pickup did not have too many packages picked up.", "icon": "pickup.png", "status": "success", "actual": 2, "target": 5, "comparison": "lt", "component": {"id": "L_orange_2001", "type": "pickup", "spec": "unlimCondition", "color": 1}, "triggeredFailure": false}, {"title": "The delivery point received at least enough packages.", "icon": "delivery.png", "status": "success", "actual": 1, "target": 0, "comparison": "gt", "component": {"id": "L_orange_3001", "type": "delivery", "spec": "unlimCondition", "color": 0}, "triggeredFailure": false}, {"title": "The delivery point received at least enough packages.", "icon": "delivery.png", "status": "success", "actual": 1, "target": 0, "comparison": "gt", "component": {"id": "L_orange_3002", "type": "delivery", "spec": "unlimCondition", "color": 0}, "triggeredFailure": false}], "reflections": [{"description": "This level showcases Starvation, which occurs when a thread is blocked or prevented from reaching the resource it needs to complete its goal in the program.", "media": "ConcurrencyGifStarvation", "mediaType": "gif"}]}, "category": "SYSTEM", "created": 1624614208517, "id": "bcf5d312-250d-4eb9-9b02-568cd76da25b"}, {"type": "SKIP_SIMULATION", "current": 13, "total": 78, "category": "DEFAULT", "created": 1624614209997, "id": "e4253eea-ecc5-43a9-a776-baffc4a4aaa1"}, {"type": "FINISH_SIMULATION", "current": 77, "total": 78, "category": "DEFAULT", "created": 1624614210206, "id": "b0751ceb-da46-4505-aab8-4c21b39701da"}, {"type": "BOARD_SNAPSHOT", "board": {"map": [[{"id": "L_orange_000000", "layout": null, "coords": [0, 0]}, {"id": "L_orange_000001", "layout": null, "coords": [0, 1]}, {"id": "L_orange_000002", "layout": "C", "orientation": "n", "directions": [2], "coords": [0, 2], "color": [2], "components": []}, {"id": "L_orange_000003", "layout": "E", "orientation": "e", "directions": [3], "coords": [0, 3], "color": [2], "components": []}, {"id": "L_orange_000004", "layout": "E", "orientation": "e", "directions": [3], "coords": [0, 4], "color": [2], "components": []}, {"id": "L_orange_000005", "layout": "E", "orientation": "e", "directions": [3], "coords": [0, 5], "color": [2], "components": ["L_orange_1001"]}, {"id": "L_orange_000006", "layout": "E", "orientation": "e", "directions": [3], "coords": [0, 6], "color": [2], "components": ["aaaabc"]}, {"id": "L_orange_000007", "layout": "C", "orientation": "e", "directions": [3], "coords": [0, 7], "color": [2], "components": []}], [{"id": "L_orange_001000", "layout": null, "coords": [1, 0]}, {"id": "L_orange_001001", "layout": null, "coords": [1, 1]}, {"id": "L_orange_001002", "layout": "E", "orientation": "n", "directions": [2], "coords": [1, 2], "color": [2], "components": ["aaaaba"]}, {"id": "L_orange_001003", "layout": null, "coords": [1, 3]}, {"id": "L_orange_001004", "layout": null, "coords": [1, 4]}, {"id": "L_orange_001005", "layout": null, "coords": [1, 5]}, {"id": "L_orange_001006", "layout": null, "coords": [1, 6]}, {"id": "L_orange_001007", "layout": "E", "orientation": "n", "directions": [4], "coords": [1, 7], "color": [2], "components": []}], [{"id": "L_orange_002000", "layout": "C", "orientation": "n", "directions": [1], "coords": [2, 0], "color": [1], "components": ["L_orange_1002"]}, {"id": "L_orange_002001", "layout": "E", "orientation": "e", "directions": [1], "coords": [2, 1], "color": [1], "components": ["aaaabb"]}, {"id": "L_orange_002002", "layout": "O", "orientation": "e", "directions": [1, 2], "coords": [2, 2], "color": [1, 2], "components": ["L_orange_2001", "L_orange_20010"]}, {"id": "L_orange_002003", "layout": "E", "orientation": "e", "directions": [1], "coords": [2, 3], "color": [1], "components": []}, {"id": "L_orange_002004", "layout": "E", "orientation": "e", "directions": [1], "coords": [2, 4], "color": [1], "components": []}, {"id": "L_orange_002005", "layout": "C", "orientation": "e", "directions": [2], "coords": [2, 5], "color": [1], "components": []}, {"id": "L_orange_002006", "layout": null, "coords": [2, 6]}, {"id": "L_orange_002007", "layout": "E", "orientation": "n", "directions": [4], "coords": [2, 7], "color": [2], "components": ["aaaabf"]}], [{"id": "L_orange_003000", "layout": "E", "orientation": "n", "directions": [4], "coords": [3, 0], "color": [1], "components": []}, {"id": "L_orange_003001", "layout": null, "coords": [3, 1]}, {"id": "L_orange_003002", "layout": "E", "orientation": "n", "directions": [2], "coords": [3, 2], "color": [2], "components": ["L_orange_1001"]}, {"id": "L_orange_003003", "layout": null, "coords": [3, 3]}, {"id": "L_orange_003004", "layout": null, "coords": [3, 4]}, {"id": "L_orange_003005", "layout": "E", "orientation": "n", "directions": [2], "coords": [3, 5], "color": [1], "components": []}, {"id": "L_orange_003006", "layout": null, "coords": [3, 6]}, {"id": "L_orange_003007", "layout": "E", "orientation": "n", "directions": [4], "coords": [3, 7], "color": [2], "components": ["L_orange_3001"]}], [{"id": "L_orange_004000", "layout": "E", "orientation": "n", "directions": [4], "coords": [4, 0], "color": [1], "components": []}, {"id": "L_orange_004001", "layout": null, "coords": [4, 1]}, {"id": "L_orange_004002", "layout": "E", "orientation": "n", "directions": [2], "coords": [4, 2], "color": [2], "components": []}, {"id": "L_orange_004003", "layout": null, "coords": [4, 3]}, {"id": "L_orange_004004", "layout": null, "coords": [4, 4]}, {"id": "L_orange_004005", "layout": "E", "orientation": "n", "directions": [2], "coords": [4, 5], "color": [1], "components": []}, {"id": "L_orange_004006", "layout": null, "coords": [4, 6]}, {"id": "L_orange_004007", "layout": "E", "orientation": "n", "directions": [4], "coords": [4, 7], "color": [2], "components": []}], [{"id": "L_orange_005000", "layout": "E", "orientation": "n", "directions": [4], "coords": [5, 0], "color": [1], "components": ["L_orange_1002"]}, {"id": "L_orange_005001", "layout": null, "coords": [5, 1]}, {"id": "L_orange_005002", "layout": "C", "orientation": "w", "directions": [1], "coords": [5, 2], "color": [2], "components": []}, {"id": "L_orange_005003", "layout": "E", "orientation": "e", "directions": [1], "coords": [5, 3], "color": [2], "components": []}, {"id": "L_orange_005004", "layout": "E", "orientation": "e", "directions": [1], "coords": [5, 4], "color": [2], "components": []}, {"id": "L_orange_005005", "layout": "O", "orientation": "e", "directions": [1, 2], "coords": [5, 5], "color": [1, 2], "components": []}, {"id": "L_orange_005006", "layout": "E", "orientation": "e", "directions": [1], "coords": [5, 6], "color": [2], "components": []}, {"id": "L_orange_005007", "layout": "C", "orientation": "s", "directions": [4], "coords": [5, 7], "color": [2], "components": []}], [{"id": "L_orange_006000", "layout": "E", "orientation": "n", "directions": [4], "coords": [6, 0], "color": [1], "components": ["aaaabd"]}, {"id": "L_orange_006001", "layout": null, "coords": [6, 1]}, {"id": "L_orange_006002", "layout": null, "coords": [6, 2]}, {"id": "L_orange_006003", "layout": null, "coords": [6, 3]}, {"id": "L_orange_006004", "layout": null, "coords": [6, 4]}, {"id": "L_orange_006005", "layout": "E", "orientation": "n", "directions": [2], "coords": [6, 5], "color": [1], "components": []}, {"id": "L_orange_006006", "layout": null, "coords": [6, 6]}, {"id": "L_orange_006007", "layout": null, "coords": [6, 7]}], [{"id": "L_orange_007000", "layout": "C", "orientation": "w", "directions": [4], "coords": [7, 0], "color": [1], "components": []}, {"id": "L_orange_007001", "layout": "E", "orientation": "e", "directions": [3], "coords": [7, 1], "color": [1], "components": []}, {"id": "L_orange_007002", "layout": "E", "orientation": "e", "directions": [3], "coords": [7, 2], "color": [1], "components": ["aaaabe"]}, {"id": "L_orange_007003", "layout": "E", "orientation": "e", "directions": [3], "coords": [7, 3], "color": [1], "components": ["L_orange_3002"]}, {"id": "L_orange_007004", "layout": "E", "orientation": "e", "directions": [3], "coords": [7, 4], "color": [1], "components": []}, {"id": "L_orange_007005", "layout": "C", "orientation": "s", "directions": [3], "coords": [7, 5], "color": [1], "components": []}, {"id": "L_orange_007006", "layout": null, "coords": [7, 6]}, {"id": "L_orange_007007", "layout": null, "coords": [7, 7]}]], "components": {"L_orange_3001": {"cell": [3, 7], "color": 0, "delivered": 0, "id": "L_orange_3001", "locked": true, "passed": 0, "spec": "unlimCondition", "type": "delivery", "userPlaced": false, "acceptedTypes": ["unlimCondition"], "acceptedColors": []}, "L_orange_3002": {"cell": [7, 3], "color": 0, "delivered": 0, "id": "L_orange_3002", "locked": true, "passed": 0, "spec": "unlimCondition", "type": "delivery", "userPlaced": false, "acceptedTypes": ["unlimCondition"], "acceptedColors": []}, "L_orange_2001": {"cell": [2, 2], "color": 1, "id": "L_orange_2001", "locked": true, "passed": 1, "picked": 1, "spec": "unlimCondition", "type": "pickup", "userPlaced": false}, "aaaabf": {"cell": [2, 7], "id": "aaaabf", "spec": "active", "type": "semaphore", "userPlaced": true}, "aaaabe": {"cell": [7, 2], "id": "aaaabe", "spec": "active", "type": "semaphore", "userPlaced": true}, "aaaaba": {"cell": [1, 2], "id": "aaaaba", "passed": 1, "spec": "inactive", "type": "semaphore", "userPlaced": true}, "aaaabb": {"cell": [2, 1], "id": "aaaabb", "spec": "inactive", "type": "semaphore", "userPlaced": true}, "aaaabc": {"cell": [0, 6], "id": "aaaabc", "spec": "inactive", "type": "signal", "userPlaced": true, "link": "aaaabb"}, "aaaabd": {"cell": [6, 0], "id": "aaaabd", "spec": "inactive", "type": "signal", "userPlaced": true, "link": "aaaaba"}, "L_orange_1002": {"capacity": -1, "cell": [2, 0], "color": 1, "direction": 4, "id": "L_orange_1002", "locked": true, "passed": 0, "spec": "", "type": "thread", "userPlaced": false}, "L_orange_1001": {"capacity": -1, "cell": [3, 2], "color": 2, "direction": 2, "id": "L_orange_1001", "locked": true, "passed": 0, "spec": "", "type": "thread", "userPlaced": false}, "L_orange_20010": {"cell": [2, 2], "delivered": false, "id": "L_orange_20010", "spec": "unlimCondition", "type": "package"}}}, "category": "DEFAULT", "created": 1624614210230, "id": "a30666f3-e249-48f3-a0d0-198963025372"}, {"type": "BEGIN_SIMULATION", "current": -1, "total": 78, "category": "DEFAULT", "created": 1624614215641, "id": "3325af1f-9b71-4250-bf9c-8d0e88bc6be2"}, {"type": "SET_REFLECTION_CONTENT", "content": {"status": "success", "title": "Successful Solution", "titleIcon": "success.png", "subtitle": "Good job!", "description": "You successfully prevented Starvation!", "simType": "SUBMIT", "numUserPlacedComponents": 6, "header": "Knowledge Unlocked:", "goals": [{"title": "The pickup did not have too many packages picked up.", "icon": "pickup.png", "status": "success", "actual": 2, "target": 5, "comparison": "lt", "component": {"id": "L_orange_2001", "type": "pickup", "spec": "unlimCondition", "color": 1}, "triggeredFailure": false}, {"title": "The delivery point received at least enough packages.", "icon": "delivery.png", "status": "success", "actual": 1, "target": 0, "comparison": "gt", "component": {"id": "L_orange_3001", "type": "delivery", "spec": "unlimCondition", "color": 0}, "triggeredFailure": false}, {"title": "The delivery point received at least enough packages.", "icon": "delivery.png", "status": "success", "actual": 1, "target": 0, "comparison": "gt", "component": {"id": "L_orange_3002", "type": "delivery", "spec": "unlimCondition", "color": 0}, "triggeredFailure": false}], "reflections": [{"description": "This level showcases Starvation, which occurs when a thread is blocked or prevented from reaching the resource it needs to complete its goal in the program.", "media": "ConcurrencyGifStarvation", "mediaType": "gif"}]}, "category": "SYSTEM", "created": 1624614220592, "id": "d106bb31-ba89-4dbf-bdb2-82ff42274dc0"}, {"type": "SKIP_SIMULATION", "current": 16, "total": 78, "category": "DEFAULT", "created": 1624614222450, "id": "583ae371-0047-4e99-ba9f-5d2b2d66dcd2"}, {"type": "FINISH_SIMULATION", "current": 77, "total": 78, "category": "DEFAULT", "created": 1624614222590, "id": "a15453ae-4197-4df6-ac16-7edc68935e69"}, {"type": "BOARD_SNAPSHOT", "board": {"map": [[{"id": "L_orange_000000", "layout": null, "coords": [0, 0]}, {"id": "L_orange_000001", "layout": null, "coords": [0, 1]}, {"id": "L_orange_000002", "layout": "C", "orientation": "n", "directions": [2], "coords": [0, 2], "color": [2], "components": []}, {"id": "L_orange_000003", "layout": "E", "orientation": "e", "directions": [3], "coords": [0, 3], "color": [2], "components": []}, {"id": "L_orange_000004", "layout": "E", "orientation": "e", "directions": [3], "coords": [0, 4], "color": [2], "components": []}, {"id": "L_orange_000005", "layout": "E", "orientation": "e", "directions": [3], "coords": [0, 5], "color": [2], "components": ["L_orange_1001"]}, {"id": "L_orange_000006", "layout": "E", "orientation": "e", "directions": [3], "coords": [0, 6], "color": [2], "components": ["aaaabc"]}, {"id": "L_orange_000007", "layout": "C", "orientation": "e", "directions": [3], "coords": [0, 7], "color": [2], "components": []}], [{"id": "L_orange_001000", "layout": null, "coords": [1, 0]}, {"id": "L_orange_001001", "layout": null, "coords": [1, 1]}, {"id": "L_orange_001002", "layout": "E", "orientation": "n", "directions": [2], "coords": [1, 2], "color": [2], "components": ["aaaaba"]}, {"id": "L_orange_001003", "layout": null, "coords": [1, 3]}, {"id": "L_orange_001004", "layout": null, "coords": [1, 4]}, {"id": "L_orange_001005", "layout": null, "coords": [1, 5]}, {"id": "L_orange_001006", "layout": null, "coords": [1, 6]}, {"id": "L_orange_001007", "layout": "E", "orientation": "n", "directions": [4], "coords": [1, 7], "color": [2], "components": []}], [{"id": "L_orange_002000", "layout": "C", "orientation": "n", "directions": [1], "coords": [2, 0], "color": [1], "components": ["L_orange_1002"]}, {"id": "L_orange_002001", "layout": "E", "orientation": "e", "directions": [1], "coords": [2, 1], "color": [1], "components": ["aaaabb"]}, {"id": "L_orange_002002", "layout": "O", "orientation": "e", "directions": [1, 2], "coords": [2, 2], "color": [1, 2], "components": ["L_orange_2001"]}, {"id": "L_orange_002003", "layout": "E", "orientation": "e", "directions": [1], "coords": [2, 3], "color": [1], "components": []}, {"id": "L_orange_002004", "layout": "E", "orientation": "e", "directions": [1], "coords": [2, 4], "color": [1], "components": []}, {"id": "L_orange_002005", "layout": "C", "orientation": "e", "directions": [2], "coords": [2, 5], "color": [1], "components": []}, {"id": "L_orange_002006", "layout": null, "coords": [2, 6]}, {"id": "L_orange_002007", "layout": "E", "orientation": "n", "directions": [4], "coords": [2, 7], "color": [2], "components": ["aaaabf"]}], [{"id": "L_orange_003000", "layout": "E", "orientation": "n", "directions": [4], "coords": [3, 0], "color": [1], "components": []}, {"id": "L_orange_003001", "layout": null, "coords": [3, 1]}, {"id": "L_orange_003002", "layout": "E", "orientation": "n", "directions": [2], "coords": [3, 2], "color": [2], "components": ["L_orange_20010"]}, {"id": "L_orange_003003", "layout": null, "coords": [3, 3]}, {"id": "L_orange_003004", "layout": null, "coords": [3, 4]}, {"id": "L_orange_003005", "layout": "E", "orientation": "n", "directions": [2], "coords": [3, 5], "color": [1], "components": []}, {"id": "L_orange_003006", "layout": null, "coords": [3, 6]}, {"id": "L_orange_003007", "layout": "E", "orientation": "n", "directions": [4], "coords": [3, 7], "color": [2], "components": ["L_orange_3001"]}], [{"id": "L_orange_004000", "layout": "E", "orientation": "n", "directions": [4], "coords": [4, 0], "color": [1], "components": []}, {"id": "L_orange_004001", "layout": null, "coords": [4, 1]}, {"id": "L_orange_004002", "layout": "E", "orientation": "n", "directions": [2], "coords": [4, 2], "color": [2], "components": []}, {"id": "L_orange_004003", "layout": null, "coords": [4, 3]}, {"id": "L_orange_004004", "layout": null, "coords": [4, 4]}, {"id": "L_orange_004005", "layout": "E", "orientation": "n", "directions": [2], "coords": [4, 5], "color": [1], "components": []}, {"id": "L_orange_004006", "layout": null, "coords": [4, 6]}, {"id": "L_orange_004007", "layout": "E", "orientation": "n", "directions": [4], "coords": [4, 7], "color": [2], "components": []}], [{"id": "L_orange_005000", "layout": "E", "orientation": "n", "directions": [4], "coords": [5, 0], "color": [1], "components": ["L_orange_1002"]}, {"id": "L_orange_005001", "layout": null, "coords": [5, 1]}, {"id": "L_orange_005002", "layout": "C", "orientation": "w", "directions": [1], "coords": [5, 2], "color": [2], "components": ["L_orange_1001"]}, {"id": "L_orange_005003", "layout": "E", "orientation": "e", "directions": [1], "coords": [5, 3], "color": [2], "components": []}, {"id": "L_orange_005004", "layout": "E", "orientation": "e", "directions": [1], "coords": [5, 4], "color": [2], "components": []}, {"id": "L_orange_005005", "layout": "O", "orientation": "e", "directions": [1, 2], "coords": [5, 5], "color": [1, 2], "components": []}, {"id": "L_orange_005006", "layout": "E", "orientation": "e", "directions": [1], "coords": [5, 6], "color": [2], "components": []}, {"id": "L_orange_005007", "layout": "C", "orientation": "s", "directions": [4], "coords": [5, 7], "color": [2], "components": []}], [{"id": "L_orange_006000", "layout": "E", "orientation": "n", "directions": [4], "coords": [6, 0], "color": [1], "components": ["aaaabd"]}, {"id": "L_orange_006001", "layout": null, "coords": [6, 1]}, {"id": "L_orange_006002", "layout": null, "coords": [6, 2]}, {"id": "L_orange_006003", "layout": null, "coords": [6, 3]}, {"id": "L_orange_006004", "layout": null, "coords": [6, 4]}, {"id": "L_orange_006005", "layout": "E", "orientation": "n", "directions": [2], "coords": [6, 5], "color": [1], "components": []}, {"id": "L_orange_006006", "layout": null, "coords": [6, 6]}, {"id": "L_orange_006007", "layout": null, "coords": [6, 7]}], [{"id": "L_orange_007000", "layout": "C", "orientation": "w", "directions": [4], "coords": [7, 0], "color": [1], "components": []}, {"id": "L_orange_007001", "layout": "E", "orientation": "e", "directions": [3], "coords": [7, 1], "color": [1], "components": []}, {"id": "L_orange_007002", "layout": "E", "orientation": "e", "directions": [3], "coords": [7, 2], "color": [1], "components": ["aaaabe"]}, {"id": "L_orange_007003", "layout": "E", "orientation": "e", "directions": [3], "coords": [7, 3], "color": [1], "components": ["L_orange_3002"]}, {"id": "L_orange_007004", "layout": "E", "orientation": "e", "directions": [3], "coords": [7, 4], "color": [1], "components": []}, {"id": "L_orange_007005", "layout": "C", "orientation": "s", "directions": [3], "coords": [7, 5], "color": [1], "components": []}, {"id": "L_orange_007006", "layout": null, "coords": [7, 6]}, {"id": "L_orange_007007", "layout": null, "coords": [7, 7]}]], "components": {"L_orange_3001": {"cell": [3, 7], "color": 0, "delivered": 0, "id": "L_orange_3001", "locked": true, "passed": 0, "spec": "unlimCondition", "type": "delivery", "userPlaced": false, "acceptedTypes": ["unlimCondition"], "acceptedColors": []}, "L_orange_3002": {"cell": [7, 3], "color": 0, "delivered": 0, "id": "L_orange_3002", "locked": true, "passed": 0, "spec": "unlimCondition", "type": "delivery", "userPlaced": false, "acceptedTypes": ["unlimCondition"], "acceptedColors": []}, "L_orange_2001": {"cell": [2, 2], "color": 1, "id": "L_orange_2001", "locked": true, "passed": 1, "picked": 1, "spec": "unlimCondition", "type": "pickup", "userPlaced": false}, "aaaabf": {"cell": [2, 7], "id": "aaaabf", "spec": "active", "type": "semaphore", "userPlaced": true}, "aaaabe": {"cell": [7, 2], "id": "aaaabe", "spec": "active", "type": "semaphore", "userPlaced": true}, "aaaaba": {"cell": [1, 2], "id": "aaaaba", "passed": 1, "spec": "inactive", "type": "semaphore", "userPlaced": true}, "aaaabb": {"cell": [2, 1], "id": "aaaabb", "spec": "inactive", "type": "semaphore", "userPlaced": true}, "aaaabc": {"cell": [0, 6], "id": "aaaabc", "spec": "inactive", "type": "signal", "userPlaced": true, "link": "aaaabb"}, "aaaabd": {"cell": [6, 0], "id": "aaaabd", "spec": "inactive", "type": "signal", "userPlaced": true, "link": "aaaaba"}, "L_orange_1002": {"capacity": -1, "cell": [2, 0], "color": 1, "direction": 4, "id": "L_orange_1002", "locked": true, "passed": 0, "spec": "", "type": "thread", "userPlaced": false}, "L_orange_1001": {"capacity": -1, "cell": [5, 2], "color": 2, "direction": 2, "id": "L_orange_1001", "locked": true, "passed": 0, "spec": "", "type": "thread", "userPlaced": false}, "L_orange_20010": {"cell": [3, 2], "delivered": false, "id": "L_orange_20010", "spec": "unlimCondition", "type": "package"}}}, "category": "DEFAULT", "created": 1624614222608, "id": "dd248750-6df2-486c-9926-f63f322ca10f"}, {"type": "SHOW_MESSAGE", "message": "Uploading log data...", "category": "DEFAULT", "created": 1624614233173, "id": "15b03f6c-3794-4e4b-92f6-c9f88633c15e"}], "metadata": {"platform": "5.0 (Windows NT 10.0; Win64; x64) AppleWebKit/537.36 (KHTML, like Gecko) Chrome/91.0.4472.114 Safari/537.36", "playerId": "09227a0d-8455-402a-9201-d5128b4d51f2"}}