{"id": "f34e4bd3-6e71-4666-8329-c37b8dbe53cb", "created": 1624617349, "events": [{"type": "BEGIN_LEVEL_LOAD", "name": "orange", "order": "5", "category": "SYSTEM", "created": 1624617287536, "id": "07554ea4-97a1-49c6-9a3a-26c96fb24b5e"}, {"type": "BOARD_SNAPSHOT", "board": {"map": [[{"id": "L_orange_000000", "layout": null, "coords": [0, 0]}, {"id": "L_orange_000001", "layout": null, "coords": [0, 1]}, {"id": "L_orange_000002", "layout": "C", "orientation": "n", "directions": [2], "coords": [0, 2], "color": [2], "components": []}, {"id": "L_orange_000003", "layout": "E", "orientation": "e", "directions": [3], "coords": [0, 3], "color": [2], "components": []}, {"id": "L_orange_000004", "layout": "E", "orientation": "e", "directions": [3], "coords": [0, 4], "color": [2], "components": []}, {"id": "L_orange_000005", "layout": "E", "orientation": "e", "directions": [3], "coords": [0, 5], "color": [2], "components": ["L_orange_1001"]}, {"id": "L_orange_000006", "layout": "E", "orientation": "e", "directions": [3], "coords": [0, 6], "color": [2], "components": []}, {"id": "L_orange_000007", "layout": "C", "orientation": "e", "directions": [3], "coords": [0, 7], "color": [2], "components": []}], [{"id": "L_orange_001000", "layout": null, "coords": [1, 0]}, {"id": "L_orange_001001", "layout": null, "coords": [1, 1]}, {"id": "L_orange_001002", "layout": "E", "orientation": "n", "directions": [2], "coords": [1, 2], "color": [2], "components": []}, {"id": "L_orange_001003", "layout": null, "coords": [1, 3]}, {"id": "L_orange_001004", "layout": null, "coords": [1, 4]}, {"id": "L_orange_001005", "layout": null, "coords": [1, 5]}, {"id": "L_orange_001006", "layout": null, "coords": [1, 6]}, {"id": "L_orange_001007", "layout": "E", "orientation": "n", "directions": [4], "coords": [1, 7], "color": [2], "components": []}], [{"id": "L_orange_002000", "layout": "C", "orientation": "n", "directions": [1], "coords": [2, 0], "color": [1], "components": []}, {"id": "L_orange_002001", "layout": "E", "orientation": "e", "directions": [1], "coords": [2, 1], "color": [1], "components": []}, {"id": "L_orange_002002", "layout": "O", "orientation": "e", "directions": [1, 2], "coords": [2, 2], "color": [1, 2], "components": ["L_orange_2001"]}, {"id": "L_orange_002003", "layout": "E", "orientation": "e", "directions": [1], "coords": [2, 3], "color": [1], "components": []}, {"id": "L_orange_002004", "layout": "E", "orientation": "e", "directions": [1], "coords": [2, 4], "color": [1], "components": []}, {"id": "L_orange_002005", "layout": "C", "orientation": "e", "directions": [2], "coords": [2, 5], "color": [1], "components": []}, {"id": "L_orange_002006", "layout": null, "coords": [2, 6]}, {"id": "L_orange_002007", "layout": "E", "orientation": "n", "directions": [4], "coords": [2, 7], "color": [2], "components": []}], [{"id": "L_orange_003000", "layout": "E", "orientation": "n", "directions": [4], "coords": [3, 0], "color": [1], "components": []}, {"id": "L_orange_003001", "layout": null, "coords": [3, 1]}, {"id": "L_orange_003002", "layout": "E", "orientation": "n", "directions": [2], "coords": [3, 2], "color": [2], "components": []}, {"id": "L_orange_003003", "layout": null, "coords": [3, 3]}, {"id": "L_orange_003004", "layout": null, "coords": [3, 4]}, {"id": "L_orange_003005", "layout": "E", "orientation": "n", "directions": [2], "coords": [3, 5], "color": [1], "components": []}, {"id": "L_orange_003006", "layout": null, "coords": [3, 6]}, {"id": "L_orange_003007", "layout": "E", "orientation": "n", "directions": [4], "coords": [3, 7], "color": [2], "components": ["L_orange_3001"]}], [{"id": "L_orange_004000", "layout": "E", "orientation": "n", "directions": [4], "coords": [4, 0], "color": [1], "components": []}, {"id": "L_orange_004001", "layout": null, "coords": [4, 1]}, {"id": "L_orange_004002", "layout": "E", "orientation": "n", "directions": [2], "coords": [4, 2], "color": [2], "components": []}, {"id": "L_orange_004003", "layout": null, "coords": [4, 3]}, {"id": "L_orange_004004", "layout": null, "coords": [4, 4]}, {"id": "L_orange_004005", "layout": "E", "orientation": "n", "directions": [2], "coords": [4, 5], "color": [1], "components": []}, {"id": "L_orange_004006", "layout": null, "coords": [4, 6]}, {"id": "L_orange_004007", "layout": "E", "orientation": "n", "directions": [4], "coords": [4, 7], "color": [2], "components": []}], [{"id": "L_orange_005000", "layout": "E", "orientation": "n", "directions": [4], "coords": [5, 0], "color": [1], "components": ["L_orange_1002"]}, {"id": "L_orange_005001", "layout": null, "coords": [5, 1]}, {"id": "L_orange_005002", "layout": "C", "orientation": "w", "directions": [1], "coords": [5, 2], "color": [2], "components": []}, {"id": "L_orange_005003", "layout": "E", "orientation": "e", "directions": [1], "coords": [5, 3], "color": [2], "components": []}, {"id": "L_orange_005004", "layout": "E", "orientation": "e", "directions": [1], "coords": [5, 4], "color": [2], "components": []}, {"id": "L_orange_005005", "layout": "O", "orientation": "e", "directions": [1, 2], "coords": [5, 5], "color": [1, 2], "components": []}, {"id": "L_orange_005006", "layout": "E", "orientation": "e", "directions": [1], "coords": [5, 6], "color": [2], "components": []}, {"id": "L_orange_005007", "layout": "C", "orientation": "s", "directions": [4], "coords": [5, 7], "color": [2], "components": []}], [{"id": "L_orange_006000", "layout": "E", "orientation": "n", "directions": [4], "coords": [6, 0], "color": [1], "components": []}, {"id": "L_orange_006001", "layout": null, "coords": [6, 1]}, {"id": "L_orange_006002", "layout": null, "coords": [6, 2]}, {"id": "L_orange_006003", "layout": null, "coords": [6, 3]}, {"id": "L_orange_006004", "layout": null, "coords": [6, 4]}, {"id": "L_orange_006005", "layout": "E", "orientation": "n", "directions": [2], "coords": [6, 5], "color": [1], "components": []}, {"id": "L_orange_006006", "layout": null, "coords": [6, 6]}, {"id": "L_orange_006007", "layout": null, "coords": [6, 7]}], [{"id": "L_orange_007000", "layout": "C", "orientation": "w", "directions": [4], "coords": [7, 0], "color": [1], "components": []}, {"id": "L_orange_007001", "layout": "E", "orientation": "e", "directions": [3], "coords": [7, 1], "color": [1], "components": []}, {"id": "L_orange_007002", "layout": "E", "orientation": "e", "directions": [3], "coords": [7, 2], "color": [1], "components": []}, {"id": "L_orange_007003", "layout": "E", "orientation": "e", "directions": [3], "coords": [7, 3], "color": [1], "components": ["L_orange_3002"]}, {"id": "L_orange_007004", "layout": "E", "orientation": "e", "directions": [3], "coords": [7, 4], "color": [1], "components": []}, {"id": "L_orange_007005", "layout": "C", "orientation": "s", "directions": [3], "coords": [7, 5], "color": [1], "components": []}, {"id": "L_orange_007006", "layout": null, "coords": [7, 6]}, {"id": "L_orange_007007", "layout": null, "coords": [7, 7]}]], "components": {"L_orange_1001": {"capacity": -1, "cell": [0, 5], "color": 2, "direction": 3, "id": "L_orange_1001", "locked": true, "passed": 0, "spec": "", "type": "thread", "userPlaced": false}, "L_orange_1002": {"capacity": -1, "cell": [5, 0], "color": 1, "direction": 4, "id": "L_orange_1002", "locked": true, "passed": 0, "spec": "", "type": "thread", "userPlaced": false}, "L_orange_2001": {"cell": [2, 2], "color": 1, "id": "L_orange_2001", "locked": true, "passed": 0, "picked": 0, "spec": "unlimCondition", "type": "pickup", "userPlaced": false}, "L_orange_3001": {"cell": [3, 7], "color": 0, "delivered": 0, "id": "L_orange_3001", "locked": true, "passed": 0, "spec": "unlimCondition", "type": "delivery", "userPlaced": false, "acceptedTypes": ["unlimCondition"], "acceptedColors": []}, "L_orange_3002": {"cell": [7, 3], "color": 0, "delivered": 0, "id": "L_orange_3002", "locked": true, "passed": 0, "spec": "unlimCondition", "type": "delivery", "userPlaced": false, "acceptedTypes": ["unlimCondition"], "acceptedColors": []}}}, "category": "DEFAULT", "created": 1624617287568, "id": "c866e399-ee5e-439b-bfe2-37c309990f4c"}, {"type": "FINISH_LEVEL_LOAD", "name": "orange", "order": "5", "category": "SYSTEM", "created": 1624617287570, "id": "efc3924b-a1d9-426a-a549-eb678012906f"}, {"type": "ADD_ELEMENT", "element": {"cell": [0, 4], "id": "aaaaai", "spec": "inactive", "type": "semaphore", "userPlaced": true}, "category": "DEFAULT", "created": 1624617292040, "id": "92331d0f-5b87-4e48-bfed-645388e01374"}, {"type": "ADD_ELEMENT", "element": {"cell": [4, 0], "id": "aaaaaj", "spec": "inactive", "type": "semaphore", "userPlaced": true}, "category": "DEFAULT", "created": 1624617296017, "id": "6bd38068-8f36-4615-becb-8f1d2fb860eb"}, {"type": "ADD_ELEMENT", "element": {"cell": [2, 7], "id": "aaaaak", "spec": "inactive", "type": "signal", "userPlaced": true}, "category": "DEFAULT", "created": 1624617299276, "id": "a9e366f0-6732-4683-ab9f-c9a3572edb77"}, {"type": "ADD_ELEMENT", "element": {"cell": [7, 2], "id": "aaaaal", "spec": "inactive", "type": "signal", "userPlaced": true}, "category": "DEFAULT", "created": 1624617305435, "id": "664d89b1-7759-4357-a042-6183c086a71b"}, {"type": "MOVE_ELEMENT", "startCell": [0, 4], "element": {"cell": [0, 4], "id": "aaaaai", "spec": "inactive", "type": "semaphore", "userPlaced": true}, "category": "DEFAULT", "created": 1624617307854, "id": "c659a9b9-97ac-4201-8fe9-3611c161aed0"}, {"type": "TOGGLE_ELEMENT", "element": {"cell": [0, 4], "id": "aaaaai", "spec": "active", "type": "semaphore", "userPlaced": true}, "category": "DEFAULT", "created": 1624617307857, "id": "c9d7ada0-ca65-472a-b8df-f985bd79e645"}, {"type": "BEGIN_LINK", "element": {"cell": [2, 7], "id": "aaaaak", "spec": "inactive", "type": "signal", "userPlaced": true}, "category": "DEFAULT", "created": 1624617312549, "id": "7eb6a5c8-9f69-4536-a03d-48b517a7b6ff"}, {"type": "FINISH_LINK", "element": {"cell": [4, 0], "id": "aaaaaj", "spec": "inactive", "type": "semaphore", "userPlaced": true}, "category": "DEFAULT", "created": 1624617313500, "id": "c314aec8-cc58-405b-b6a7-3dbf51cda73a"}, {"type": "SHOW_MESSAGE", "message": "Links must begin with a signal.", "category": "DEFAULT", "created": 1624617314615, "id": "0fb317ec-9b37-4ebc-ba1e-7aa3fb1d3f5b"}, {"type": "BEGIN_LINK", "element": {"cell": [7, 2], "id": "aaaaal", "spec": "inactive", "type": "signal", "userPlaced": true}, "category": "DEFAULT", "created": 1624617317316, "id": "59c95350-f654-4f22-9121-8ccd2ab659d9"}, {"type": "FINISH_LINK", "element": {"cell": [0, 4], "id": "aaaaai", "spec": "active", "type": "semaphore", "userPlaced": true}, "category": "DEFAULT", "created": 1624617319179, "id": "058ae4c4-6662-4d6c-a488-0cace019a702"}, {"type": "BEGIN_SIMULATION", "current": -1, "total": null, "category": "DEFAULT", "created": 1624617328744, "id": "a287d2db-96f2-400a-b2bb-4d51ce741ded"}, {"type": "SET_REFLECTION_CONTENT", "content": {"status": "success", "title": "Successful Solution", "titleIcon": "success.png", "subtitle": "Good job!", "description": "You successfully prevented Starvation!", "simType": "TEST", "numUserPlacedComponents": 4, "header": "Knowledge Unlocked:", "goals": [{"title": "The pickup did not have too many packages picked up.", "icon": "pickup.png", "status": "success", "actual": 2, "target": 5, "comparison": "lt", "component": {"id": "L_orange_2001", "type": "pickup", "spec": "unlimCondition", "color": 1}, "triggeredFailure": false}, {"title": "The delivery point received at least enough packages.", "icon": "delivery.png", "status": "success", "actual": 1, "target": 0, "comparison": "gt", "component": {"id": "L_orange_3001", "type": "delivery", "spec": "unlimCondition", "color": 0}, "triggeredFailure": false}, {"title": "The delivery point received at least enough packages.", "icon": "delivery.png", "status": "success", "actual": 1, "target": 0, "comparison": "gt", "component": {"id": "L_orange_3002", "type": "delivery", "spec": "unlimCondition", "color": 0}, "triggeredFailure": false}], "reflections": [{"description": "This level showcases Starvation, which occurs when a thread is blocked or prevented from reaching the resource it needs to complete its goal in the program.", "media": "ConcurrencyGifStarvation", "mediaType": "gif"}]}, "category": "SYSTEM", "created": 1624617328754, "id": "51cd385d-029b-4f8b-ad13-2e95b4f1e12a"}, {"type": "SKIP_SIMULATION", "current": 67, "total": 74, "category": "DEFAULT", "created": 1624617336065, "id": "d9f5e91a-4a91-426a-b694-2dbfac266f05"}, {"type": "FINISH_SIMULATION", "current": 73, "total": 74, "category": "DEFAULT", "created": 1624617336244, "id": "8a8aab42-03df-4ba7-ba5d-46b78dcdd5aa"}, {"type": "BOARD_SNAPSHOT", "board": {"map": [[{"id": "L_orange_000000", "layout": null, "coords": [0, 0]}, {"id": "L_orange_000001", "layout": null, "coords": [0, 1]}, {"id": "L_orange_000002", "layout": "C", "orientation": "n", "directions": [2], "coords": [0, 2], "color": [2], "components": []}, {"id": "L_orange_000003", "layout": "E", "orientation": "e", "directions": [3], "coords": [0, 3], "color": [2], "components": []}, {"id": "L_orange_000004", "layout": "E", "orientation": "e", "directions": [3], "coords": [0, 4], "color": [2], "components": ["aaaaai"]}, {"id": "L_orange_000005", "layout": "E", "orientation": "e", "directions": [3], "coords": [0, 5], "color": [2], "components": ["L_orange_1001"]}, {"id": "L_orange_000006", "layout": "E", "orientation": "e", "directions": [3], "coords": [0, 6], "color": [2], "components": []}, {"id": "L_orange_000007", "layout": "C", "orientation": "e", "directions": [3], "coords": [0, 7], "color": [2], "components": []}], [{"id": "L_orange_001000", "layout": null, "coords": [1, 0]}, {"id": "L_orange_001001", "layout": null, "coords": [1, 1]}, {"id": "L_orange_001002", "layout": "E", "orientation": "n", "directions": [2], "coords": [1, 2], "color": [2], "components": []}, {"id": "L_orange_001003", "layout": null, "coords": [1, 3]}, {"id": "L_orange_001004", "layout": null, "coords": [1, 4]}, {"id": "L_orange_001005", "layout": null, "coords": [1, 5]}, {"id": "L_orange_001006", "layout": null, "coords": [1, 6]}, {"id": "L_orange_001007", "layout": "E", "orientation": "n", "directions": [4], "coords": [1, 7], "color": [2], "components": []}], [{"id": "L_orange_002000", "layout": "C", "orientation": "n", "directions": [1], "coords": [2, 0], "color": [1], "components": []}, {"id": "L_orange_002001", "layout": "E", "orientation": "e", "directions": [1], "coords": [2, 1], "color": [1], "components": []}, {"id": "L_orange_002002", "layout": "O", "orientation": "e", "directions": [1, 2], "coords": [2, 2], "color": [1, 2], "components": ["L_orange_2001"]}, {"id": "L_orange_002003", "layout": "E", "orientation": "e", "directions": [1], "coords": [2, 3], "color": [1], "components": []}, {"id": "L_orange_002004", "layout": "E", "orientation": "e", "directions": [1], "coords": [2, 4], "color": [1], "components": []}, {"id": "L_orange_002005", "layout": "C", "orientation": "e", "directions": [2], "coords": [2, 5], "color": [1], "components": []}, {"id": "L_orange_002006", "layout": null, "coords": [2, 6]}, {"id": "L_orange_002007", "layout": "E", "orientation": "n", "directions": [4], "coords": [2, 7], "color": [2], "components": ["aaaaak"]}], [{"id": "L_orange_003000", "layout": "E", "orientation": "n", "directions": [4], "coords": [3, 0], "color": [1], "components": []}, {"id": "L_orange_003001", "layout": null, "coords": [3, 1]}, {"id": "L_orange_003002", "layout": "E", "orientation": "n", "directions": [2], "coords": [3, 2], "color": [2], "components": []}, {"id": "L_orange_003003", "layout": null, "coords": [3, 3]}, {"id": "L_orange_003004", "layout": null, "coords": [3, 4]}, {"id": "L_orange_003005", "layout": "E", "orientation": "n", "directions": [2], "coords": [3, 5], "color": [1], "components": []}, {"id": "L_orange_003006", "layout": null, "coords": [3, 6]}, {"id": "L_orange_003007", "layout": "E", "orientation": "n", "directions": [4], "coords": [3, 7], "color": [2], "components": ["L_orange_3001"]}], [{"id": "L_orange_004000", "layout": "E", "orientation": "n", "directions": [4], "coords": [4, 0], "color": [1], "components": ["aaaaaj"]}, {"id": "L_orange_004001", "layout": null, "coords": [4, 1]}, {"id": "L_orange_004002", "layout": "E", "orientation": "n", "directions": [2], "coords": [4, 2], "color": [2], "components": []}, {"id": "L_orange_004003", "layout": null, "coords": [4, 3]}, {"id": "L_orange_004004", "layout": null, "coords": [4, 4]}, {"id": "L_orange_004005", "layout": "E", "orientation": "n", "directions": [2], "coords": [4, 5], "color": [1], "components": []}, {"id": "L_orange_004006", "layout": null, "coords": [4, 6]}, {"id": "L_orange_004007", "layout": "E", "orientation": "n", "directions": [4], "coords": [4, 7], "color": [2], "components": []}], [{"id": "L_orange_005000", "layout": "E", "orientation": "n", "directions": [4], "coords": [5, 0], "color": [1], "components": ["L_orange_1002"]}, {"id": "L_orange_005001", "layout": null, "coords": [5, 1]}, {"id": "L_orange_005002", "layout": "C", "orientation": "w", "directions": [1], "coords": [5, 2], "color": [2], "components": []}, {"id": "L_orange_005003", "layout": "E", "orientation": "e", "directions": [1], "coords": [5, 3], "color": [2], "components": []}, {"id": "L_orange_005004", "layout": "E", "orientation": "e", "directions": [1], "coords": [5, 4], "color": [2], "components": []}, {"id": "L_orange_005005", "layout": "O", "orientation": "e", "directions": [1, 2], "coords": [5, 5], "color": [1, 2], "components": []}, {"id": "L_orange_005006", "layout": "E", "orientation": "e", "directions": [1], "coords": [5, 6], "color": [2], "components": []}, {"id": "L_orange_005007", "layout": "C", "orientation": "s", "directions": [4], "coords": [5, 7], "color": [2], "components": []}], [{"id": "L_orange_006000", "layout": "E", "orientation": "n", "directions": [4], "coords": [6, 0], "color": [1], "components": []}, {"id": "L_orange_006001", "layout": null, "coords": [6, 1]}, {"id": "L_orange_006002", "layout": null, "coords": [6, 2]}, {"id": "L_orange_006003", "layout": null, "coords": [6, 3]}, {"id": "L_orange_006004", "layout": null, "coords": [6, 4]}, {"id": "L_orange_006005", "layout": "E", "orientation": "n", "directions": [2], "coords": [6, 5], "color": [1], "components": []}, {"id": "L_orange_006006", "layout": null, "coords": [6, 6]}, {"id": "L_orange_006007", "layout": null, "coords": [6, 7]}], [{"id": "L_orange_007000", "layout": "C", "orientation": "w", "directions": [4], "coords": [7, 0], "color": [1], "components": []}, {"id": "L_orange_007001", "layout": "E", "orientation": "e", "directions": [3], "coords": [7, 1], "color": [1], "components": []}, {"id": "L_orange_007002", "layout": "E", "orientation": "e", "directions": [3], "coords": [7, 2], "color": [1], "components": ["aaaaal"]}, {"id": "L_orange_007003", "layout": "E", "orientation": "e", "directions": [3], "coords": [7, 3], "color": [1], "components": ["L_orange_3002", "L_orange_1002"]}, {"id": "L_orange_007004", "layout": "E", "orientation": "e", "directions": [3], "coords": [7, 4], "color": [1], "components": []}, {"id": "L_orange_007005", "layout": "C", "orientation": "s", "directions": [3], "coords": [7, 5], "color": [1], "components": ["L_orange_20011"]}, {"id": "L_orange_007006", "layout": null, "coords": [7, 6]}, {"id": "L_orange_007007", "layout": null, "coords": [7, 7]}]], "components": {"L_orange_3001": {"cell": [3, 7], "color": 0, "delivered": 1, "id": "L_orange_3001", "locked": true, "passed": 1, "spec": "unlimCondition", "type": "delivery", "userPlaced": false, "acceptedTypes": ["unlimCondition"], "acceptedColors": []}, "L_orange_3002": {"cell": [7, 3], "color": 0, "delivered": 0, "id": "L_orange_3002", "locked": true, "passed": 0, "spec": "unlimCondition", "type": "delivery", "userPlaced": false, "acceptedTypes": ["unlimCondition"], "acceptedColors": []}, "L_orange_2001": {"cell": [2, 2], "color": 1, "id": "L_orange_2001", "locked": true, "passed": 2, "picked": 2, "spec": "unlimCondition", "type": "pickup", "userPlaced": false}, "aaaaaj": {"cell": [4, 0], "id": "aaaaaj", "passed": 1, "spec": "inactive", "type": "semaphore", "userPlaced": true}, "aaaaai": {"cell": [0, 4], "id": "aaaaai", "passed": 1, "spec": "inactive", "type": "semaphore", "userPlaced": true}, "aaaaak": {"cell": [2, 7], "id": "aaaaak", "spec": "inactive", "type": "signal", "userPlaced": true, "link": "aaaaaj"}, "aaaaal": {"cell": [7, 2], "id": "aaaaal", "spec": "inactive", "type": "signal", "userPlaced": true, "link": "aaaaai"}, "L_orange_1002": {"capacity": -1, "cell": [7, 3], "color": 1, "direction": 3, "id": "L_orange_1002", "locked": true, "passed": 0, "spec": "", "type": "thread", "userPlaced": false}, "L_orange_1001": {"capacity": -1, "cell": [0, 5], "color": 2, "delivered": 1, "direction": 3, "id": "L_orange_1001", "locked": true, "passed": 0, "spec": "", "type": "thread", "userPlaced": false}, "L_orange_20011": {"cell": [7, 5], "delivered": false, "id": "L_orange_20011", "spec": "unlimCondition", "type": "package"}}}, "category": "DEFAULT", "created": 1624617336275, "id": "3077b7f7-9171-4992-8a4a-6a2d47a990a1"}, {"type": "SHOW_MESSAGE", "message": "Uploading log data...", "category": "DEFAULT", "created": 1624617343026, "id": "db0c293d-f4e0-4e1f-b3ce-71d6e397cc2c"}], "metadata": {"platform": "5.0 (Windows NT 10.0; Win64; x64) AppleWebKit/537.36 (KHTML, like Gecko) Chrome/91.0.4472.114 Safari/537.36", "playerId": "09227a0d-8455-402a-9201-d5128b4d51f2"}}