{"id": "81dc330b-4077-494b-91b3-fc8cc4fe2604", "created": 1620755183, "events": [{"type": "BEGIN_LEVEL_LOAD", "name": "cantaloupe", "order": "7", "category": "SYSTEM", "created": 1620755606731, "id": "612c8d0e-9b25-455b-a334-e5002b290ce2"}, {"type": "BOARD_SNAPSHOT", "board": {"map": [[{"id": "L_cantaloupe_000000", "layout": null, "coords": [0, 0]}, {"id": "L_cantaloupe_000001", "layout": null, "coords": [0, 1]}, {"id": "L_cantaloupe_000002", "layout": null, "coords": [0, 2]}, {"id": "L_cantaloupe_000003", "layout": null, "coords": [0, 3]}, {"id": "L_cantaloupe_000004", "layout": null, "coords": [0, 4]}, {"id": "L_cantaloupe_000005", "layout": "C", "orientation": "n", "directions": [1], "coords": [0, 5], "color": [2], "components": []}, {"id": "L_cantaloupe_000006", "layout": "E", "orientation": "e", "directions": [1], "coords": [0, 6], "color": [2], "components": []}, {"id": "L_cantaloupe_000007", "layout": "C", "orientation": "e", "directions": [2], "coords": [0, 7], "color": [2], "components": []}], [{"id": "L_cantaloupe_001000", "layout": null, "coords": [1, 0]}, {"id": "L_cantaloupe_001001", "layout": null, "coords": [1, 1]}, {"id": "L_cantaloupe_001002", "layout": null, "coords": [1, 2]}, {"id": "L_cantaloupe_001003", "layout": null, "coords": [1, 3]}, {"id": "L_cantaloupe_001004", "layout": null, "coords": [1, 4]}, {"id": "L_cantaloupe_001005", "layout": "E", "orientation": "n", "directions": [4], "coords": [1, 5], "color": [2], "components": []}, {"id": "L_cantaloupe_001006", "layout": null, "coords": [1, 6]}, {"id": "L_cantaloupe_001007", "layout": "E", "orientation": "n", "directions": [2], "coords": [1, 7], "color": [2], "components": []}], [{"id": "L_cantaloupe_002000", "layout": null, "coords": [2, 0]}, {"id": "L_cantaloupe_002001", "layout": null, "coords": [2, 1]}, {"id": "L_cantaloupe_002002", "layout": null, "coords": [2, 2]}, {"id": "L_cantaloupe_002003", "layout": null, "coords": [2, 3]}, {"id": "L_cantaloupe_002004", "layout": null, "coords": [2, 4]}, {"id": "L_cantaloupe_002005", "layout": "G", "orientation": "n", "directions": [4], "coords": [2, 5], "color": [2], "components": []}, {"id": "L_cantaloupe_002006", "layout": "E", "orientation": "e", "directions": [3], "coords": [2, 6], "color": [2], "components": []}, {"id": "L_cantaloupe_002007", "layout": "C", "orientation": "s", "directions": [3], "coords": [2, 7], "color": [2], "components": []}], [{"id": "L_cantaloupe_003000", "layout": null, "coords": [3, 0]}, {"id": "L_cantaloupe_003001", "layout": null, "coords": [3, 1]}, {"id": "L_cantaloupe_003002", "layout": null, "coords": [3, 2]}, {"id": "L_cantaloupe_003003", "layout": null, "coords": [3, 3]}, {"id": "L_cantaloupe_003004", "layout": null, "coords": [3, 4]}, {"id": "L_cantaloupe_003005", "layout": "E", "orientation": "n", "directions": [4], "coords": [3, 5], "color": [2], "components": []}, {"id": "L_cantaloupe_003006", "layout": null, "coords": [3, 6]}, {"id": "L_cantaloupe_003007", "layout": null, "coords": [3, 7]}], [{"id": "L_cantaloupe_004000", "layout": null, "coords": [4, 0]}, {"id": "L_cantaloupe_004001", "layout": null, "coords": [4, 1]}, {"id": "L_cantaloupe_004002", "layout": "C", "orientation": "n", "directions": [1], "coords": [4, 2], "color": [2], "components": []}, {"id": "L_cantaloupe_004003", "layout": "E", "orientation": "e", "directions": [1], "coords": [4, 3], "color": [2], "components": []}, {"id": "L_cantaloupe_004004", "layout": "E", "orientation": "e", "directions": [1], "coords": [4, 4], "color": [2], "components": []}, {"id": "L_cantaloupe_004005", "layout": "G", "orientation": "w", "directions": [1, 4], "coords": [4, 5], "color": [2], "components": ["L_cantaloupe_5001"]}, {"id": "L_cantaloupe_004006", "layout": "E", "orientation": "e", "directions": [1], "coords": [4, 6], "color": [2], "components": []}, {"id": "L_cantaloupe_004007", "layout": "C", "orientation": "e", "directions": [2], "coords": [4, 7], "color": [2], "components": []}], [{"id": "L_cantaloupe_005000", "layout": null, "coords": [5, 0]}, {"id": "L_cantaloupe_005001", "layout": null, "coords": [5, 1]}, {"id": "L_cantaloupe_005002", "layout": "E", "orientation": "n", "directions": [4], "coords": [5, 2], "color": [2], "components": []}, {"id": "L_cantaloupe_005003", "layout": null, "coords": [5, 3]}, {"id": "L_cantaloupe_005004", "layout": null, "coords": [5, 4]}, {"id": "L_cantaloupe_005005", "layout": null, "coords": [5, 5]}, {"id": "L_cantaloupe_005006", "layout": null, "coords": [5, 6]}, {"id": "L_cantaloupe_005007", "layout": "E", "orientation": "n", "directions": [2], "coords": [5, 7], "color": [2], "components": []}], [{"id": "L_cantaloupe_006000", "layout": "C", "orientation": "n", "directions": [2], "coords": [6, 0], "color": [1], "components": []}, {"id": "L_cantaloupe_006001", "layout": "E", "orientation": "e", "directions": [3], "coords": [6, 1], "color": [1], "components": []}, {"id": "L_cantaloupe_006002", "layout": "O", "orientation": "e", "directions": [3, 4], "coords": [6, 2], "color": [1, 2], "components": ["L_cantaloupe_2001"]}, {"id": "L_cantaloupe_006003", "layout": "E", "orientation": "e", "directions": [3], "coords": [6, 3], "color": [1], "components": []}, {"id": "L_cantaloupe_006004", "layout": "E", "orientation": "e", "directions": [3], "coords": [6, 4], "color": [1], "components": []}, {"id": "L_cantaloupe_006005", "layout": "C", "orientation": "e", "directions": [3], "coords": [6, 5], "color": [1], "components": []}, {"id": "L_cantaloupe_006006", "layout": null, "coords": [6, 6]}, {"id": "L_cantaloupe_006007", "layout": "E", "orientation": "n", "directions": [2], "coords": [6, 7], "color": [2], "components": []}], [{"id": "L_cantaloupe_007000", "layout": "E", "orientation": "n", "directions": [2], "coords": [7, 0], "color": [1], "components": []}, {"id": "L_cantaloupe_007001", "layout": null, "coords": [7, 1]}, {"id": "L_cantaloupe_007002", "layout": "E", "orientation": "n", "directions": [4], "coords": [7, 2], "color": [2], "components": []}, {"id": "L_cantaloupe_007003", "layout": null, "coords": [7, 3]}, {"id": "L_cantaloupe_007004", "layout": null, "coords": [7, 4]}, {"id": "L_cantaloupe_007005", "layout": "E", "orientation": "n", "directions": [4], "coords": [7, 5], "color": [1], "components": []}, {"id": "L_cantaloupe_007006", "layout": null, "coords": [7, 6]}, {"id": "L_cantaloupe_007007", "layout": "E", "orientation": "n", "directions": [2], "coords": [7, 7], "color": [2], "components": ["L_cantaloupe_3001"]}], [{"id": "L_cantaloupe_008000", "layout": "E", "orientation": "n", "directions": [2], "coords": [8, 0], "color": [1], "components": []}, {"id": "L_cantaloupe_008001", "layout": null, "coords": [8, 1]}, {"id": "L_cantaloupe_008002", "layout": "E", "orientation": "n", "directions": [4], "coords": [8, 2], "color": [2], "components": []}, {"id": "L_cantaloupe_008003", "layout": null, "coords": [8, 3]}, {"id": "L_cantaloupe_008004", "layout": null, "coords": [8, 4]}, {"id": "L_cantaloupe_008005", "layout": "E", "orientation": "n", "directions": [4], "coords": [8, 5], "color": [1], "components": ["L_cantaloupe_1002"]}, {"id": "L_cantaloupe_008006", "layout": null, "coords": [8, 6]}, {"id": "L_cantaloupe_008007", "layout": "E", "orientation": "n", "directions": [2], "coords": [8, 7], "color": [2], "components": []}], [{"id": "L_cantaloupe_009000", "layout": "E", "orientation": "n", "directions": [2], "coords": [9, 0], "color": [1], "components": []}, {"id": "L_cantaloupe_009001", "layout": null, "coords": [9, 1]}, {"id": "L_cantaloupe_009002", "layout": "C", "orientation": "w", "directions": [4], "coords": [9, 2], "color": [2], "components": []}, {"id": "L_cantaloupe_009003", "layout": "E", "orientation": "e", "directions": [3], "coords": [9, 3], "color": [2], "components": []}, {"id": "L_cantaloupe_009004", "layout": "E", "orientation": "e", "directions": [3], "coords": [9, 4], "color": [2], "components": ["L_cantaloupe_1001"]}, {"id": "L_cantaloupe_009005", "layout": "O", "orientation": "e", "directions": [3, 4], "coords": [9, 5], "color": [1, 2], "components": []}, {"id": "L_cantaloupe_009006", "layout": "E", "orientation": "e", "directions": [3], "coords": [9, 6], "color": [2], "components": []}, {"id": "L_cantaloupe_009007", "layout": "C", "orientation": "s", "directions": [3], "coords": [9, 7], "color": [2], "components": []}], [{"id": "L_cantaloupe_010000", "layout": "E", "orientation": "n", "directions": [2], "coords": [10, 0], "color": [1], "components": []}, {"id": "L_cantaloupe_010001", "layout": null, "coords": [10, 1]}, {"id": "L_cantaloupe_010002", "layout": null, "coords": [10, 2]}, {"id": "L_cantaloupe_010003", "layout": null, "coords": [10, 3]}, {"id": "L_cantaloupe_010004", "layout": null, "coords": [10, 4]}, {"id": "L_cantaloupe_010005", "layout": "E", "orientation": "n", "directions": [4], "coords": [10, 5], "color": [1], "components": []}, {"id": "L_cantaloupe_010006", "layout": null, "coords": [10, 6]}, {"id": "L_cantaloupe_010007", "layout": null, "coords": [10, 7]}], [{"id": "L_cantaloupe_011000", "layout": "C", "orientation": "w", "directions": [1], "coords": [11, 0], "color": [1], "components": []}, {"id": "L_cantaloupe_011001", "layout": "E", "orientation": "e", "directions": [1], "coords": [11, 1], "color": [1], "components": []}, {"id": "L_cantaloupe_011002", "layout": "G", "orientation": "e", "directions": [1, 2], "coords": [11, 2], "color": [1], "components": ["L_cantaloupe_5002"]}, {"id": "L_cantaloupe_011003", "layout": "E", "orientation": "e", "directions": [1], "coords": [11, 3], "color": [1], "components": ["L_cantaloupe_3002"]}, {"id": "L_cantaloupe_011004", "layout": "E", "orientation": "e", "directions": [1], "coords": [11, 4], "color": [1], "components": []}, {"id": "L_cantaloupe_011005", "layout": "C", "orientation": "s", "directions": [4], "coords": [11, 5], "color": [1], "components": []}, {"id": "L_cantaloupe_011006", "layout": null, "coords": [11, 6]}, {"id": "L_cantaloupe_011007", "layout": null, "coords": [11, 7]}], [{"id": "L_cantaloupe_012000", "layout": null, "coords": [12, 0]}, {"id": "L_cantaloupe_012001", "layout": null, "coords": [12, 1]}, {"id": "L_cantaloupe_012002", "layout": "E", "orientation": "n", "directions": [2], "coords": [12, 2], "color": [1], "components": []}, {"id": "L_cantaloupe_012003", "layout": null, "coords": [12, 3]}, {"id": "L_cantaloupe_012004", "layout": null, "coords": [12, 4]}, {"id": "L_cantaloupe_012005", "layout": null, "coords": [12, 5]}, {"id": "L_cantaloupe_012006", "layout": null, "coords": [12, 6]}, {"id": "L_cantaloupe_012007", "layout": null, "coords": [12, 7]}], [{"id": "L_cantaloupe_013000", "layout": "C", "orientation": "n", "directions": [1], "coords": [13, 0], "color": [1], "components": []}, {"id": "L_cantaloupe_013001", "layout": "E", "orientation": "e", "directions": [1], "coords": [13, 1], "color": [1], "components": []}, {"id": "L_cantaloupe_013002", "layout": "G", "orientation": "s", "directions": [2], "coords": [13, 2], "color": [1], "components": []}, {"id": "L_cantaloupe_013003", "layout": null, "coords": [13, 3]}, {"id": "L_cantaloupe_013004", "layout": null, "coords": [13, 4]}, {"id": "L_cantaloupe_013005", "layout": null, "coords": [13, 5]}, {"id": "L_cantaloupe_013006", "layout": null, "coords": [13, 6]}, {"id": "L_cantaloupe_013007", "layout": null, "coords": [13, 7]}], [{"id": "L_cantaloupe_014000", "layout": "E", "orientation": "n", "directions": [4], "coords": [14, 0], "color": [1], "components": []}, {"id": "L_cantaloupe_014001", "layout": null, "coords": [14, 1]}, {"id": "L_cantaloupe_014002", "layout": "E", "orientation": "n", "directions": [2], "coords": [14, 2], "color": [1], "components": []}, {"id": "L_cantaloupe_014003", "layout": null, "coords": [14, 3]}, {"id": "L_cantaloupe_014004", "layout": null, "coords": [14, 4]}, {"id": "L_cantaloupe_014005", "layout": null, "coords": [14, 5]}, {"id": "L_cantaloupe_014006", "layout": null, "coords": [14, 6]}, {"id": "L_cantaloupe_014007", "layout": null, "coords": [14, 7]}], [{"id": "L_cantaloupe_015000", "layout": "C", "orientation": "w", "directions": [4], "coords": [15, 0], "color": [1], "components": []}, {"id": "L_cantaloupe_015001", "layout": "E", "orientation": "e", "directions": [3], "coords": [15, 1], "color": [1], "components": []}, {"id": "L_cantaloupe_015002", "layout": "C", "orientation": "s", "directions": [3], "coords": [15, 2], "color": [1], "components": []}, {"id": "L_cantaloupe_015003", "layout": null, "coords": [15, 3]}, {"id": "L_cantaloupe_015004", "layout": null, "coords": [15, 4]}, {"id": "L_cantaloupe_015005", "layout": null, "coords": [15, 5]}, {"id": "L_cantaloupe_015006", "layout": null, "coords": [15, 6]}, {"id": "L_cantaloupe_015007", "layout": null, "coords": [15, 7]}]], "components": {"L_cantaloupe_1001": {"capacity": -1, "cell": [9, 4], "color": 2, "direction": 3, "id": "L_cantaloupe_1001", "locked": true, "passed": 0, "spec": "", "type": "thread", "userPlaced": false}, "L_cantaloupe_1002": {"capacity": -1, "cell": [8, 5], "color": 1, "direction": 4, "id": "L_cantaloupe_1002", "locked": true, "passed": 0, "spec": "", "type": "thread", "userPlaced": false}, "L_cantaloupe_2001": {"cell": [6, 2], "color": 1, "id": "L_cantaloupe_2001", "locked": true, "passed": 0, "picked": 0, "spec": "unlimCondition", "type": "pickup", "userPlaced": false}, "L_cantaloupe_3001": {"cell": [7, 7], "color": 0, "delivered": 0, "id": "L_cantaloupe_3001", "locked": true, "passed": 0, "spec": "unlimCondition", "type": "delivery", "userPlaced": false, "acceptedTypes": ["unlimCondition"], "acceptedColors": []}, "L_cantaloupe_3002": {"cell": [11, 3], "color": 0, "delivered": 0, "id": "L_cantaloupe_3002", "locked": true, "passed": 0, "spec": "unlimCondition", "type": "delivery", "userPlaced": false, "acceptedTypes": ["unlimCondition"], "acceptedColors": []}, "L_cantaloupe_5001": {"cell": [4, 5], "color": 0, "id": "L_cantaloupe_5001", "locked": true, "passed": 0, "spec": "", "type": "conditional", "userPlaced": false, "directionCondition": 3, "directionDefault": 3, "directionsColors": [[], [], [], []], "directionsTypes": [["unlimCondition"], [], [], ["emptyPayload"]]}, "L_cantaloupe_5002": {"cell": [11, 2], "color": 0, "id": "L_cantaloupe_5002", "locked": true, "passed": 0, "spec": "", "type": "conditional", "userPlaced": false, "directionCondition": 3, "directionDefault": 3, "directionsColors": [[], [], [], []], "directionsTypes": [["unlimCondition"], ["emptyPayload"], [], []]}}}, "category": "DEFAULT", "created": 1620755606770, "id": "d74cbaf1-e98d-4735-9bcf-a283d91f028b"}, {"type": "FINISH_LEVEL_LOAD", "name": "cantaloupe", "order": "7", "category": "SYSTEM", "created": 1620755606772, "id": "69eced89-62dd-45eb-846d-c8510de71549"}, {"type": "HIGHLIGHT_TRACK", "value": true, "index": 1, "category": "DEFAULT", "created": 1620755612700, "id": "0678d7a7-1e34-4759-ab13-e9e006729685"}, {"type": "HIGHLIGHT_TRACK", "value": false, "index": 1, "category": "DEFAULT", "created": 1620755615532, "id": "fc29552a-9c4b-4850-bbd0-fded12700d86"}, {"type": "HIGHLIGHT_TRACK", "value": true, "index": 2, "category": "DEFAULT", "created": 1620755616047, "id": "9aef81aa-aaa7-4f88-ba76-9646fe6c7539"}, {"type": "HIGHLIGHT_TRACK", "value": false, "index": 2, "category": "DEFAULT", "created": 1620755618382, "id": "7d33cae7-6e6e-4992-9d5a-aaaad7354e53"}, {"type": "ADD_ELEMENT", "element": {"cell": [8, 2], "id": "aaaaaa", "spec": "inactive", "type": "semaphore", "userPlaced": true}, "category": "DEFAULT", "created": 1620755630801, "id": "c042552b-7af0-4676-ac46-83a653c68bc8"}, {"type": "ADD_ELEMENT", "element": {"cell": [6, 3], "id": "aaaaab", "spec": "inactive", "type": "semaphore", "userPlaced": true}, "category": "DEFAULT", "created": 1620755632255, "id": "058748f3-d858-40bc-a9d7-ffd04eac8d6c"}, {"type": "ADD_ELEMENT", "element": {"cell": [11, 4], "id": "aaaaac", "spec": "inactive", "type": "signal", "userPlaced": true}, "category": "DEFAULT", "created": 1620755641011, "id": "7e9da39a-6b62-4874-9f65-a9574c27e3e4"}, {"type": "HIGHLIGHT_TRACK", "value": true, "index": 2, "category": "DEFAULT", "created": 1620755642013, "id": "71244f84-5b5e-4225-9054-c44f6ef05020"}, {"type": "ADD_ELEMENT", "element": {"cell": [9, 6], "id": "aaaaad", "spec": "inactive", "type": "signal", "userPlaced": true}, "category": "DEFAULT", "created": 1620755642676, "id": "62de3f3e-2a1f-40ec-903f-382f916fd95a"}, {"type": "HIGHLIGHT_TRACK", "value": false, "index": 1, "category": "DEFAULT", "created": 1620755643198, "id": "573b6df0-dc1d-4a43-804b-6f0d63d3492d"}, {"type": "HIGHLIGHT_TRACK", "value": true, "index": 2, "category": "DEFAULT", "created": 1620755645130, "id": "4b600021-b6f7-4535-b25c-c0bbd27d1bf6"}, {"type": "BEGIN_LINK", "element": {"cell": [11, 4], "id": "aaaaac", "spec": "inactive", "type": "signal", "userPlaced": true}, "category": "DEFAULT", "created": 1620755646446, "id": "6ec0445c-e022-4175-877a-3a923c8fe4f1"}, {"type": "FINISH_LINK", "element": {"cell": [8, 2], "id": "aaaaaa", "spec": "inactive", "type": "semaphore", "userPlaced": true}, "category": "DEFAULT", "created": 1620755647350, "id": "0a530b2b-85c6-42c0-928d-289b11897855"}, {"type": "HIGHLIGHT_TRACK", "value": false, "index": 2, "category": "DEFAULT", "created": 1620755647964, "id": "3a62399d-5504-44f0-bd08-5eff8dc5b620"}, {"type": "BEGIN_LINK", "element": {"cell": [9, 6], "id": "aaaaad", "spec": "inactive", "type": "signal", "userPlaced": true}, "category": "DEFAULT", "created": 1620755648724, "id": "baf1e999-ca4f-41f9-b9f1-c7fa6f6a39ab"}, {"type": "FINISH_LINK", "element": {"cell": [6, 3], "id": "aaaaab", "spec": "inactive", "type": "semaphore", "userPlaced": true}, "category": "DEFAULT", "created": 1620755649485, "id": "059a4762-2039-491c-bd2f-3a97f64112a6"}, {"type": "HIGHLIGHT_TRACK", "value": true, "index": 2, "category": "DEFAULT", "created": 1620755651429, "id": "c9742c3f-9f98-4c60-88f4-6343639e91f5"}, {"type": "HIGHLIGHT_TRACK", "value": false, "index": 2, "category": "DEFAULT", "created": 1620755656048, "id": "ef11ee87-1641-4eb1-bd61-6abec2031bc5"}, {"type": "MOVE_ELEMENT", "startCell": [8, 2], "element": {"cell": [8, 2], "id": "aaaaaa", "spec": "inactive", "type": "semaphore", "userPlaced": true}, "category": "DEFAULT", "created": 1620755656463, "id": "d049b43d-ea2b-4fd5-975f-3df82d779030"}, {"type": "TOGGLE_ELEMENT", "element": {"cell": [8, 2], "id": "aaaaaa", "spec": "active", "type": "semaphore", "userPlaced": true}, "category": "DEFAULT", "created": 1620755656467, "id": "a687e33b-4e41-46e5-b0fc-8aa3992b14f0"}, {"type": "BEGIN_SIMULATION", "current": -1, "total": null, "category": "DEFAULT", "created": 1620755658891, "id": "a6197462-b029-4bf4-b983-4ac84a69ad72"}, {"type": "SET_REFLECTION_CONTENT", "content": {"status": "success", "title": "Successful Solution", "titleIcon": "success.png", "subtitle": "Good job!", "description": "You met the level goal!", "simType": "TEST", "numUserPlacedComponents": 4, "header": "Knowledge Unlocked:", "goals": [{"title": "The thread delivered at least enough packages.", "icon": "thread.png", "status": "success", "actual": 2, "target": 1, "comparison": "gt", "component": {"id": "L_cantaloupe_1001", "type": "thread", "spec": "", "color": 2}, "triggeredFailure": false}, {"title": "The thread delivered at least enough packages.", "icon": "thread.png", "status": "success", "actual": 2, "target": 1, "comparison": "gt", "component": {"id": "L_cantaloupe_1002", "type": "thread", "spec": "", "color": 1}, "triggeredFailure": false}, {"title": "The delivery point received at least enough packages.", "icon": "delivery.png", "status": "success", "actual": 2, "target": 1, "comparison": "gt", "component": {"id": "L_cantaloupe_3001", "type": "delivery", "spec": "unlimCondition", "color": 0}, "triggeredFailure": false}, {"title": "The delivery point received at least enough packages.", "icon": "delivery.png", "status": "success", "actual": 2, "target": 1, "comparison": "gt", "component": {"id": "L_cantaloupe_3002", "type": "delivery", "spec": "unlimCondition", "color": 0}, "triggeredFailure": false}], "reflections": []}, "category": "SYSTEM", "created": 1620755658899, "id": "d3b4a26a-0208-423f-9f0f-7168e96df00f"}, {"type": "FINISH_SIMULATION", "current": 159, "total": 160, "category": "DEFAULT", "created": 1620755676442, "id": "6857c694-818a-4714-b652-975a4158f3fa"}, {"type": "BOARD_SNAPSHOT", "board": {"map": [[{"id": "L_cantaloupe_000000", "layout": null, "coords": [0, 0]}, {"id": "L_cantaloupe_000001", "layout": null, "coords": [0, 1]}, {"id": "L_cantaloupe_000002", "layout": null, "coords": [0, 2]}, {"id": "L_cantaloupe_000003", "layout": null, "coords": [0, 3]}, {"id": "L_cantaloupe_000004", "layout": null, "coords": [0, 4]}, {"id": "L_cantaloupe_000005", "layout": "C", "orientation": "n", "directions": [1], "coords": [0, 5], "color": [2], "components": []}, {"id": "L_cantaloupe_000006", "layout": "E", "orientation": "e", "directions": [1], "coords": [0, 6], "color": [2], "components": []}, {"id": "L_cantaloupe_000007", "layout": "C", "orientation": "e", "directions": [2], "coords": [0, 7], "color": [2], "components": []}], [{"id": "L_cantaloupe_001000", "layout": null, "coords": [1, 0]}, {"id": "L_cantaloupe_001001", "layout": null, "coords": [1, 1]}, {"id": "L_cantaloupe_001002", "layout": null, "coords": [1, 2]}, {"id": "L_cantaloupe_001003", "layout": null, "coords": [1, 3]}, {"id": "L_cantaloupe_001004", "layout": null, "coords": [1, 4]}, {"id": "L_cantaloupe_001005", "layout": "E", "orientation": "n", "directions": [4], "coords": [1, 5], "color": [2], "components": []}, {"id": "L_cantaloupe_001006", "layout": null, "coords": [1, 6]}, {"id": "L_cantaloupe_001007", "layout": "E", "orientation": "n", "directions": [2], "coords": [1, 7], "color": [2], "components": []}], [{"id": "L_cantaloupe_002000", "layout": null, "coords": [2, 0]}, {"id": "L_cantaloupe_002001", "layout": null, "coords": [2, 1]}, {"id": "L_cantaloupe_002002", "layout": null, "coords": [2, 2]}, {"id": "L_cantaloupe_002003", "layout": null, "coords": [2, 3]}, {"id": "L_cantaloupe_002004", "layout": null, "coords": [2, 4]}, {"id": "L_cantaloupe_002005", "layout": "G", "orientation": "n", "directions": [4], "coords": [2, 5], "color": [2], "components": []}, {"id": "L_cantaloupe_002006", "layout": "E", "orientation": "e", "directions": [3], "coords": [2, 6], "color": [2], "components": []}, {"id": "L_cantaloupe_002007", "layout": "C", "orientation": "s", "directions": [3], "coords": [2, 7], "color": [2], "components": []}], [{"id": "L_cantaloupe_003000", "layout": null, "coords": [3, 0]}, {"id": "L_cantaloupe_003001", "layout": null, "coords": [3, 1]}, {"id": "L_cantaloupe_003002", "layout": null, "coords": [3, 2]}, {"id": "L_cantaloupe_003003", "layout": null, "coords": [3, 3]}, {"id": "L_cantaloupe_003004", "layout": null, "coords": [3, 4]}, {"id": "L_cantaloupe_003005", "layout": "E", "orientation": "n", "directions": [4], "coords": [3, 5], "color": [2], "components": []}, {"id": "L_cantaloupe_003006", "layout": null, "coords": [3, 6]}, {"id": "L_cantaloupe_003007", "layout": null, "coords": [3, 7]}], [{"id": "L_cantaloupe_004000", "layout": null, "coords": [4, 0]}, {"id": "L_cantaloupe_004001", "layout": null, "coords": [4, 1]}, {"id": "L_cantaloupe_004002", "layout": "C", "orientation": "n", "directions": [1], "coords": [4, 2], "color": [2], "components": []}, {"id": "L_cantaloupe_004003", "layout": "E", "orientation": "e", "directions": [1], "coords": [4, 3], "color": [2], "components": []}, {"id": "L_cantaloupe_004004", "layout": "E", "orientation": "e", "directions": [1], "coords": [4, 4], "color": [2], "components": []}, {"id": "L_cantaloupe_004005", "layout": "G", "orientation": "w", "directions": [1, 4], "coords": [4, 5], "color": [2], "components": ["L_cantaloupe_5001"]}, {"id": "L_cantaloupe_004006", "layout": "E", "orientation": "e", "directions": [1], "coords": [4, 6], "color": [2], "components": []}, {"id": "L_cantaloupe_004007", "layout": "C", "orientation": "e", "directions": [2], "coords": [4, 7], "color": [2], "components": []}], [{"id": "L_cantaloupe_005000", "layout": null, "coords": [5, 0]}, {"id": "L_cantaloupe_005001", "layout": null, "coords": [5, 1]}, {"id": "L_cantaloupe_005002", "layout": "E", "orientation": "n", "directions": [4], "coords": [5, 2], "color": [2], "components": []}, {"id": "L_cantaloupe_005003", "layout": null, "coords": [5, 3]}, {"id": "L_cantaloupe_005004", "layout": null, "coords": [5, 4]}, {"id": "L_cantaloupe_005005", "layout": null, "coords": [5, 5]}, {"id": "L_cantaloupe_005006", "layout": null, "coords": [5, 6]}, {"id": "L_cantaloupe_005007", "layout": "E", "orientation": "n", "directions": [2], "coords": [5, 7], "color": [2], "components": []}], [{"id": "L_cantaloupe_006000", "layout": "C", "orientation": "n", "directions": [2], "coords": [6, 0], "color": [1], "components": []}, {"id": "L_cantaloupe_006001", "layout": "E", "orientation": "e", "directions": [3], "coords": [6, 1], "color": [1], "components": []}, {"id": "L_cantaloupe_006002", "layout": "O", "orientation": "e", "directions": [3, 4], "coords": [6, 2], "color": [1, 2], "components": ["L_cantaloupe_2001"]}, {"id": "L_cantaloupe_006003", "layout": "E", "orientation": "e", "directions": [3], "coords": [6, 3], "color": [1], "components": ["aaaaab"]}, {"id": "L_cantaloupe_006004", "layout": "E", "orientation": "e", "directions": [3], "coords": [6, 4], "color": [1], "components": []}, {"id": "L_cantaloupe_006005", "layout": "C", "orientation": "e", "directions": [3], "coords": [6, 5], "color": [1], "components": []}, {"id": "L_cantaloupe_006006", "layout": null, "coords": [6, 6]}, {"id": "L_cantaloupe_006007", "layout": "E", "orientation": "n", "directions": [2], "coords": [6, 7], "color": [2], "components": []}], [{"id": "L_cantaloupe_007000", "layout": "E", "orientation": "n", "directions": [2], "coords": [7, 0], "color": [1], "components": []}, {"id": "L_cantaloupe_007001", "layout": null, "coords": [7, 1]}, {"id": "L_cantaloupe_007002", "layout": "E", "orientation": "n", "directions": [4], "coords": [7, 2], "color": [2], "components": []}, {"id": "L_cantaloupe_007003", "layout": null, "coords": [7, 3]}, {"id": "L_cantaloupe_007004", "layout": null, "coords": [7, 4]}, {"id": "L_cantaloupe_007005", "layout": "E", "orientation": "n", "directions": [4], "coords": [7, 5], "color": [1], "components": []}, {"id": "L_cantaloupe_007006", "layout": null, "coords": [7, 6]}, {"id": "L_cantaloupe_007007", "layout": "E", "orientation": "n", "directions": [2], "coords": [7, 7], "color": [2], "components": ["L_cantaloupe_3001"]}], [{"id": "L_cantaloupe_008000", "layout": "E", "orientation": "n", "directions": [2], "coords": [8, 0], "color": [1], "components": []}, {"id": "L_cantaloupe_008001", "layout": null, "coords": [8, 1]}, {"id": "L_cantaloupe_008002", "layout": "E", "orientation": "n", "directions": [4], "coords": [8, 2], "color": [2], "components": ["aaaaaa"]}, {"id": "L_cantaloupe_008003", "layout": null, "coords": [8, 3]}, {"id": "L_cantaloupe_008004", "layout": null, "coords": [8, 4]}, {"id": "L_cantaloupe_008005", "layout": "E", "orientation": "n", "directions": [4], "coords": [8, 5], "color": [1], "components": ["L_cantaloupe_1002"]}, {"id": "L_cantaloupe_008006", "layout": null, "coords": [8, 6]}, {"id": "L_cantaloupe_008007", "layout": "E", "orientation": "n", "directions": [2], "coords": [8, 7], "color": [2], "components": []}], [{"id": "L_cantaloupe_009000", "layout": "E", "orientation": "n", "directions": [2], "coords": [9, 0], "color": [1], "components": []}, {"id": "L_cantaloupe_009001", "layout": null, "coords": [9, 1]}, {"id": "L_cantaloupe_009002", "layout": "C", "orientation": "w", "directions": [4], "coords": [9, 2], "color": [2], "components": ["L_cantaloupe_1001"]}, {"id": "L_cantaloupe_009003", "layout": "E", "orientation": "e", "directions": [3], "coords": [9, 3], "color": [2], "components": []}, {"id": "L_cantaloupe_009004", "layout": "E", "orientation": "e", "directions": [3], "coords": [9, 4], "color": [2], "components": ["L_cantaloupe_1001"]}, {"id": "L_cantaloupe_009005", "layout": "O", "orientation": "e", "directions": [3, 4], "coords": [9, 5], "color": [1, 2], "components": []}, {"id": "L_cantaloupe_009006", "layout": "E", "orientation": "e", "directions": [3], "coords": [9, 6], "color": [2], "components": ["aaaaad"]}, {"id": "L_cantaloupe_009007", "layout": "C", "orientation": "s", "directions": [3], "coords": [9, 7], "color": [2], "components": []}], [{"id": "L_cantaloupe_010000", "layout": "E", "orientation": "n", "directions": [2], "coords": [10, 0], "color": [1], "components": []}, {"id": "L_cantaloupe_010001", "layout": null, "coords": [10, 1]}, {"id": "L_cantaloupe_010002", "layout": null, "coords": [10, 2]}, {"id": "L_cantaloupe_010003", "layout": null, "coords": [10, 3]}, {"id": "L_cantaloupe_010004", "layout": null, "coords": [10, 4]}, {"id": "L_cantaloupe_010005", "layout": "E", "orientation": "n", "directions": [4], "coords": [10, 5], "color": [1], "components": []}, {"id": "L_cantaloupe_010006", "layout": null, "coords": [10, 6]}, {"id": "L_cantaloupe_010007", "layout": null, "coords": [10, 7]}], [{"id": "L_cantaloupe_011000", "layout": "C", "orientation": "w", "directions": [1], "coords": [11, 0], "color": [1], "components": []}, {"id": "L_cantaloupe_011001", "layout": "E", "orientation": "e", "directions": [1], "coords": [11, 1], "color": [1], "components": []}, {"id": "L_cantaloupe_011002", "layout": "G", "orientation": "e", "directions": [1, 2], "coords": [11, 2], "color": [1], "components": ["L_cantaloupe_5002"]}, {"id": "L_cantaloupe_011003", "layout": "E", "orientation": "e", "directions": [1], "coords": [11, 3], "color": [1], "components": ["L_cantaloupe_3002", "L_cantaloupe_1002"]}, {"id": "L_cantaloupe_011004", "layout": "E", "orientation": "e", "directions": [1], "coords": [11, 4], "color": [1], "components": ["aaaaac"]}, {"id": "L_cantaloupe_011005", "layout": "C", "orientation": "s", "directions": [4], "coords": [11, 5], "color": [1], "components": []}, {"id": "L_cantaloupe_011006", "layout": null, "coords": [11, 6]}, {"id": "L_cantaloupe_011007", "layout": null, "coords": [11, 7]}], [{"id": "L_cantaloupe_012000", "layout": null, "coords": [12, 0]}, {"id": "L_cantaloupe_012001", "layout": null, "coords": [12, 1]}, {"id": "L_cantaloupe_012002", "layout": "E", "orientation": "n", "directions": [2], "coords": [12, 2], "color": [1], "components": []}, {"id": "L_cantaloupe_012003", "layout": null, "coords": [12, 3]}, {"id": "L_cantaloupe_012004", "layout": null, "coords": [12, 4]}, {"id": "L_cantaloupe_012005", "layout": null, "coords": [12, 5]}, {"id": "L_cantaloupe_012006", "layout": null, "coords": [12, 6]}, {"id": "L_cantaloupe_012007", "layout": null, "coords": [12, 7]}], [{"id": "L_cantaloupe_013000", "layout": "C", "orientation": "n", "directions": [1], "coords": [13, 0], "color": [1], "components": []}, {"id": "L_cantaloupe_013001", "layout": "E", "orientation": "e", "directions": [1], "coords": [13, 1], "color": [1], "components": []}, {"id": "L_cantaloupe_013002", "layout": "G", "orientation": "s", "directions": [2], "coords": [13, 2], "color": [1], "components": []}, {"id": "L_cantaloupe_013003", "layout": null, "coords": [13, 3]}, {"id": "L_cantaloupe_013004", "layout": null, "coords": [13, 4]}, {"id": "L_cantaloupe_013005", "layout": null, "coords": [13, 5]}, {"id": "L_cantaloupe_013006", "layout": null, "coords": [13, 6]}, {"id": "L_cantaloupe_013007", "layout": null, "coords": [13, 7]}], [{"id": "L_cantaloupe_014000", "layout": "E", "orientation": "n", "directions": [4], "coords": [14, 0], "color": [1], "components": []}, {"id": "L_cantaloupe_014001", "layout": null, "coords": [14, 1]}, {"id": "L_cantaloupe_014002", "layout": "E", "orientation": "n", "directions": [2], "coords": [14, 2], "color": [1], "components": []}, {"id": "L_cantaloupe_014003", "layout": null, "coords": [14, 3]}, {"id": "L_cantaloupe_014004", "layout": null, "coords": [14, 4]}, {"id": "L_cantaloupe_014005", "layout": null, "coords": [14, 5]}, {"id": "L_cantaloupe_014006", "layout": null, "coords": [14, 6]}, {"id": "L_cantaloupe_014007", "layout": null, "coords": [14, 7]}], [{"id": "L_cantaloupe_015000", "layout": "C", "orientation": "w", "directions": [4], "coords": [15, 0], "color": [1], "components": []}, {"id": "L_cantaloupe_015001", "layout": "E", "orientation": "e", "directions": [3], "coords": [15, 1], "color": [1], "components": []}, {"id": "L_cantaloupe_015002", "layout": "C", "orientation": "s", "directions": [3], "coords": [15, 2], "color": [1], "components": []}, {"id": "L_cantaloupe_015003", "layout": null, "coords": [15, 3]}, {"id": "L_cantaloupe_015004", "layout": null, "coords": [15, 4]}, {"id": "L_cantaloupe_015005", "layout": null, "coords": [15, 5]}, {"id": "L_cantaloupe_015006", "layout": null, "coords": [15, 6]}, {"id": "L_cantaloupe_015007", "layout": null, "coords": [15, 7]}]], "components": {"L_cantaloupe_5001": {"cell": [4, 5], "color": 0, "id": "L_cantaloupe_5001", "locked": true, "passed": 1, "spec": "", "type": "conditional", "userPlaced": false, "directionCondition": 3, "directionDefault": 3, "directionsColors": [[], [], [], []], "directionsTypes": [["unlimCondition"], [], [], ["emptyPayload"]]}, "L_cantaloupe_5002": {"cell": [11, 2], "color": 0, "id": "L_cantaloupe_5002", "locked": true, "passed": 1, "spec": "", "type": "conditional", "userPlaced": false, "directionCondition": 3, "directionDefault": 3, "directionsColors": [[], [], [], []], "directionsTypes": [["unlimCondition"], ["emptyPayload"], [], []]}, "L_cantaloupe_3001": {"cell": [7, 7], "color": 0, "delivered": 2, "id": "L_cantaloupe_3001", "locked": true, "passed": 2, "spec": "unlimCondition", "type": "delivery", "userPlaced": false, "acceptedTypes": ["unlimCondition"], "acceptedColors": []}, "L_cantaloupe_3002": {"cell": [11, 3], "color": 0, "delivered": 2, "id": "L_cantaloupe_3002", "locked": true, "passed": 2, "spec": "unlimCondition", "type": "delivery", "userPlaced": false, "acceptedTypes": ["unlimCondition"], "acceptedColors": []}, "L_cantaloupe_2001": {"cell": [6, 2], "color": 1, "id": "L_cantaloupe_2001", "locked": true, "passed": 4, "picked": 4, "spec": "unlimCondition", "type": "pickup", "userPlaced": false}, "aaaaab": {"cell": [6, 3], "id": "aaaaab", "passed": 1, "spec": "inactive", "type": "semaphore", "userPlaced": true}, "aaaaaa": {"cell": [8, 2], "id": "aaaaaa", "passed": 1, "spec": "inactive", "type": "semaphore", "userPlaced": true}, "aaaaac": {"cell": [11, 4], "id": "aaaaac", "spec": "inactive", "type": "signal", "userPlaced": true, "link": "aaaaaa"}, "aaaaad": {"cell": [9, 6], "id": "aaaaad", "spec": "inactive", "type": "signal", "userPlaced": true, "link": "aaaaab"}, "L_cantaloupe_1002": {"capacity": -1, "cell": [11, 3], "color": 1, "delivered": 2, "direction": 1, "id": "L_cantaloupe_1002", "locked": true, "passed": 0, "spec": "", "type": "thread", "userPlaced": false}, "L_cantaloupe_1001": {"capacity": -1, "cell": [9, 2], "color": 2, "delivered": 2, "direction": 3, "id": "L_cantaloupe_1001", "locked": true, "passed": 0, "spec": "", "type": "thread", "userPlaced": false}}}, "category": "DEFAULT", "created": 1620755676467, "id": "d8445453-9eca-41bb-86a2-ba80b6bb817d"}, {"type": "BEGIN_SIMULATION", "current": -1, "total": 160, "category": "DEFAULT", "created": 1620755680022, "id": "17ca4ece-2336-4ca3-86d1-31124a220943"}, {"type": "SET_REFLECTION_CONTENT", "content": {"status": "success", "title": "Successful Solution", "titleIcon": "success.png", "subtitle": "Good job!", "description": "You met the level goal!", "simType": "SUBMIT", "numUserPlacedComponents": 4, "header": "Knowledge Unlocked:", "goals": [{"title": "The thread delivered at least enough packages.", "icon": "thread.png", "status": "success", "actual": 2, "target": 1, "comparison": "gt", "component": {"id": "L_cantaloupe_1001", "type": "thread", "spec": "", "color": 2}, "triggeredFailure": false}, {"title": "The thread delivered at least enough packages.", "icon": "thread.png", "status": "success", "actual": 2, "target": 1, "comparison": "gt", "component": {"id": "L_cantaloupe_1002", "type": "thread", "spec": "", "color": 1}, "triggeredFailure": false}, {"title": "The delivery point received at least enough packages.", "icon": "delivery.png", "status": "success", "actual": 2, "target": 1, "comparison": "gt", "component": {"id": "L_cantaloupe_3001", "type": "delivery", "spec": "unlimCondition", "color": 0}, "triggeredFailure": false}, {"title": "The delivery point received at least enough packages.", "icon": "delivery.png", "status": "success", "actual": 2, "target": 1, "comparison": "gt", "component": {"id": "L_cantaloupe_3002", "type": "delivery", "spec": "unlimCondition", "color": 0}, "triggeredFailure": false}], "reflections": []}, "category": "SYSTEM", "created": 1620755685097, "id": "1ea2bd0d-dc65-4469-9a5f-7eabd36c51f7"}, {"type": "FINISH_SIMULATION", "current": 159, "total": 160, "category": "DEFAULT", "created": 1620755702725, "id": "f97bf51a-70a1-46f0-b68d-7a126b7771c2"}, {"type": "BOARD_SNAPSHOT", "board": {"map": [[{"id": "L_cantaloupe_000000", "layout": null, "coords": [0, 0]}, {"id": "L_cantaloupe_000001", "layout": null, "coords": [0, 1]}, {"id": "L_cantaloupe_000002", "layout": null, "coords": [0, 2]}, {"id": "L_cantaloupe_000003", "layout": null, "coords": [0, 3]}, {"id": "L_cantaloupe_000004", "layout": null, "coords": [0, 4]}, {"id": "L_cantaloupe_000005", "layout": "C", "orientation": "n", "directions": [1], "coords": [0, 5], "color": [2], "components": []}, {"id": "L_cantaloupe_000006", "layout": "E", "orientation": "e", "directions": [1], "coords": [0, 6], "color": [2], "components": []}, {"id": "L_cantaloupe_000007", "layout": "C", "orientation": "e", "directions": [2], "coords": [0, 7], "color": [2], "components": []}], [{"id": "L_cantaloupe_001000", "layout": null, "coords": [1, 0]}, {"id": "L_cantaloupe_001001", "layout": null, "coords": [1, 1]}, {"id": "L_cantaloupe_001002", "layout": null, "coords": [1, 2]}, {"id": "L_cantaloupe_001003", "layout": null, "coords": [1, 3]}, {"id": "L_cantaloupe_001004", "layout": null, "coords": [1, 4]}, {"id": "L_cantaloupe_001005", "layout": "E", "orientation": "n", "directions": [4], "coords": [1, 5], "color": [2], "components": []}, {"id": "L_cantaloupe_001006", "layout": null, "coords": [1, 6]}, {"id": "L_cantaloupe_001007", "layout": "E", "orientation": "n", "directions": [2], "coords": [1, 7], "color": [2], "components": []}], [{"id": "L_cantaloupe_002000", "layout": null, "coords": [2, 0]}, {"id": "L_cantaloupe_002001", "layout": null, "coords": [2, 1]}, {"id": "L_cantaloupe_002002", "layout": null, "coords": [2, 2]}, {"id": "L_cantaloupe_002003", "layout": null, "coords": [2, 3]}, {"id": "L_cantaloupe_002004", "layout": null, "coords": [2, 4]}, {"id": "L_cantaloupe_002005", "layout": "G", "orientation": "n", "directions": [4], "coords": [2, 5], "color": [2], "components": []}, {"id": "L_cantaloupe_002006", "layout": "E", "orientation": "e", "directions": [3], "coords": [2, 6], "color": [2], "components": []}, {"id": "L_cantaloupe_002007", "layout": "C", "orientation": "s", "directions": [3], "coords": [2, 7], "color": [2], "components": []}], [{"id": "L_cantaloupe_003000", "layout": null, "coords": [3, 0]}, {"id": "L_cantaloupe_003001", "layout": null, "coords": [3, 1]}, {"id": "L_cantaloupe_003002", "layout": null, "coords": [3, 2]}, {"id": "L_cantaloupe_003003", "layout": null, "coords": [3, 3]}, {"id": "L_cantaloupe_003004", "layout": null, "coords": [3, 4]}, {"id": "L_cantaloupe_003005", "layout": "E", "orientation": "n", "directions": [4], "coords": [3, 5], "color": [2], "components": []}, {"id": "L_cantaloupe_003006", "layout": null, "coords": [3, 6]}, {"id": "L_cantaloupe_003007", "layout": null, "coords": [3, 7]}], [{"id": "L_cantaloupe_004000", "layout": null, "coords": [4, 0]}, {"id": "L_cantaloupe_004001", "layout": null, "coords": [4, 1]}, {"id": "L_cantaloupe_004002", "layout": "C", "orientation": "n", "directions": [1], "coords": [4, 2], "color": [2], "components": []}, {"id": "L_cantaloupe_004003", "layout": "E", "orientation": "e", "directions": [1], "coords": [4, 3], "color": [2], "components": []}, {"id": "L_cantaloupe_004004", "layout": "E", "orientation": "e", "directions": [1], "coords": [4, 4], "color": [2], "components": []}, {"id": "L_cantaloupe_004005", "layout": "G", "orientation": "w", "directions": [1, 4], "coords": [4, 5], "color": [2], "components": ["L_cantaloupe_5001"]}, {"id": "L_cantaloupe_004006", "layout": "E", "orientation": "e", "directions": [1], "coords": [4, 6], "color": [2], "components": []}, {"id": "L_cantaloupe_004007", "layout": "C", "orientation": "e", "directions": [2], "coords": [4, 7], "color": [2], "components": []}], [{"id": "L_cantaloupe_005000", "layout": null, "coords": [5, 0]}, {"id": "L_cantaloupe_005001", "layout": null, "coords": [5, 1]}, {"id": "L_cantaloupe_005002", "layout": "E", "orientation": "n", "directions": [4], "coords": [5, 2], "color": [2], "components": []}, {"id": "L_cantaloupe_005003", "layout": null, "coords": [5, 3]}, {"id": "L_cantaloupe_005004", "layout": null, "coords": [5, 4]}, {"id": "L_cantaloupe_005005", "layout": null, "coords": [5, 5]}, {"id": "L_cantaloupe_005006", "layout": null, "coords": [5, 6]}, {"id": "L_cantaloupe_005007", "layout": "E", "orientation": "n", "directions": [2], "coords": [5, 7], "color": [2], "components": []}], [{"id": "L_cantaloupe_006000", "layout": "C", "orientation": "n", "directions": [2], "coords": [6, 0], "color": [1], "components": []}, {"id": "L_cantaloupe_006001", "layout": "E", "orientation": "e", "directions": [3], "coords": [6, 1], "color": [1], "components": []}, {"id": "L_cantaloupe_006002", "layout": "O", "orientation": "e", "directions": [3, 4], "coords": [6, 2], "color": [1, 2], "components": ["L_cantaloupe_2001"]}, {"id": "L_cantaloupe_006003", "layout": "E", "orientation": "e", "directions": [3], "coords": [6, 3], "color": [1], "components": ["aaaaab"]}, {"id": "L_cantaloupe_006004", "layout": "E", "orientation": "e", "directions": [3], "coords": [6, 4], "color": [1], "components": []}, {"id": "L_cantaloupe_006005", "layout": "C", "orientation": "e", "directions": [3], "coords": [6, 5], "color": [1], "components": []}, {"id": "L_cantaloupe_006006", "layout": null, "coords": [6, 6]}, {"id": "L_cantaloupe_006007", "layout": "E", "orientation": "n", "directions": [2], "coords": [6, 7], "color": [2], "components": []}], [{"id": "L_cantaloupe_007000", "layout": "E", "orientation": "n", "directions": [2], "coords": [7, 0], "color": [1], "components": []}, {"id": "L_cantaloupe_007001", "layout": null, "coords": [7, 1]}, {"id": "L_cantaloupe_007002", "layout": "E", "orientation": "n", "directions": [4], "coords": [7, 2], "color": [2], "components": []}, {"id": "L_cantaloupe_007003", "layout": null, "coords": [7, 3]}, {"id": "L_cantaloupe_007004", "layout": null, "coords": [7, 4]}, {"id": "L_cantaloupe_007005", "layout": "E", "orientation": "n", "directions": [4], "coords": [7, 5], "color": [1], "components": []}, {"id": "L_cantaloupe_007006", "layout": null, "coords": [7, 6]}, {"id": "L_cantaloupe_007007", "layout": "E", "orientation": "n", "directions": [2], "coords": [7, 7], "color": [2], "components": ["L_cantaloupe_3001"]}], [{"id": "L_cantaloupe_008000", "layout": "E", "orientation": "n", "directions": [2], "coords": [8, 0], "color": [1], "components": []}, {"id": "L_cantaloupe_008001", "layout": null, "coords": [8, 1]}, {"id": "L_cantaloupe_008002", "layout": "E", "orientation": "n", "directions": [4], "coords": [8, 2], "color": [2], "components": ["aaaaaa"]}, {"id": "L_cantaloupe_008003", "layout": null, "coords": [8, 3]}, {"id": "L_cantaloupe_008004", "layout": null, "coords": [8, 4]}, {"id": "L_cantaloupe_008005", "layout": "E", "orientation": "n", "directions": [4], "coords": [8, 5], "color": [1], "components": ["L_cantaloupe_1002"]}, {"id": "L_cantaloupe_008006", "layout": null, "coords": [8, 6]}, {"id": "L_cantaloupe_008007", "layout": "E", "orientation": "n", "directions": [2], "coords": [8, 7], "color": [2], "components": []}], [{"id": "L_cantaloupe_009000", "layout": "E", "orientation": "n", "directions": [2], "coords": [9, 0], "color": [1], "components": []}, {"id": "L_cantaloupe_009001", "layout": null, "coords": [9, 1]}, {"id": "L_cantaloupe_009002", "layout": "C", "orientation": "w", "directions": [4], "coords": [9, 2], "color": [2], "components": ["L_cantaloupe_1001"]}, {"id": "L_cantaloupe_009003", "layout": "E", "orientation": "e", "directions": [3], "coords": [9, 3], "color": [2], "components": []}, {"id": "L_cantaloupe_009004", "layout": "E", "orientation": "e", "directions": [3], "coords": [9, 4], "color": [2], "components": ["L_cantaloupe_1001"]}, {"id": "L_cantaloupe_009005", "layout": "O", "orientation": "e", "directions": [3, 4], "coords": [9, 5], "color": [1, 2], "components": []}, {"id": "L_cantaloupe_009006", "layout": "E", "orientation": "e", "directions": [3], "coords": [9, 6], "color": [2], "components": ["aaaaad"]}, {"id": "L_cantaloupe_009007", "layout": "C", "orientation": "s", "directions": [3], "coords": [9, 7], "color": [2], "components": []}], [{"id": "L_cantaloupe_010000", "layout": "E", "orientation": "n", "directions": [2], "coords": [10, 0], "color": [1], "components": []}, {"id": "L_cantaloupe_010001", "layout": null, "coords": [10, 1]}, {"id": "L_cantaloupe_010002", "layout": null, "coords": [10, 2]}, {"id": "L_cantaloupe_010003", "layout": null, "coords": [10, 3]}, {"id": "L_cantaloupe_010004", "layout": null, "coords": [10, 4]}, {"id": "L_cantaloupe_010005", "layout": "E", "orientation": "n", "directions": [4], "coords": [10, 5], "color": [1], "components": []}, {"id": "L_cantaloupe_010006", "layout": null, "coords": [10, 6]}, {"id": "L_cantaloupe_010007", "layout": null, "coords": [10, 7]}], [{"id": "L_cantaloupe_011000", "layout": "C", "orientation": "w", "directions": [1], "coords": [11, 0], "color": [1], "components": []}, {"id": "L_cantaloupe_011001", "layout": "E", "orientation": "e", "directions": [1], "coords": [11, 1], "color": [1], "components": []}, {"id": "L_cantaloupe_011002", "layout": "G", "orientation": "e", "directions": [1, 2], "coords": [11, 2], "color": [1], "components": ["L_cantaloupe_5002"]}, {"id": "L_cantaloupe_011003", "layout": "E", "orientation": "e", "directions": [1], "coords": [11, 3], "color": [1], "components": ["L_cantaloupe_3002", "L_cantaloupe_1002"]}, {"id": "L_cantaloupe_011004", "layout": "E", "orientation": "e", "directions": [1], "coords": [11, 4], "color": [1], "components": ["aaaaac"]}, {"id": "L_cantaloupe_011005", "layout": "C", "orientation": "s", "directions": [4], "coords": [11, 5], "color": [1], "components": []}, {"id": "L_cantaloupe_011006", "layout": null, "coords": [11, 6]}, {"id": "L_cantaloupe_011007", "layout": null, "coords": [11, 7]}], [{"id": "L_cantaloupe_012000", "layout": null, "coords": [12, 0]}, {"id": "L_cantaloupe_012001", "layout": null, "coords": [12, 1]}, {"id": "L_cantaloupe_012002", "layout": "E", "orientation": "n", "directions": [2], "coords": [12, 2], "color": [1], "components": []}, {"id": "L_cantaloupe_012003", "layout": null, "coords": [12, 3]}, {"id": "L_cantaloupe_012004", "layout": null, "coords": [12, 4]}, {"id": "L_cantaloupe_012005", "layout": null, "coords": [12, 5]}, {"id": "L_cantaloupe_012006", "layout": null, "coords": [12, 6]}, {"id": "L_cantaloupe_012007", "layout": null, "coords": [12, 7]}], [{"id": "L_cantaloupe_013000", "layout": "C", "orientation": "n", "directions": [1], "coords": [13, 0], "color": [1], "components": []}, {"id": "L_cantaloupe_013001", "layout": "E", "orientation": "e", "directions": [1], "coords": [13, 1], "color": [1], "components": []}, {"id": "L_cantaloupe_013002", "layout": "G", "orientation": "s", "directions": [2], "coords": [13, 2], "color": [1], "components": []}, {"id": "L_cantaloupe_013003", "layout": null, "coords": [13, 3]}, {"id": "L_cantaloupe_013004", "layout": null, "coords": [13, 4]}, {"id": "L_cantaloupe_013005", "layout": null, "coords": [13, 5]}, {"id": "L_cantaloupe_013006", "layout": null, "coords": [13, 6]}, {"id": "L_cantaloupe_013007", "layout": null, "coords": [13, 7]}], [{"id": "L_cantaloupe_014000", "layout": "E", "orientation": "n", "directions": [4], "coords": [14, 0], "color": [1], "components": []}, {"id": "L_cantaloupe_014001", "layout": null, "coords": [14, 1]}, {"id": "L_cantaloupe_014002", "layout": "E", "orientation": "n", "directions": [2], "coords": [14, 2], "color": [1], "components": []}, {"id": "L_cantaloupe_014003", "layout": null, "coords": [14, 3]}, {"id": "L_cantaloupe_014004", "layout": null, "coords": [14, 4]}, {"id": "L_cantaloupe_014005", "layout": null, "coords": [14, 5]}, {"id": "L_cantaloupe_014006", "layout": null, "coords": [14, 6]}, {"id": "L_cantaloupe_014007", "layout": null, "coords": [14, 7]}], [{"id": "L_cantaloupe_015000", "layout": "C", "orientation": "w", "directions": [4], "coords": [15, 0], "color": [1], "components": []}, {"id": "L_cantaloupe_015001", "layout": "E", "orientation": "e", "directions": [3], "coords": [15, 1], "color": [1], "components": []}, {"id": "L_cantaloupe_015002", "layout": "C", "orientation": "s", "directions": [3], "coords": [15, 2], "color": [1], "components": []}, {"id": "L_cantaloupe_015003", "layout": null, "coords": [15, 3]}, {"id": "L_cantaloupe_015004", "layout": null, "coords": [15, 4]}, {"id": "L_cantaloupe_015005", "layout": null, "coords": [15, 5]}, {"id": "L_cantaloupe_015006", "layout": null, "coords": [15, 6]}, {"id": "L_cantaloupe_015007", "layout": null, "coords": [15, 7]}]], "components": {"L_cantaloupe_5001": {"cell": [4, 5], "color": 0, "id": "L_cantaloupe_5001", "locked": true, "passed": 1, "spec": "", "type": "conditional", "userPlaced": false, "directionCondition": 3, "directionDefault": 3, "directionsColors": [[], [], [], []], "directionsTypes": [["unlimCondition"], [], [], ["emptyPayload"]]}, "L_cantaloupe_5002": {"cell": [11, 2], "color": 0, "id": "L_cantaloupe_5002", "locked": true, "passed": 1, "spec": "", "type": "conditional", "userPlaced": false, "directionCondition": 3, "directionDefault": 3, "directionsColors": [[], [], [], []], "directionsTypes": [["unlimCondition"], ["emptyPayload"], [], []]}, "L_cantaloupe_3001": {"cell": [7, 7], "color": 0, "delivered": 2, "id": "L_cantaloupe_3001", "locked": true, "passed": 2, "spec": "unlimCondition", "type": "delivery", "userPlaced": false, "acceptedTypes": ["unlimCondition"], "acceptedColors": []}, "L_cantaloupe_3002": {"cell": [11, 3], "color": 0, "delivered": 2, "id": "L_cantaloupe_3002", "locked": true, "passed": 2, "spec": "unlimCondition", "type": "delivery", "userPlaced": false, "acceptedTypes": ["unlimCondition"], "acceptedColors": []}, "L_cantaloupe_2001": {"cell": [6, 2], "color": 1, "id": "L_cantaloupe_2001", "locked": true, "passed": 4, "picked": 4, "spec": "unlimCondition", "type": "pickup", "userPlaced": false}, "aaaaab": {"cell": [6, 3], "id": "aaaaab", "passed": 1, "spec": "inactive", "type": "semaphore", "userPlaced": true}, "aaaaaa": {"cell": [8, 2], "id": "aaaaaa", "passed": 1, "spec": "inactive", "type": "semaphore", "userPlaced": true}, "aaaaac": {"cell": [11, 4], "id": "aaaaac", "spec": "inactive", "type": "signal", "userPlaced": true, "link": "aaaaaa"}, "aaaaad": {"cell": [9, 6], "id": "aaaaad", "spec": "inactive", "type": "signal", "userPlaced": true, "link": "aaaaab"}, "L_cantaloupe_1002": {"capacity": -1, "cell": [11, 3], "color": 1, "delivered": 2, "direction": 1, "id": "L_cantaloupe_1002", "locked": true, "passed": 0, "spec": "", "type": "thread", "userPlaced": false}, "L_cantaloupe_1001": {"capacity": -1, "cell": [9, 2], "color": 2, "delivered": 2, "direction": 3, "id": "L_cantaloupe_1001", "locked": true, "passed": 0, "spec": "", "type": "thread", "userPlaced": false}}}, "category": "DEFAULT", "created": 1620755702743, "id": "65b42549-1bc4-4765-b045-e03e793c2a1b"}, {"type": "SHOW_MESSAGE", "message": "Uploading log data...", "category": "DEFAULT", "created": 1620755706574, "id": "c00ec055-2b25-46b5-8a67-47a01cc75c96"}], "metadata": {"platform": "5.0 (Windows NT 10.0; Win64; x64) AppleWebKit/537.36 (KHTML, like Gecko) Chrome/90.0.4430.93 Safari/537.36", "playerId": "07224f62-235a-406e-98cc-13dc58b063ae"}}