{"id": "8bbeff9b-9e06-4993-b919-c9cd59a77f16", "created": 1621511423, "events": [{"type": "BEGIN_LEVEL_LOAD", "name": "cantaloupe", "order": "7", "category": "SYSTEM", "created": 1621511481261, "id": "faedeb1a-6762-4a7c-ab07-bbb5d6a821cb"}, {"type": "BOARD_SNAPSHOT", "board": {"map": [[{"id": "L_cantaloupe_000000", "layout": null, "coords": [0, 0]}, {"id": "L_cantaloupe_000001", "layout": null, "coords": [0, 1]}, {"id": "L_cantaloupe_000002", "layout": null, "coords": [0, 2]}, {"id": "L_cantaloupe_000003", "layout": null, "coords": [0, 3]}, {"id": "L_cantaloupe_000004", "layout": null, "coords": [0, 4]}, {"id": "L_cantaloupe_000005", "layout": "C", "orientation": "n", "directions": [1], "coords": [0, 5], "color": [2], "components": []}, {"id": "L_cantaloupe_000006", "layout": "E", "orientation": "e", "directions": [1], "coords": [0, 6], "color": [2], "components": []}, {"id": "L_cantaloupe_000007", "layout": "C", "orientation": "e", "directions": [2], "coords": [0, 7], "color": [2], "components": []}], [{"id": "L_cantaloupe_001000", "layout": null, "coords": [1, 0]}, {"id": "L_cantaloupe_001001", "layout": null, "coords": [1, 1]}, {"id": "L_cantaloupe_001002", "layout": null, "coords": [1, 2]}, {"id": "L_cantaloupe_001003", "layout": null, "coords": [1, 3]}, {"id": "L_cantaloupe_001004", "layout": null, "coords": [1, 4]}, {"id": "L_cantaloupe_001005", "layout": "E", "orientation": "n", "directions": [4], "coords": [1, 5], "color": [2], "components": []}, {"id": "L_cantaloupe_001006", "layout": null, "coords": [1, 6]}, {"id": "L_cantaloupe_001007", "layout": "E", "orientation": "n", "directions": [2], "coords": [1, 7], "color": [2], "components": []}], [{"id": "L_cantaloupe_002000", "layout": null, "coords": [2, 0]}, {"id": "L_cantaloupe_002001", "layout": null, "coords": [2, 1]}, {"id": "L_cantaloupe_002002", "layout": null, "coords": [2, 2]}, {"id": "L_cantaloupe_002003", "layout": null, "coords": [2, 3]}, {"id": "L_cantaloupe_002004", "layout": null, "coords": [2, 4]}, {"id": "L_cantaloupe_002005", "layout": "G", "orientation": "n", "directions": [4], "coords": [2, 5], "color": [2], "components": []}, {"id": "L_cantaloupe_002006", "layout": "E", "orientation": "e", "directions": [3], "coords": [2, 6], "color": [2], "components": []}, {"id": "L_cantaloupe_002007", "layout": "C", "orientation": "s", "directions": [3], "coords": [2, 7], "color": [2], "components": []}], [{"id": "L_cantaloupe_003000", "layout": null, "coords": [3, 0]}, {"id": "L_cantaloupe_003001", "layout": null, "coords": [3, 1]}, {"id": "L_cantaloupe_003002", "layout": null, "coords": [3, 2]}, {"id": "L_cantaloupe_003003", "layout": null, "coords": [3, 3]}, {"id": "L_cantaloupe_003004", "layout": null, "coords": [3, 4]}, {"id": "L_cantaloupe_003005", "layout": "E", "orientation": "n", "directions": [4], "coords": [3, 5], "color": [2], "components": []}, {"id": "L_cantaloupe_003006", "layout": null, "coords": [3, 6]}, {"id": "L_cantaloupe_003007", "layout": null, "coords": [3, 7]}], [{"id": "L_cantaloupe_004000", "layout": null, "coords": [4, 0]}, {"id": "L_cantaloupe_004001", "layout": null, "coords": [4, 1]}, {"id": "L_cantaloupe_004002", "layout": "C", "orientation": "n", "directions": [1], "coords": [4, 2], "color": [2], "components": []}, {"id": "L_cantaloupe_004003", "layout": "E", "orientation": "e", "directions": [1], "coords": [4, 3], "color": [2], "components": []}, {"id": "L_cantaloupe_004004", "layout": "E", "orientation": "e", "directions": [1], "coords": [4, 4], "color": [2], "components": []}, {"id": "L_cantaloupe_004005", "layout": "G", "orientation": "w", "directions": [1, 4], "coords": [4, 5], "color": [2], "components": ["L_cantaloupe_5001"]}, {"id": "L_cantaloupe_004006", "layout": "E", "orientation": "e", "directions": [1], "coords": [4, 6], "color": [2], "components": []}, {"id": "L_cantaloupe_004007", "layout": "C", "orientation": "e", "directions": [2], "coords": [4, 7], "color": [2], "components": []}], [{"id": "L_cantaloupe_005000", "layout": null, "coords": [5, 0]}, {"id": "L_cantaloupe_005001", "layout": null, "coords": [5, 1]}, {"id": "L_cantaloupe_005002", "layout": "E", "orientation": "n", "directions": [4], "coords": [5, 2], "color": [2], "components": []}, {"id": "L_cantaloupe_005003", "layout": null, "coords": [5, 3]}, {"id": "L_cantaloupe_005004", "layout": null, "coords": [5, 4]}, {"id": "L_cantaloupe_005005", "layout": null, "coords": [5, 5]}, {"id": "L_cantaloupe_005006", "layout": null, "coords": [5, 6]}, {"id": "L_cantaloupe_005007", "layout": "E", "orientation": "n", "directions": [2], "coords": [5, 7], "color": [2], "components": []}], [{"id": "L_cantaloupe_006000", "layout": "C", "orientation": "n", "directions": [2], "coords": [6, 0], "color": [1], "components": []}, {"id": "L_cantaloupe_006001", "layout": "E", "orientation": "e", "directions": [3], "coords": [6, 1], "color": [1], "components": []}, {"id": "L_cantaloupe_006002", "layout": "O", "orientation": "e", "directions": [3, 4], "coords": [6, 2], "color": [1, 2], "components": ["L_cantaloupe_2001"]}, {"id": "L_cantaloupe_006003", "layout": "E", "orientation": "e", "directions": [3], "coords": [6, 3], "color": [1], "components": []}, {"id": "L_cantaloupe_006004", "layout": "E", "orientation": "e", "directions": [3], "coords": [6, 4], "color": [1], "components": []}, {"id": "L_cantaloupe_006005", "layout": "C", "orientation": "e", "directions": [3], "coords": [6, 5], "color": [1], "components": []}, {"id": "L_cantaloupe_006006", "layout": null, "coords": [6, 6]}, {"id": "L_cantaloupe_006007", "layout": "E", "orientation": "n", "directions": [2], "coords": [6, 7], "color": [2], "components": []}], [{"id": "L_cantaloupe_007000", "layout": "E", "orientation": "n", "directions": [2], "coords": [7, 0], "color": [1], "components": []}, {"id": "L_cantaloupe_007001", "layout": null, "coords": [7, 1]}, {"id": "L_cantaloupe_007002", "layout": "E", "orientation": "n", "directions": [4], "coords": [7, 2], "color": [2], "components": []}, {"id": "L_cantaloupe_007003", "layout": null, "coords": [7, 3]}, {"id": "L_cantaloupe_007004", "layout": null, "coords": [7, 4]}, {"id": "L_cantaloupe_007005", "layout": "E", "orientation": "n", "directions": [4], "coords": [7, 5], "color": [1], "components": []}, {"id": "L_cantaloupe_007006", "layout": null, "coords": [7, 6]}, {"id": "L_cantaloupe_007007", "layout": "E", "orientation": "n", "directions": [2], "coords": [7, 7], "color": [2], "components": ["L_cantaloupe_3001"]}], [{"id": "L_cantaloupe_008000", "layout": "E", "orientation": "n", "directions": [2], "coords": [8, 0], "color": [1], "components": []}, {"id": "L_cantaloupe_008001", "layout": null, "coords": [8, 1]}, {"id": "L_cantaloupe_008002", "layout": "E", "orientation": "n", "directions": [4], "coords": [8, 2], "color": [2], "components": []}, {"id": "L_cantaloupe_008003", "layout": null, "coords": [8, 3]}, {"id": "L_cantaloupe_008004", "layout": null, "coords": [8, 4]}, {"id": "L_cantaloupe_008005", "layout": "E", "orientation": "n", "directions": [4], "coords": [8, 5], "color": [1], "components": ["L_cantaloupe_1002"]}, {"id": "L_cantaloupe_008006", "layout": null, "coords": [8, 6]}, {"id": "L_cantaloupe_008007", "layout": "E", "orientation": "n", "directions": [2], "coords": [8, 7], "color": [2], "components": []}], [{"id": "L_cantaloupe_009000", "layout": "E", "orientation": "n", "directions": [2], "coords": [9, 0], "color": [1], "components": []}, {"id": "L_cantaloupe_009001", "layout": null, "coords": [9, 1]}, {"id": "L_cantaloupe_009002", "layout": "C", "orientation": "w", "directions": [4], "coords": [9, 2], "color": [2], "components": []}, {"id": "L_cantaloupe_009003", "layout": "E", "orientation": "e", "directions": [3], "coords": [9, 3], "color": [2], "components": []}, {"id": "L_cantaloupe_009004", "layout": "E", "orientation": "e", "directions": [3], "coords": [9, 4], "color": [2], "components": ["L_cantaloupe_1001"]}, {"id": "L_cantaloupe_009005", "layout": "O", "orientation": "e", "directions": [3, 4], "coords": [9, 5], "color": [1, 2], "components": []}, {"id": "L_cantaloupe_009006", "layout": "E", "orientation": "e", "directions": [3], "coords": [9, 6], "color": [2], "components": []}, {"id": "L_cantaloupe_009007", "layout": "C", "orientation": "s", "directions": [3], "coords": [9, 7], "color": [2], "components": []}], [{"id": "L_cantaloupe_010000", "layout": "E", "orientation": "n", "directions": [2], "coords": [10, 0], "color": [1], "components": []}, {"id": "L_cantaloupe_010001", "layout": null, "coords": [10, 1]}, {"id": "L_cantaloupe_010002", "layout": null, "coords": [10, 2]}, {"id": "L_cantaloupe_010003", "layout": null, "coords": [10, 3]}, {"id": "L_cantaloupe_010004", "layout": null, "coords": [10, 4]}, {"id": "L_cantaloupe_010005", "layout": "E", "orientation": "n", "directions": [4], "coords": [10, 5], "color": [1], "components": []}, {"id": "L_cantaloupe_010006", "layout": null, "coords": [10, 6]}, {"id": "L_cantaloupe_010007", "layout": null, "coords": [10, 7]}], [{"id": "L_cantaloupe_011000", "layout": "C", "orientation": "w", "directions": [1], "coords": [11, 0], "color": [1], "components": []}, {"id": "L_cantaloupe_011001", "layout": "E", "orientation": "e", "directions": [1], "coords": [11, 1], "color": [1], "components": []}, {"id": "L_cantaloupe_011002", "layout": "G", "orientation": "e", "directions": [1, 2], "coords": [11, 2], "color": [1], "components": ["L_cantaloupe_5002"]}, {"id": "L_cantaloupe_011003", "layout": "E", "orientation": "e", "directions": [1], "coords": [11, 3], "color": [1], "components": ["L_cantaloupe_3002"]}, {"id": "L_cantaloupe_011004", "layout": "E", "orientation": "e", "directions": [1], "coords": [11, 4], "color": [1], "components": []}, {"id": "L_cantaloupe_011005", "layout": "C", "orientation": "s", "directions": [4], "coords": [11, 5], "color": [1], "components": []}, {"id": "L_cantaloupe_011006", "layout": null, "coords": [11, 6]}, {"id": "L_cantaloupe_011007", "layout": null, "coords": [11, 7]}], [{"id": "L_cantaloupe_012000", "layout": null, "coords": [12, 0]}, {"id": "L_cantaloupe_012001", "layout": null, "coords": [12, 1]}, {"id": "L_cantaloupe_012002", "layout": "E", "orientation": "n", "directions": [2], "coords": [12, 2], "color": [1], "components": []}, {"id": "L_cantaloupe_012003", "layout": null, "coords": [12, 3]}, {"id": "L_cantaloupe_012004", "layout": null, "coords": [12, 4]}, {"id": "L_cantaloupe_012005", "layout": null, "coords": [12, 5]}, {"id": "L_cantaloupe_012006", "layout": null, "coords": [12, 6]}, {"id": "L_cantaloupe_012007", "layout": null, "coords": [12, 7]}], [{"id": "L_cantaloupe_013000", "layout": "C", "orientation": "n", "directions": [1], "coords": [13, 0], "color": [1], "components": []}, {"id": "L_cantaloupe_013001", "layout": "E", "orientation": "e", "directions": [1], "coords": [13, 1], "color": [1], "components": []}, {"id": "L_cantaloupe_013002", "layout": "G", "orientation": "s", "directions": [2], "coords": [13, 2], "color": [1], "components": []}, {"id": "L_cantaloupe_013003", "layout": null, "coords": [13, 3]}, {"id": "L_cantaloupe_013004", "layout": null, "coords": [13, 4]}, {"id": "L_cantaloupe_013005", "layout": null, "coords": [13, 5]}, {"id": "L_cantaloupe_013006", "layout": null, "coords": [13, 6]}, {"id": "L_cantaloupe_013007", "layout": null, "coords": [13, 7]}], [{"id": "L_cantaloupe_014000", "layout": "E", "orientation": "n", "directions": [4], "coords": [14, 0], "color": [1], "components": []}, {"id": "L_cantaloupe_014001", "layout": null, "coords": [14, 1]}, {"id": "L_cantaloupe_014002", "layout": "E", "orientation": "n", "directions": [2], "coords": [14, 2], "color": [1], "components": []}, {"id": "L_cantaloupe_014003", "layout": null, "coords": [14, 3]}, {"id": "L_cantaloupe_014004", "layout": null, "coords": [14, 4]}, {"id": "L_cantaloupe_014005", "layout": null, "coords": [14, 5]}, {"id": "L_cantaloupe_014006", "layout": null, "coords": [14, 6]}, {"id": "L_cantaloupe_014007", "layout": null, "coords": [14, 7]}], [{"id": "L_cantaloupe_015000", "layout": "C", "orientation": "w", "directions": [4], "coords": [15, 0], "color": [1], "components": []}, {"id": "L_cantaloupe_015001", "layout": "E", "orientation": "e", "directions": [3], "coords": [15, 1], "color": [1], "components": []}, {"id": "L_cantaloupe_015002", "layout": "C", "orientation": "s", "directions": [3], "coords": [15, 2], "color": [1], "components": []}, {"id": "L_cantaloupe_015003", "layout": null, "coords": [15, 3]}, {"id": "L_cantaloupe_015004", "layout": null, "coords": [15, 4]}, {"id": "L_cantaloupe_015005", "layout": null, "coords": [15, 5]}, {"id": "L_cantaloupe_015006", "layout": null, "coords": [15, 6]}, {"id": "L_cantaloupe_015007", "layout": null, "coords": [15, 7]}]], "components": {"L_cantaloupe_1001": {"capacity": -1, "cell": [9, 4], "color": 2, "direction": 3, "id": "L_cantaloupe_1001", "locked": true, "passed": 0, "spec": "", "type": "thread", "userPlaced": false}, "L_cantaloupe_1002": {"capacity": -1, "cell": [8, 5], "color": 1, "direction": 4, "id": "L_cantaloupe_1002", "locked": true, "passed": 0, "spec": "", "type": "thread", "userPlaced": false}, "L_cantaloupe_2001": {"cell": [6, 2], "color": 1, "id": "L_cantaloupe_2001", "locked": true, "passed": 0, "picked": 0, "spec": "unlimCondition", "type": "pickup", "userPlaced": false}, "L_cantaloupe_3001": {"cell": [7, 7], "color": 0, "delivered": 0, "id": "L_cantaloupe_3001", "locked": true, "passed": 0, "spec": "unlimCondition", "type": "delivery", "userPlaced": false, "acceptedTypes": ["unlimCondition"], "acceptedColors": []}, "L_cantaloupe_3002": {"cell": [11, 3], "color": 0, "delivered": 0, "id": "L_cantaloupe_3002", "locked": true, "passed": 0, "spec": "unlimCondition", "type": "delivery", "userPlaced": false, "acceptedTypes": ["unlimCondition"], "acceptedColors": []}, "L_cantaloupe_5001": {"cell": [4, 5], "color": 0, "id": "L_cantaloupe_5001", "locked": true, "passed": 0, "spec": "", "type": "conditional", "userPlaced": false, "directionCondition": 3, "directionDefault": 3, "directionsColors": [[], [], [], []], "directionsTypes": [["unlimCondition"], [], [], ["emptyPayload"]]}, "L_cantaloupe_5002": {"cell": [11, 2], "color": 0, "id": "L_cantaloupe_5002", "locked": true, "passed": 0, "spec": "", "type": "conditional", "userPlaced": false, "directionCondition": 3, "directionDefault": 3, "directionsColors": [[], [], [], []], "directionsTypes": [["unlimCondition"], ["emptyPayload"], [], []]}}}, "category": "DEFAULT", "created": 1621511481288, "id": "7a45f559-7f4e-441f-8163-2f344f6c4976"}, {"type": "FINISH_LEVEL_LOAD", "name": "cantaloupe", "order": "7", "category": "SYSTEM", "created": 1621511481290, "id": "5053b23f-79f5-4f39-bb44-03d103f8610c"}, {"type": "ADD_ELEMENT", "element": {"cell": [11, 4], "id": "aaaaaa", "spec": "inactive", "type": "semaphore", "userPlaced": true}, "category": "DEFAULT", "created": 1621511498159, "id": "7fd96040-a386-4769-a5f5-59ac85bcd116"}, {"type": "ADD_ELEMENT", "element": {"cell": [6, 3], "id": "aaaaab", "spec": "inactive", "type": "semaphore", "userPlaced": true}, "category": "DEFAULT", "created": 1621511502685, "id": "3f603dcb-157c-49ba-96c1-2ebc05d19921"}, {"type": "HIGHLIGHT_TRACK", "value": true, "index": 2, "category": "DEFAULT", "created": 1621511504080, "id": "c89b7af8-bf66-4628-9270-551c1dcf2b0f"}, {"type": "MOVE_ELEMENT", "startCell": [11, 4], "element": {"cell": [11, 5], "id": "aaaaaa", "spec": "inactive", "type": "semaphore", "userPlaced": true}, "category": "DEFAULT", "created": 1621511506307, "id": "7b9ddc2f-79c6-414c-bfef-16f96ccf72a4"}, {"type": "HIGHLIGHT_TRACK", "value": false, "index": 2, "category": "DEFAULT", "created": 1621511507410, "id": "d97702f1-fcde-4d28-999f-66974f7a23d0"}, {"type": "ADD_ELEMENT", "element": {"cell": [11, 4], "id": "aaaaac", "spec": "inactive", "type": "signal", "userPlaced": true}, "category": "DEFAULT", "created": 1621511510485, "id": "1d381941-8877-42ac-9f13-e9a64dc09fa6"}, {"type": "HIGHLIGHT_TRACK", "value": true, "index": 2, "category": "DEFAULT", "created": 1621511518272, "id": "61dff223-1bc9-4d92-8caf-d6e94300ad58"}, {"type": "SHOW_MESSAGE", "message": "Cannot move to an occupied cell!", "category": "DEFAULT", "created": 1621511522232, "id": "a6322b7a-e2ae-47eb-93be-ba62b567c082"}, {"type": "MOVE_ELEMENT", "startCell": [11, 4], "element": {"cell": [9, 6], "id": "aaaaac", "spec": "inactive", "type": "signal", "userPlaced": true}, "category": "DEFAULT", "created": 1621511523251, "id": "ffd30e3b-8e1b-4ce9-952e-f2f2a46a902c"}, {"type": "MOVE_ELEMENT", "startCell": [11, 5], "element": {"cell": [11, 4], "id": "aaaaaa", "spec": "inactive", "type": "semaphore", "userPlaced": true}, "category": "DEFAULT", "created": 1621511524020, "id": "2889c4d2-7dae-458d-a0f7-fbb1f2dae7b0"}, {"type": "HIGHLIGHT_TRACK", "value": false, "index": 1, "category": "DEFAULT", "created": 1621511525038, "id": "6291c8c1-c3e0-41ba-96dc-6e62393c81f4"}, {"type": "SHOW_MESSAGE", "message": "Cannot move to an occupied cell!", "category": "DEFAULT", "created": 1621511530604, "id": "f1857898-22d3-4c07-a28e-6d3d5ea64f14"}, {"type": "HIGHLIGHT_TRACK", "value": true, "index": 1, "category": "DEFAULT", "created": 1621511530634, "id": "2753dec1-bf58-4165-8270-7a585661b39e"}, {"type": "HIGHLIGHT_TRACK", "value": false, "index": 1, "category": "DEFAULT", "created": 1621511535701, "id": "059ad2be-a0c5-4e02-b93a-7084fb26f95a"}, {"type": "HIGHLIGHT_TRACK", "value": true, "index": 2, "category": "DEFAULT", "created": 1621511588213, "id": "f35618ca-e663-42c2-adb4-6e6d656dd80b"}, {"type": "HIGHLIGHT_TRACK", "value": false, "index": 2, "category": "DEFAULT", "created": 1621511588350, "id": "48cab2de-76ac-494b-b76f-c714e6dc86cd"}, {"type": "MOVE_ELEMENT", "startCell": [11, 4], "element": {"cell": [11, 5], "id": "aaaaaa", "spec": "inactive", "type": "semaphore", "userPlaced": true}, "category": "DEFAULT", "created": 1621511596891, "id": "a1acaa15-88f4-440d-a9c8-2637f8267af9"}, {"type": "HIGHLIGHT_TRACK", "value": true, "index": 1, "category": "DEFAULT", "created": 1621511601525, "id": "e75730d0-d7ab-42d4-a1ae-ba7e32bc8835"}, {"type": "HIGHLIGHT_TRACK", "value": false, "index": 1, "category": "DEFAULT", "created": 1621511602044, "id": "097f7bc7-4528-48e3-8de2-e13349f24bfa"}, {"type": "HIGHLIGHT_TRACK", "value": true, "index": 1, "category": "DEFAULT", "created": 1621511610506, "id": "d998c657-92e9-4284-9268-85eb876a2b8b"}, {"type": "HIGHLIGHT_TRACK", "value": false, "index": 2, "category": "DEFAULT", "created": 1621511610957, "id": "0436eae7-a21f-41e1-aea6-70d07d2357ac"}, {"type": "HIGHLIGHT_TRACK", "value": true, "index": 2, "category": "DEFAULT", "created": 1621511611305, "id": "88225bc1-cb99-477c-8628-2eedc21a4a6f"}, {"type": "HIGHLIGHT_TRACK", "value": false, "index": 2, "category": "DEFAULT", "created": 1621511611391, "id": "c6068a49-b8af-4bba-a80b-23445fc14d31"}, {"type": "HIGHLIGHT_TRACK", "value": true, "index": 1, "category": "DEFAULT", "created": 1621511611755, "id": "d98a08cb-5604-4633-b872-50a3e04631a5"}, {"type": "HIGHLIGHT_TRACK", "value": false, "index": 1, "category": "DEFAULT", "created": 1621511611807, "id": "22e82716-b137-403c-b0e4-03032750c15f"}, {"type": "HIGHLIGHT_TRACK", "value": true, "index": 2, "category": "DEFAULT", "created": 1621511613221, "id": "1dfcdb88-ef87-4a6b-a247-b3ba131e3b8b"}, {"type": "HIGHLIGHT_TRACK", "value": false, "index": 2, "category": "DEFAULT", "created": 1621511613290, "id": "f530ce39-c3ff-4928-bc15-b0e023ee5a1e"}, {"type": "HIGHLIGHT_TRACK", "value": true, "index": 1, "category": "DEFAULT", "created": 1621511620435, "id": "9eb1a96e-c024-4ce8-9502-d67f7698c54c"}, {"type": "HIGHLIGHT_TRACK", "value": false, "index": 2, "category": "DEFAULT", "created": 1621511620477, "id": "00bc0fb2-aa71-4c01-967a-fb951be446e2"}, {"type": "MOVE_ELEMENT", "startCell": [6, 3], "element": {"cell": [9, 7], "id": "aaaaab", "spec": "inactive", "type": "semaphore", "userPlaced": true}, "category": "DEFAULT", "created": 1621511624084, "id": "ba4bf881-5418-4c45-9194-82780af03c6b"}, {"type": "HIGHLIGHT_TRACK", "value": true, "index": 1, "category": "DEFAULT", "created": 1621511631815, "id": "1ff67cca-30c1-4b92-a8e1-765c3185ec0f"}, {"type": "HIGHLIGHT_TRACK", "value": false, "index": 2, "category": "DEFAULT", "created": 1621511631850, "id": "ec99e7ee-410b-449d-a370-87d1de6b123e"}, {"type": "ADD_ELEMENT", "element": {"cell": [11, 4], "id": "aaaaad", "spec": "inactive", "type": "signal", "userPlaced": true}, "category": "DEFAULT", "created": 1621511635959, "id": "b99c300e-9281-4f1e-b7b0-47d0103f1a3a"}, {"type": "MOVE_ELEMENT", "startCell": [11, 5], "element": {"cell": [6, 3], "id": "aaaaaa", "spec": "inactive", "type": "semaphore", "userPlaced": true}, "category": "DEFAULT", "created": 1621511643897, "id": "6b219ba6-9287-4ab8-bc14-a3385f814d4a"}, {"type": "HIGHLIGHT_TRACK", "value": true, "index": 1, "category": "DEFAULT", "created": 1621511644028, "id": "0a20d6cd-56b6-4839-8b91-63bcab9e219f"}, {"type": "HIGHLIGHT_TRACK", "value": false, "index": 1, "category": "DEFAULT", "created": 1621511644047, "id": "57d21d2c-4aae-43ca-b5cf-9dfe2ef909b6"}, {"type": "HIGHLIGHT_TRACK", "value": true, "index": 2, "category": "DEFAULT", "created": 1621511644644, "id": "7068ba54-263e-42d9-8f7c-6e7268d78221"}, {"type": "MOVE_ELEMENT", "startCell": [9, 7], "element": {"cell": [8, 2], "id": "aaaaab", "spec": "inactive", "type": "semaphore", "userPlaced": true}, "category": "DEFAULT", "created": 1621511645269, "id": "460cffb6-f2d6-48a0-9841-e37ba906a9e8"}, {"type": "MOVE_ELEMENT", "startCell": [9, 6], "element": {"cell": [9, 6], "id": "aaaaac", "spec": "inactive", "type": "signal", "userPlaced": true}, "category": "DEFAULT", "created": 1621511653029, "id": "5cf3daa5-4965-4185-be14-ee7293c58feb"}, {"type": "HIGHLIGHT_TRACK", "value": false, "index": 2, "category": "DEFAULT", "created": 1621511654272, "id": "5b03d5ed-8cde-49de-bc8e-d1d5c6264661"}, {"type": "HIGHLIGHT_TRACK", "value": true, "index": 1, "category": "DEFAULT", "created": 1621511654841, "id": "34751be4-cc88-4667-bac4-988aaf2e299e"}, {"type": "BEGIN_LINK", "element": {"cell": [9, 6], "id": "aaaaac", "spec": "inactive", "type": "signal", "userPlaced": true}, "category": "DEFAULT", "created": 1621511656266, "id": "562042f1-a992-4aee-9a50-ff22528dc04b"}, {"type": "FINISH_LINK", "element": {"cell": [6, 3], "id": "aaaaaa", "spec": "inactive", "type": "semaphore", "userPlaced": true}, "category": "DEFAULT", "created": 1621511657286, "id": "34443e05-b1bc-4062-914a-10489895adb7"}, {"type": "TOGGLE_ELEMENT", "element": {"cell": [6, 3], "id": "aaaaaa", "spec": "active", "type": "semaphore", "userPlaced": true}, "category": "DEFAULT", "created": 1621511657388, "id": "02455324-585d-44b7-826c-f5555b14ab84"}, {"type": "BEGIN_LINK", "element": {"cell": [11, 4], "id": "aaaaad", "spec": "inactive", "type": "signal", "userPlaced": true}, "category": "DEFAULT", "created": 1621511658985, "id": "6343c6db-0e78-4c5f-b38e-a5ad10298d52"}, {"type": "FINISH_LINK", "element": {"cell": [8, 2], "id": "aaaaab", "spec": "inactive", "type": "semaphore", "userPlaced": true}, "category": "DEFAULT", "created": 1621511659749, "id": "e5d79114-53e6-45b5-8414-34393e0db034"}, {"type": "TOGGLE_ELEMENT", "element": {"cell": [8, 2], "id": "aaaaab", "spec": "active", "type": "semaphore", "userPlaced": true}, "category": "DEFAULT", "created": 1621511659836, "id": "e345a06d-caca-43f6-a092-a2b861872f4f"}, {"type": "MOVE_ELEMENT", "startCell": [6, 3], "element": {"cell": [6, 3], "id": "aaaaaa", "spec": "active", "type": "semaphore", "userPlaced": true}, "category": "DEFAULT", "created": 1621511661004, "id": "24b53d1f-ef84-45f6-86a6-e032dc2fea0b"}, {"type": "TOGGLE_ELEMENT", "element": {"cell": [6, 3], "id": "aaaaaa", "spec": "inactive", "type": "semaphore", "userPlaced": true}, "category": "DEFAULT", "created": 1621511661010, "id": "f977c7c2-ed0e-4ef4-82de-bd00b6abd4d3"}, {"type": "HIGHLIGHT_TRACK", "value": false, "index": 1, "category": "DEFAULT", "created": 1621511661341, "id": "f27219ec-a6e3-48b8-9ca3-77e34d98e80f"}, {"type": "BEGIN_SIMULATION", "current": -1, "total": null, "category": "DEFAULT", "created": 1621511665823, "id": "f2ec669d-8b81-4b50-be7c-197e6971090c"}, {"type": "SET_REFLECTION_CONTENT", "content": {"status": "success", "title": "Successful Solution", "titleIcon": "success.png", "subtitle": "Good job!", "description": "You met the level goal!", "simType": "TEST", "numUserPlacedComponents": 4, "header": "Knowledge Unlocked:", "goals": [{"title": "The thread delivered at least enough packages.", "icon": "thread.png", "status": "success", "actual": 2, "target": 1, "comparison": "gt", "component": {"id": "L_cantaloupe_1001", "type": "thread", "spec": "", "color": 2}, "triggeredFailure": false}, {"title": "The thread delivered at least enough packages.", "icon": "thread.png", "status": "success", "actual": 2, "target": 1, "comparison": "gt", "component": {"id": "L_cantaloupe_1002", "type": "thread", "spec": "", "color": 1}, "triggeredFailure": false}, {"title": "The delivery point received at least enough packages.", "icon": "delivery.png", "status": "success", "actual": 2, "target": 1, "comparison": "gt", "component": {"id": "L_cantaloupe_3001", "type": "delivery", "spec": "unlimCondition", "color": 0}, "triggeredFailure": false}, {"title": "The delivery point received at least enough packages.", "icon": "delivery.png", "status": "success", "actual": 2, "target": 1, "comparison": "gt", "component": {"id": "L_cantaloupe_3002", "type": "delivery", "spec": "unlimCondition", "color": 0}, "triggeredFailure": false}], "reflections": []}, "category": "SYSTEM", "created": 1621511665836, "id": "cbd9cff3-2147-4551-862e-9d796db494c7"}, {"type": "SKIP_SIMULATION", "current": 60, "total": 160, "category": "DEFAULT", "created": 1621511672734, "id": "2cc2584e-2a69-4f74-9594-5bd957355d8c"}, {"type": "FINISH_SIMULATION", "current": 159, "total": 160, "category": "DEFAULT", "created": 1621511672887, "id": "fa31a5db-08e2-474c-9a5a-5b612ec923dd"}, {"type": "BOARD_SNAPSHOT", "board": {"map": [[{"id": "L_cantaloupe_000000", "layout": null, "coords": [0, 0]}, {"id": "L_cantaloupe_000001", "layout": null, "coords": [0, 1]}, {"id": "L_cantaloupe_000002", "layout": null, "coords": [0, 2]}, {"id": "L_cantaloupe_000003", "layout": null, "coords": [0, 3]}, {"id": "L_cantaloupe_000004", "layout": null, "coords": [0, 4]}, {"id": "L_cantaloupe_000005", "layout": "C", "orientation": "n", "directions": [1], "coords": [0, 5], "color": [2], "components": []}, {"id": "L_cantaloupe_000006", "layout": "E", "orientation": "e", "directions": [1], "coords": [0, 6], "color": [2], "components": []}, {"id": "L_cantaloupe_000007", "layout": "C", "orientation": "e", "directions": [2], "coords": [0, 7], "color": [2], "components": []}], [{"id": "L_cantaloupe_001000", "layout": null, "coords": [1, 0]}, {"id": "L_cantaloupe_001001", "layout": null, "coords": [1, 1]}, {"id": "L_cantaloupe_001002", "layout": null, "coords": [1, 2]}, {"id": "L_cantaloupe_001003", "layout": null, "coords": [1, 3]}, {"id": "L_cantaloupe_001004", "layout": null, "coords": [1, 4]}, {"id": "L_cantaloupe_001005", "layout": "E", "orientation": "n", "directions": [4], "coords": [1, 5], "color": [2], "components": []}, {"id": "L_cantaloupe_001006", "layout": null, "coords": [1, 6]}, {"id": "L_cantaloupe_001007", "layout": "E", "orientation": "n", "directions": [2], "coords": [1, 7], "color": [2], "components": []}], [{"id": "L_cantaloupe_002000", "layout": null, "coords": [2, 0]}, {"id": "L_cantaloupe_002001", "layout": null, "coords": [2, 1]}, {"id": "L_cantaloupe_002002", "layout": null, "coords": [2, 2]}, {"id": "L_cantaloupe_002003", "layout": null, "coords": [2, 3]}, {"id": "L_cantaloupe_002004", "layout": null, "coords": [2, 4]}, {"id": "L_cantaloupe_002005", "layout": "G", "orientation": "n", "directions": [4], "coords": [2, 5], "color": [2], "components": []}, {"id": "L_cantaloupe_002006", "layout": "E", "orientation": "e", "directions": [3], "coords": [2, 6], "color": [2], "components": []}, {"id": "L_cantaloupe_002007", "layout": "C", "orientation": "s", "directions": [3], "coords": [2, 7], "color": [2], "components": []}], [{"id": "L_cantaloupe_003000", "layout": null, "coords": [3, 0]}, {"id": "L_cantaloupe_003001", "layout": null, "coords": [3, 1]}, {"id": "L_cantaloupe_003002", "layout": null, "coords": [3, 2]}, {"id": "L_cantaloupe_003003", "layout": null, "coords": [3, 3]}, {"id": "L_cantaloupe_003004", "layout": null, "coords": [3, 4]}, {"id": "L_cantaloupe_003005", "layout": "E", "orientation": "n", "directions": [4], "coords": [3, 5], "color": [2], "components": []}, {"id": "L_cantaloupe_003006", "layout": null, "coords": [3, 6]}, {"id": "L_cantaloupe_003007", "layout": null, "coords": [3, 7]}], [{"id": "L_cantaloupe_004000", "layout": null, "coords": [4, 0]}, {"id": "L_cantaloupe_004001", "layout": null, "coords": [4, 1]}, {"id": "L_cantaloupe_004002", "layout": "C", "orientation": "n", "directions": [1], "coords": [4, 2], "color": [2], "components": []}, {"id": "L_cantaloupe_004003", "layout": "E", "orientation": "e", "directions": [1], "coords": [4, 3], "color": [2], "components": []}, {"id": "L_cantaloupe_004004", "layout": "E", "orientation": "e", "directions": [1], "coords": [4, 4], "color": [2], "components": []}, {"id": "L_cantaloupe_004005", "layout": "G", "orientation": "w", "directions": [1, 4], "coords": [4, 5], "color": [2], "components": ["L_cantaloupe_5001"]}, {"id": "L_cantaloupe_004006", "layout": "E", "orientation": "e", "directions": [1], "coords": [4, 6], "color": [2], "components": []}, {"id": "L_cantaloupe_004007", "layout": "C", "orientation": "e", "directions": [2], "coords": [4, 7], "color": [2], "components": []}], [{"id": "L_cantaloupe_005000", "layout": null, "coords": [5, 0]}, {"id": "L_cantaloupe_005001", "layout": null, "coords": [5, 1]}, {"id": "L_cantaloupe_005002", "layout": "E", "orientation": "n", "directions": [4], "coords": [5, 2], "color": [2], "components": []}, {"id": "L_cantaloupe_005003", "layout": null, "coords": [5, 3]}, {"id": "L_cantaloupe_005004", "layout": null, "coords": [5, 4]}, {"id": "L_cantaloupe_005005", "layout": null, "coords": [5, 5]}, {"id": "L_cantaloupe_005006", "layout": null, "coords": [5, 6]}, {"id": "L_cantaloupe_005007", "layout": "E", "orientation": "n", "directions": [2], "coords": [5, 7], "color": [2], "components": []}], [{"id": "L_cantaloupe_006000", "layout": "C", "orientation": "n", "directions": [2], "coords": [6, 0], "color": [1], "components": []}, {"id": "L_cantaloupe_006001", "layout": "E", "orientation": "e", "directions": [3], "coords": [6, 1], "color": [1], "components": []}, {"id": "L_cantaloupe_006002", "layout": "O", "orientation": "e", "directions": [3, 4], "coords": [6, 2], "color": [1, 2], "components": ["L_cantaloupe_2001"]}, {"id": "L_cantaloupe_006003", "layout": "E", "orientation": "e", "directions": [3], "coords": [6, 3], "color": [1], "components": ["aaaaaa"]}, {"id": "L_cantaloupe_006004", "layout": "E", "orientation": "e", "directions": [3], "coords": [6, 4], "color": [1], "components": []}, {"id": "L_cantaloupe_006005", "layout": "C", "orientation": "e", "directions": [3], "coords": [6, 5], "color": [1], "components": []}, {"id": "L_cantaloupe_006006", "layout": null, "coords": [6, 6]}, {"id": "L_cantaloupe_006007", "layout": "E", "orientation": "n", "directions": [2], "coords": [6, 7], "color": [2], "components": []}], [{"id": "L_cantaloupe_007000", "layout": "E", "orientation": "n", "directions": [2], "coords": [7, 0], "color": [1], "components": ["L_cantaloupe_20011"]}, {"id": "L_cantaloupe_007001", "layout": null, "coords": [7, 1]}, {"id": "L_cantaloupe_007002", "layout": "E", "orientation": "n", "directions": [4], "coords": [7, 2], "color": [2], "components": []}, {"id": "L_cantaloupe_007003", "layout": null, "coords": [7, 3]}, {"id": "L_cantaloupe_007004", "layout": null, "coords": [7, 4]}, {"id": "L_cantaloupe_007005", "layout": "E", "orientation": "n", "directions": [4], "coords": [7, 5], "color": [1], "components": []}, {"id": "L_cantaloupe_007006", "layout": null, "coords": [7, 6]}, {"id": "L_cantaloupe_007007", "layout": "E", "orientation": "n", "directions": [2], "coords": [7, 7], "color": [2], "components": ["L_cantaloupe_3001"]}], [{"id": "L_cantaloupe_008000", "layout": "E", "orientation": "n", "directions": [2], "coords": [8, 0], "color": [1], "components": []}, {"id": "L_cantaloupe_008001", "layout": null, "coords": [8, 1]}, {"id": "L_cantaloupe_008002", "layout": "E", "orientation": "n", "directions": [4], "coords": [8, 2], "color": [2], "components": ["aaaaab"]}, {"id": "L_cantaloupe_008003", "layout": null, "coords": [8, 3]}, {"id": "L_cantaloupe_008004", "layout": null, "coords": [8, 4]}, {"id": "L_cantaloupe_008005", "layout": "E", "orientation": "n", "directions": [4], "coords": [8, 5], "color": [1], "components": ["L_cantaloupe_1002"]}, {"id": "L_cantaloupe_008006", "layout": null, "coords": [8, 6]}, {"id": "L_cantaloupe_008007", "layout": "E", "orientation": "n", "directions": [2], "coords": [8, 7], "color": [2], "components": []}], [{"id": "L_cantaloupe_009000", "layout": "E", "orientation": "n", "directions": [2], "coords": [9, 0], "color": [1], "components": ["L_cantaloupe_1002"]}, {"id": "L_cantaloupe_009001", "layout": null, "coords": [9, 1]}, {"id": "L_cantaloupe_009002", "layout": "C", "orientation": "w", "directions": [4], "coords": [9, 2], "color": [2], "components": ["L_cantaloupe_1001"]}, {"id": "L_cantaloupe_009003", "layout": "E", "orientation": "e", "directions": [3], "coords": [9, 3], "color": [2], "components": []}, {"id": "L_cantaloupe_009004", "layout": "E", "orientation": "e", "directions": [3], "coords": [9, 4], "color": [2], "components": ["L_cantaloupe_1001"]}, {"id": "L_cantaloupe_009005", "layout": "O", "orientation": "e", "directions": [3, 4], "coords": [9, 5], "color": [1, 2], "components": []}, {"id": "L_cantaloupe_009006", "layout": "E", "orientation": "e", "directions": [3], "coords": [9, 6], "color": [2], "components": ["aaaaac"]}, {"id": "L_cantaloupe_009007", "layout": "C", "orientation": "s", "directions": [3], "coords": [9, 7], "color": [2], "components": []}], [{"id": "L_cantaloupe_010000", "layout": "E", "orientation": "n", "directions": [2], "coords": [10, 0], "color": [1], "components": []}, {"id": "L_cantaloupe_010001", "layout": null, "coords": [10, 1]}, {"id": "L_cantaloupe_010002", "layout": null, "coords": [10, 2]}, {"id": "L_cantaloupe_010003", "layout": null, "coords": [10, 3]}, {"id": "L_cantaloupe_010004", "layout": null, "coords": [10, 4]}, {"id": "L_cantaloupe_010005", "layout": "E", "orientation": "n", "directions": [4], "coords": [10, 5], "color": [1], "components": []}, {"id": "L_cantaloupe_010006", "layout": null, "coords": [10, 6]}, {"id": "L_cantaloupe_010007", "layout": null, "coords": [10, 7]}], [{"id": "L_cantaloupe_011000", "layout": "C", "orientation": "w", "directions": [1], "coords": [11, 0], "color": [1], "components": []}, {"id": "L_cantaloupe_011001", "layout": "E", "orientation": "e", "directions": [1], "coords": [11, 1], "color": [1], "components": []}, {"id": "L_cantaloupe_011002", "layout": "G", "orientation": "e", "directions": [1, 2], "coords": [11, 2], "color": [1], "components": ["L_cantaloupe_5002"]}, {"id": "L_cantaloupe_011003", "layout": "E", "orientation": "e", "directions": [1], "coords": [11, 3], "color": [1], "components": ["L_cantaloupe_3002"]}, {"id": "L_cantaloupe_011004", "layout": "E", "orientation": "e", "directions": [1], "coords": [11, 4], "color": [1], "components": ["aaaaad"]}, {"id": "L_cantaloupe_011005", "layout": "C", "orientation": "s", "directions": [4], "coords": [11, 5], "color": [1], "components": []}, {"id": "L_cantaloupe_011006", "layout": null, "coords": [11, 6]}, {"id": "L_cantaloupe_011007", "layout": null, "coords": [11, 7]}], [{"id": "L_cantaloupe_012000", "layout": null, "coords": [12, 0]}, {"id": "L_cantaloupe_012001", "layout": null, "coords": [12, 1]}, {"id": "L_cantaloupe_012002", "layout": "E", "orientation": "n", "directions": [2], "coords": [12, 2], "color": [1], "components": []}, {"id": "L_cantaloupe_012003", "layout": null, "coords": [12, 3]}, {"id": "L_cantaloupe_012004", "layout": null, "coords": [12, 4]}, {"id": "L_cantaloupe_012005", "layout": null, "coords": [12, 5]}, {"id": "L_cantaloupe_012006", "layout": null, "coords": [12, 6]}, {"id": "L_cantaloupe_012007", "layout": null, "coords": [12, 7]}], [{"id": "L_cantaloupe_013000", "layout": "C", "orientation": "n", "directions": [1], "coords": [13, 0], "color": [1], "components": []}, {"id": "L_cantaloupe_013001", "layout": "E", "orientation": "e", "directions": [1], "coords": [13, 1], "color": [1], "components": []}, {"id": "L_cantaloupe_013002", "layout": "G", "orientation": "s", "directions": [2], "coords": [13, 2], "color": [1], "components": []}, {"id": "L_cantaloupe_013003", "layout": null, "coords": [13, 3]}, {"id": "L_cantaloupe_013004", "layout": null, "coords": [13, 4]}, {"id": "L_cantaloupe_013005", "layout": null, "coords": [13, 5]}, {"id": "L_cantaloupe_013006", "layout": null, "coords": [13, 6]}, {"id": "L_cantaloupe_013007", "layout": null, "coords": [13, 7]}], [{"id": "L_cantaloupe_014000", "layout": "E", "orientation": "n", "directions": [4], "coords": [14, 0], "color": [1], "components": []}, {"id": "L_cantaloupe_014001", "layout": null, "coords": [14, 1]}, {"id": "L_cantaloupe_014002", "layout": "E", "orientation": "n", "directions": [2], "coords": [14, 2], "color": [1], "components": []}, {"id": "L_cantaloupe_014003", "layout": null, "coords": [14, 3]}, {"id": "L_cantaloupe_014004", "layout": null, "coords": [14, 4]}, {"id": "L_cantaloupe_014005", "layout": null, "coords": [14, 5]}, {"id": "L_cantaloupe_014006", "layout": null, "coords": [14, 6]}, {"id": "L_cantaloupe_014007", "layout": null, "coords": [14, 7]}], [{"id": "L_cantaloupe_015000", "layout": "C", "orientation": "w", "directions": [4], "coords": [15, 0], "color": [1], "components": []}, {"id": "L_cantaloupe_015001", "layout": "E", "orientation": "e", "directions": [3], "coords": [15, 1], "color": [1], "components": []}, {"id": "L_cantaloupe_015002", "layout": "C", "orientation": "s", "directions": [3], "coords": [15, 2], "color": [1], "components": []}, {"id": "L_cantaloupe_015003", "layout": null, "coords": [15, 3]}, {"id": "L_cantaloupe_015004", "layout": null, "coords": [15, 4]}, {"id": "L_cantaloupe_015005", "layout": null, "coords": [15, 5]}, {"id": "L_cantaloupe_015006", "layout": null, "coords": [15, 6]}, {"id": "L_cantaloupe_015007", "layout": null, "coords": [15, 7]}]], "components": {"L_cantaloupe_5001": {"cell": [4, 5], "color": 0, "id": "L_cantaloupe_5001", "locked": true, "passed": 1, "spec": "", "type": "conditional", "userPlaced": false, "directionCondition": 3, "directionDefault": 3, "directionsColors": [[], [], [], []], "directionsTypes": [["unlimCondition"], [], [], ["emptyPayload"]]}, "L_cantaloupe_5002": {"cell": [11, 2], "color": 0, "id": "L_cantaloupe_5002", "locked": true, "passed": 0, "spec": "", "type": "conditional", "userPlaced": false, "directionCondition": 3, "directionDefault": 3, "directionsColors": [[], [], [], []], "directionsTypes": [["unlimCondition"], ["emptyPayload"], [], []]}, "L_cantaloupe_3001": {"cell": [7, 7], "color": 0, "delivered": 1, "id": "L_cantaloupe_3001", "locked": true, "passed": 1, "spec": "unlimCondition", "type": "delivery", "userPlaced": false, "acceptedTypes": ["unlimCondition"], "acceptedColors": []}, "L_cantaloupe_3002": {"cell": [11, 3], "color": 0, "delivered": 0, "id": "L_cantaloupe_3002", "locked": true, "passed": 0, "spec": "unlimCondition", "type": "delivery", "userPlaced": false, "acceptedTypes": ["unlimCondition"], "acceptedColors": []}, "L_cantaloupe_2001": {"cell": [6, 2], "color": 1, "id": "L_cantaloupe_2001", "locked": true, "passed": 2, "picked": 2, "spec": "unlimCondition", "type": "pickup", "userPlaced": false}, "aaaaaa": {"cell": [6, 3], "id": "aaaaaa", "passed": 1, "spec": "inactive", "type": "semaphore", "userPlaced": true}, "aaaaab": {"cell": [8, 2], "id": "aaaaab", "passed": 1, "spec": "inactive", "type": "semaphore", "userPlaced": true}, "aaaaac": {"cell": [9, 6], "id": "aaaaac", "spec": "inactive", "type": "signal", "userPlaced": true, "link": "aaaaaa"}, "aaaaad": {"cell": [11, 4], "id": "aaaaad", "spec": "inactive", "type": "signal", "userPlaced": true, "link": "aaaaab"}, "L_cantaloupe_1002": {"capacity": -1, "cell": [9, 0], "color": 1, "direction": 2, "id": "L_cantaloupe_1002", "locked": true, "passed": 0, "spec": "", "type": "thread", "userPlaced": false}, "L_cantaloupe_1001": {"capacity": -1, "cell": [9, 2], "color": 2, "delivered": 1, "direction": 3, "id": "L_cantaloupe_1001", "locked": true, "passed": 0, "spec": "", "type": "thread", "userPlaced": false}, "L_cantaloupe_20011": {"cell": [7, 0], "delivered": false, "id": "L_cantaloupe_20011", "spec": "unlimCondition", "type": "package"}}}, "category": "DEFAULT", "created": 1621511672927, "id": "994a8434-9b8a-4a1d-9794-23c6205dc93c"}, {"type": "BEGIN_SIMULATION", "current": -1, "total": 160, "category": "DEFAULT", "created": 1621511675021, "id": "847b47a2-d3c2-4bb8-89b3-c7f4b7a5dc6d"}, {"type": "SET_REFLECTION_CONTENT", "content": {"status": "success", "title": "Successful Solution", "titleIcon": "success.png", "subtitle": "Good job!", "description": "You met the level goal!", "simType": "SUBMIT", "numUserPlacedComponents": 4, "header": "Knowledge Unlocked:", "goals": [{"title": "The thread delivered at least enough packages.", "icon": "thread.png", "status": "success", "actual": 2, "target": 1, "comparison": "gt", "component": {"id": "L_cantaloupe_1001", "type": "thread", "spec": "", "color": 2}, "triggeredFailure": false}, {"title": "The thread delivered at least enough packages.", "icon": "thread.png", "status": "success", "actual": 2, "target": 1, "comparison": "gt", "component": {"id": "L_cantaloupe_1002", "type": "thread", "spec": "", "color": 1}, "triggeredFailure": false}, {"title": "The delivery point received at least enough packages.", "icon": "delivery.png", "status": "success", "actual": 2, "target": 1, "comparison": "gt", "component": {"id": "L_cantaloupe_3001", "type": "delivery", "spec": "unlimCondition", "color": 0}, "triggeredFailure": false}, {"title": "The delivery point received at least enough packages.", "icon": "delivery.png", "status": "success", "actual": 2, "target": 1, "comparison": "gt", "component": {"id": "L_cantaloupe_3002", "type": "delivery", "spec": "unlimCondition", "color": 0}, "triggeredFailure": false}], "reflections": []}, "category": "SYSTEM", "created": 1621511683573, "id": "bdc9f5bb-d1bc-4bca-9a6e-c9e1ca307d0d"}, {"type": "FINISH_SIMULATION", "current": 159, "total": 160, "category": "DEFAULT", "created": 1621511701692, "id": "6604ea1b-79b5-420f-a5ea-0a1640caa7ca"}, {"type": "BOARD_SNAPSHOT", "board": {"map": [[{"id": "L_cantaloupe_000000", "layout": null, "coords": [0, 0]}, {"id": "L_cantaloupe_000001", "layout": null, "coords": [0, 1]}, {"id": "L_cantaloupe_000002", "layout": null, "coords": [0, 2]}, {"id": "L_cantaloupe_000003", "layout": null, "coords": [0, 3]}, {"id": "L_cantaloupe_000004", "layout": null, "coords": [0, 4]}, {"id": "L_cantaloupe_000005", "layout": "C", "orientation": "n", "directions": [1], "coords": [0, 5], "color": [2], "components": []}, {"id": "L_cantaloupe_000006", "layout": "E", "orientation": "e", "directions": [1], "coords": [0, 6], "color": [2], "components": []}, {"id": "L_cantaloupe_000007", "layout": "C", "orientation": "e", "directions": [2], "coords": [0, 7], "color": [2], "components": []}], [{"id": "L_cantaloupe_001000", "layout": null, "coords": [1, 0]}, {"id": "L_cantaloupe_001001", "layout": null, "coords": [1, 1]}, {"id": "L_cantaloupe_001002", "layout": null, "coords": [1, 2]}, {"id": "L_cantaloupe_001003", "layout": null, "coords": [1, 3]}, {"id": "L_cantaloupe_001004", "layout": null, "coords": [1, 4]}, {"id": "L_cantaloupe_001005", "layout": "E", "orientation": "n", "directions": [4], "coords": [1, 5], "color": [2], "components": []}, {"id": "L_cantaloupe_001006", "layout": null, "coords": [1, 6]}, {"id": "L_cantaloupe_001007", "layout": "E", "orientation": "n", "directions": [2], "coords": [1, 7], "color": [2], "components": []}], [{"id": "L_cantaloupe_002000", "layout": null, "coords": [2, 0]}, {"id": "L_cantaloupe_002001", "layout": null, "coords": [2, 1]}, {"id": "L_cantaloupe_002002", "layout": null, "coords": [2, 2]}, {"id": "L_cantaloupe_002003", "layout": null, "coords": [2, 3]}, {"id": "L_cantaloupe_002004", "layout": null, "coords": [2, 4]}, {"id": "L_cantaloupe_002005", "layout": "G", "orientation": "n", "directions": [4], "coords": [2, 5], "color": [2], "components": []}, {"id": "L_cantaloupe_002006", "layout": "E", "orientation": "e", "directions": [3], "coords": [2, 6], "color": [2], "components": []}, {"id": "L_cantaloupe_002007", "layout": "C", "orientation": "s", "directions": [3], "coords": [2, 7], "color": [2], "components": []}], [{"id": "L_cantaloupe_003000", "layout": null, "coords": [3, 0]}, {"id": "L_cantaloupe_003001", "layout": null, "coords": [3, 1]}, {"id": "L_cantaloupe_003002", "layout": null, "coords": [3, 2]}, {"id": "L_cantaloupe_003003", "layout": null, "coords": [3, 3]}, {"id": "L_cantaloupe_003004", "layout": null, "coords": [3, 4]}, {"id": "L_cantaloupe_003005", "layout": "E", "orientation": "n", "directions": [4], "coords": [3, 5], "color": [2], "components": []}, {"id": "L_cantaloupe_003006", "layout": null, "coords": [3, 6]}, {"id": "L_cantaloupe_003007", "layout": null, "coords": [3, 7]}], [{"id": "L_cantaloupe_004000", "layout": null, "coords": [4, 0]}, {"id": "L_cantaloupe_004001", "layout": null, "coords": [4, 1]}, {"id": "L_cantaloupe_004002", "layout": "C", "orientation": "n", "directions": [1], "coords": [4, 2], "color": [2], "components": []}, {"id": "L_cantaloupe_004003", "layout": "E", "orientation": "e", "directions": [1], "coords": [4, 3], "color": [2], "components": []}, {"id": "L_cantaloupe_004004", "layout": "E", "orientation": "e", "directions": [1], "coords": [4, 4], "color": [2], "components": []}, {"id": "L_cantaloupe_004005", "layout": "G", "orientation": "w", "directions": [1, 4], "coords": [4, 5], "color": [2], "components": ["L_cantaloupe_5001"]}, {"id": "L_cantaloupe_004006", "layout": "E", "orientation": "e", "directions": [1], "coords": [4, 6], "color": [2], "components": []}, {"id": "L_cantaloupe_004007", "layout": "C", "orientation": "e", "directions": [2], "coords": [4, 7], "color": [2], "components": []}], [{"id": "L_cantaloupe_005000", "layout": null, "coords": [5, 0]}, {"id": "L_cantaloupe_005001", "layout": null, "coords": [5, 1]}, {"id": "L_cantaloupe_005002", "layout": "E", "orientation": "n", "directions": [4], "coords": [5, 2], "color": [2], "components": []}, {"id": "L_cantaloupe_005003", "layout": null, "coords": [5, 3]}, {"id": "L_cantaloupe_005004", "layout": null, "coords": [5, 4]}, {"id": "L_cantaloupe_005005", "layout": null, "coords": [5, 5]}, {"id": "L_cantaloupe_005006", "layout": null, "coords": [5, 6]}, {"id": "L_cantaloupe_005007", "layout": "E", "orientation": "n", "directions": [2], "coords": [5, 7], "color": [2], "components": []}], [{"id": "L_cantaloupe_006000", "layout": "C", "orientation": "n", "directions": [2], "coords": [6, 0], "color": [1], "components": []}, {"id": "L_cantaloupe_006001", "layout": "E", "orientation": "e", "directions": [3], "coords": [6, 1], "color": [1], "components": []}, {"id": "L_cantaloupe_006002", "layout": "O", "orientation": "e", "directions": [3, 4], "coords": [6, 2], "color": [1, 2], "components": ["L_cantaloupe_2001"]}, {"id": "L_cantaloupe_006003", "layout": "E", "orientation": "e", "directions": [3], "coords": [6, 3], "color": [1], "components": ["aaaaaa"]}, {"id": "L_cantaloupe_006004", "layout": "E", "orientation": "e", "directions": [3], "coords": [6, 4], "color": [1], "components": []}, {"id": "L_cantaloupe_006005", "layout": "C", "orientation": "e", "directions": [3], "coords": [6, 5], "color": [1], "components": []}, {"id": "L_cantaloupe_006006", "layout": null, "coords": [6, 6]}, {"id": "L_cantaloupe_006007", "layout": "E", "orientation": "n", "directions": [2], "coords": [6, 7], "color": [2], "components": []}], [{"id": "L_cantaloupe_007000", "layout": "E", "orientation": "n", "directions": [2], "coords": [7, 0], "color": [1], "components": []}, {"id": "L_cantaloupe_007001", "layout": null, "coords": [7, 1]}, {"id": "L_cantaloupe_007002", "layout": "E", "orientation": "n", "directions": [4], "coords": [7, 2], "color": [2], "components": []}, {"id": "L_cantaloupe_007003", "layout": null, "coords": [7, 3]}, {"id": "L_cantaloupe_007004", "layout": null, "coords": [7, 4]}, {"id": "L_cantaloupe_007005", "layout": "E", "orientation": "n", "directions": [4], "coords": [7, 5], "color": [1], "components": []}, {"id": "L_cantaloupe_007006", "layout": null, "coords": [7, 6]}, {"id": "L_cantaloupe_007007", "layout": "E", "orientation": "n", "directions": [2], "coords": [7, 7], "color": [2], "components": ["L_cantaloupe_3001"]}], [{"id": "L_cantaloupe_008000", "layout": "E", "orientation": "n", "directions": [2], "coords": [8, 0], "color": [1], "components": []}, {"id": "L_cantaloupe_008001", "layout": null, "coords": [8, 1]}, {"id": "L_cantaloupe_008002", "layout": "E", "orientation": "n", "directions": [4], "coords": [8, 2], "color": [2], "components": ["aaaaab"]}, {"id": "L_cantaloupe_008003", "layout": null, "coords": [8, 3]}, {"id": "L_cantaloupe_008004", "layout": null, "coords": [8, 4]}, {"id": "L_cantaloupe_008005", "layout": "E", "orientation": "n", "directions": [4], "coords": [8, 5], "color": [1], "components": ["L_cantaloupe_1002"]}, {"id": "L_cantaloupe_008006", "layout": null, "coords": [8, 6]}, {"id": "L_cantaloupe_008007", "layout": "E", "orientation": "n", "directions": [2], "coords": [8, 7], "color": [2], "components": []}], [{"id": "L_cantaloupe_009000", "layout": "E", "orientation": "n", "directions": [2], "coords": [9, 0], "color": [1], "components": []}, {"id": "L_cantaloupe_009001", "layout": null, "coords": [9, 1]}, {"id": "L_cantaloupe_009002", "layout": "C", "orientation": "w", "directions": [4], "coords": [9, 2], "color": [2], "components": ["L_cantaloupe_1001"]}, {"id": "L_cantaloupe_009003", "layout": "E", "orientation": "e", "directions": [3], "coords": [9, 3], "color": [2], "components": []}, {"id": "L_cantaloupe_009004", "layout": "E", "orientation": "e", "directions": [3], "coords": [9, 4], "color": [2], "components": ["L_cantaloupe_1001"]}, {"id": "L_cantaloupe_009005", "layout": "O", "orientation": "e", "directions": [3, 4], "coords": [9, 5], "color": [1, 2], "components": []}, {"id": "L_cantaloupe_009006", "layout": "E", "orientation": "e", "directions": [3], "coords": [9, 6], "color": [2], "components": ["aaaaac"]}, {"id": "L_cantaloupe_009007", "layout": "C", "orientation": "s", "directions": [3], "coords": [9, 7], "color": [2], "components": []}], [{"id": "L_cantaloupe_010000", "layout": "E", "orientation": "n", "directions": [2], "coords": [10, 0], "color": [1], "components": []}, {"id": "L_cantaloupe_010001", "layout": null, "coords": [10, 1]}, {"id": "L_cantaloupe_010002", "layout": null, "coords": [10, 2]}, {"id": "L_cantaloupe_010003", "layout": null, "coords": [10, 3]}, {"id": "L_cantaloupe_010004", "layout": null, "coords": [10, 4]}, {"id": "L_cantaloupe_010005", "layout": "E", "orientation": "n", "directions": [4], "coords": [10, 5], "color": [1], "components": []}, {"id": "L_cantaloupe_010006", "layout": null, "coords": [10, 6]}, {"id": "L_cantaloupe_010007", "layout": null, "coords": [10, 7]}], [{"id": "L_cantaloupe_011000", "layout": "C", "orientation": "w", "directions": [1], "coords": [11, 0], "color": [1], "components": []}, {"id": "L_cantaloupe_011001", "layout": "E", "orientation": "e", "directions": [1], "coords": [11, 1], "color": [1], "components": []}, {"id": "L_cantaloupe_011002", "layout": "G", "orientation": "e", "directions": [1, 2], "coords": [11, 2], "color": [1], "components": ["L_cantaloupe_5002"]}, {"id": "L_cantaloupe_011003", "layout": "E", "orientation": "e", "directions": [1], "coords": [11, 3], "color": [1], "components": ["L_cantaloupe_3002", "L_cantaloupe_1002"]}, {"id": "L_cantaloupe_011004", "layout": "E", "orientation": "e", "directions": [1], "coords": [11, 4], "color": [1], "components": ["aaaaad"]}, {"id": "L_cantaloupe_011005", "layout": "C", "orientation": "s", "directions": [4], "coords": [11, 5], "color": [1], "components": []}, {"id": "L_cantaloupe_011006", "layout": null, "coords": [11, 6]}, {"id": "L_cantaloupe_011007", "layout": null, "coords": [11, 7]}], [{"id": "L_cantaloupe_012000", "layout": null, "coords": [12, 0]}, {"id": "L_cantaloupe_012001", "layout": null, "coords": [12, 1]}, {"id": "L_cantaloupe_012002", "layout": "E", "orientation": "n", "directions": [2], "coords": [12, 2], "color": [1], "components": []}, {"id": "L_cantaloupe_012003", "layout": null, "coords": [12, 3]}, {"id": "L_cantaloupe_012004", "layout": null, "coords": [12, 4]}, {"id": "L_cantaloupe_012005", "layout": null, "coords": [12, 5]}, {"id": "L_cantaloupe_012006", "layout": null, "coords": [12, 6]}, {"id": "L_cantaloupe_012007", "layout": null, "coords": [12, 7]}], [{"id": "L_cantaloupe_013000", "layout": "C", "orientation": "n", "directions": [1], "coords": [13, 0], "color": [1], "components": []}, {"id": "L_cantaloupe_013001", "layout": "E", "orientation": "e", "directions": [1], "coords": [13, 1], "color": [1], "components": []}, {"id": "L_cantaloupe_013002", "layout": "G", "orientation": "s", "directions": [2], "coords": [13, 2], "color": [1], "components": []}, {"id": "L_cantaloupe_013003", "layout": null, "coords": [13, 3]}, {"id": "L_cantaloupe_013004", "layout": null, "coords": [13, 4]}, {"id": "L_cantaloupe_013005", "layout": null, "coords": [13, 5]}, {"id": "L_cantaloupe_013006", "layout": null, "coords": [13, 6]}, {"id": "L_cantaloupe_013007", "layout": null, "coords": [13, 7]}], [{"id": "L_cantaloupe_014000", "layout": "E", "orientation": "n", "directions": [4], "coords": [14, 0], "color": [1], "components": []}, {"id": "L_cantaloupe_014001", "layout": null, "coords": [14, 1]}, {"id": "L_cantaloupe_014002", "layout": "E", "orientation": "n", "directions": [2], "coords": [14, 2], "color": [1], "components": []}, {"id": "L_cantaloupe_014003", "layout": null, "coords": [14, 3]}, {"id": "L_cantaloupe_014004", "layout": null, "coords": [14, 4]}, {"id": "L_cantaloupe_014005", "layout": null, "coords": [14, 5]}, {"id": "L_cantaloupe_014006", "layout": null, "coords": [14, 6]}, {"id": "L_cantaloupe_014007", "layout": null, "coords": [14, 7]}], [{"id": "L_cantaloupe_015000", "layout": "C", "orientation": "w", "directions": [4], "coords": [15, 0], "color": [1], "components": []}, {"id": "L_cantaloupe_015001", "layout": "E", "orientation": "e", "directions": [3], "coords": [15, 1], "color": [1], "components": []}, {"id": "L_cantaloupe_015002", "layout": "C", "orientation": "s", "directions": [3], "coords": [15, 2], "color": [1], "components": []}, {"id": "L_cantaloupe_015003", "layout": null, "coords": [15, 3]}, {"id": "L_cantaloupe_015004", "layout": null, "coords": [15, 4]}, {"id": "L_cantaloupe_015005", "layout": null, "coords": [15, 5]}, {"id": "L_cantaloupe_015006", "layout": null, "coords": [15, 6]}, {"id": "L_cantaloupe_015007", "layout": null, "coords": [15, 7]}]], "components": {"L_cantaloupe_5001": {"cell": [4, 5], "color": 0, "id": "L_cantaloupe_5001", "locked": true, "passed": 1, "spec": "", "type": "conditional", "userPlaced": false, "directionCondition": 3, "directionDefault": 3, "directionsColors": [[], [], [], []], "directionsTypes": [["unlimCondition"], [], [], ["emptyPayload"]]}, "L_cantaloupe_5002": {"cell": [11, 2], "color": 0, "id": "L_cantaloupe_5002", "locked": true, "passed": 1, "spec": "", "type": "conditional", "userPlaced": false, "directionCondition": 3, "directionDefault": 3, "directionsColors": [[], [], [], []], "directionsTypes": [["unlimCondition"], ["emptyPayload"], [], []]}, "L_cantaloupe_3001": {"cell": [7, 7], "color": 0, "delivered": 2, "id": "L_cantaloupe_3001", "locked": true, "passed": 2, "spec": "unlimCondition", "type": "delivery", "userPlaced": false, "acceptedTypes": ["unlimCondition"], "acceptedColors": []}, "L_cantaloupe_3002": {"cell": [11, 3], "color": 0, "delivered": 2, "id": "L_cantaloupe_3002", "locked": true, "passed": 2, "spec": "unlimCondition", "type": "delivery", "userPlaced": false, "acceptedTypes": ["unlimCondition"], "acceptedColors": []}, "L_cantaloupe_2001": {"cell": [6, 2], "color": 1, "id": "L_cantaloupe_2001", "locked": true, "passed": 4, "picked": 4, "spec": "unlimCondition", "type": "pickup", "userPlaced": false}, "aaaaaa": {"cell": [6, 3], "id": "aaaaaa", "passed": 1, "spec": "inactive", "type": "semaphore", "userPlaced": true}, "aaaaab": {"cell": [8, 2], "id": "aaaaab", "passed": 1, "spec": "inactive", "type": "semaphore", "userPlaced": true}, "aaaaac": {"cell": [9, 6], "id": "aaaaac", "spec": "inactive", "type": "signal", "userPlaced": true, "link": "aaaaaa"}, "aaaaad": {"cell": [11, 4], "id": "aaaaad", "spec": "inactive", "type": "signal", "userPlaced": true, "link": "aaaaab"}, "L_cantaloupe_1002": {"capacity": -1, "cell": [11, 3], "color": 1, "delivered": 2, "direction": 1, "id": "L_cantaloupe_1002", "locked": true, "passed": 0, "spec": "", "type": "thread", "userPlaced": false}, "L_cantaloupe_1001": {"capacity": -1, "cell": [9, 2], "color": 2, "delivered": 2, "direction": 3, "id": "L_cantaloupe_1001", "locked": true, "passed": 0, "spec": "", "type": "thread", "userPlaced": false}}}, "category": "DEFAULT", "created": 1621511701716, "id": "7fa263b6-fbcf-4d64-99a4-f16e34855c9c"}, {"type": "HIGHLIGHT_TRACK", "value": true, "index": 1, "category": "DEFAULT", "created": 1621511708871, "id": "292422f3-b363-4e1f-bcf2-a7af583c51a9"}, {"type": "HIGHLIGHT_TRACK", "value": false, "index": 2, "category": "DEFAULT", "created": 1621511709475, "id": "7742cbcc-1385-42dd-bc88-48eab6d398a6"}, {"type": "SHOW_MESSAGE", "message": "Uploading log data...", "category": "DEFAULT", "created": 1621511715942, "id": "6c1574a1-3893-4089-ad5a-e8b4506389f8"}], "metadata": {"platform": "5.0 (Windows NT 10.0; Win64; x64) AppleWebKit/537.36 (KHTML, like Gecko) Chrome/90.0.4430.212 Safari/537.36", "playerId": "dd1ce223-640b-4821-bd2b-6c69890b4bea"}}