{"id": "f5d99f4b-d52e-412b-8111-54cbbafffcfb", "created": 1620745321, "events": [{"type": "BEGIN_LEVEL_LOAD", "name": "cantaloupe", "order": "7", "category": "SYSTEM", "created": 1620745097716, "id": "dce677ef-0a08-4f82-9922-ae0f151a32e1"}, {"type": "BOARD_SNAPSHOT", "board": {"map": [[{"id": "L_cantaloupe_000000", "layout": null, "coords": [0, 0]}, {"id": "L_cantaloupe_000001", "layout": null, "coords": [0, 1]}, {"id": "L_cantaloupe_000002", "layout": null, "coords": [0, 2]}, {"id": "L_cantaloupe_000003", "layout": null, "coords": [0, 3]}, {"id": "L_cantaloupe_000004", "layout": null, "coords": [0, 4]}, {"id": "L_cantaloupe_000005", "layout": "C", "orientation": "n", "directions": [1], "coords": [0, 5], "color": [2], "components": []}, {"id": "L_cantaloupe_000006", "layout": "E", "orientation": "e", "directions": [1], "coords": [0, 6], "color": [2], "components": []}, {"id": "L_cantaloupe_000007", "layout": "C", "orientation": "e", "directions": [2], "coords": [0, 7], "color": [2], "components": []}], [{"id": "L_cantaloupe_001000", "layout": null, "coords": [1, 0]}, {"id": "L_cantaloupe_001001", "layout": null, "coords": [1, 1]}, {"id": "L_cantaloupe_001002", "layout": null, "coords": [1, 2]}, {"id": "L_cantaloupe_001003", "layout": null, "coords": [1, 3]}, {"id": "L_cantaloupe_001004", "layout": null, "coords": [1, 4]}, {"id": "L_cantaloupe_001005", "layout": "E", "orientation": "n", "directions": [4], "coords": [1, 5], "color": [2], "components": []}, {"id": "L_cantaloupe_001006", "layout": null, "coords": [1, 6]}, {"id": "L_cantaloupe_001007", "layout": "E", "orientation": "n", "directions": [2], "coords": [1, 7], "color": [2], "components": []}], [{"id": "L_cantaloupe_002000", "layout": null, "coords": [2, 0]}, {"id": "L_cantaloupe_002001", "layout": null, "coords": [2, 1]}, {"id": "L_cantaloupe_002002", "layout": null, "coords": [2, 2]}, {"id": "L_cantaloupe_002003", "layout": null, "coords": [2, 3]}, {"id": "L_cantaloupe_002004", "layout": null, "coords": [2, 4]}, {"id": "L_cantaloupe_002005", "layout": "G", "orientation": "n", "directions": [4], "coords": [2, 5], "color": [2], "components": []}, {"id": "L_cantaloupe_002006", "layout": "E", "orientation": "e", "directions": [3], "coords": [2, 6], "color": [2], "components": []}, {"id": "L_cantaloupe_002007", "layout": "C", "orientation": "s", "directions": [3], "coords": [2, 7], "color": [2], "components": []}], [{"id": "L_cantaloupe_003000", "layout": null, "coords": [3, 0]}, {"id": "L_cantaloupe_003001", "layout": null, "coords": [3, 1]}, {"id": "L_cantaloupe_003002", "layout": null, "coords": [3, 2]}, {"id": "L_cantaloupe_003003", "layout": null, "coords": [3, 3]}, {"id": "L_cantaloupe_003004", "layout": null, "coords": [3, 4]}, {"id": "L_cantaloupe_003005", "layout": "E", "orientation": "n", "directions": [4], "coords": [3, 5], "color": [2], "components": []}, {"id": "L_cantaloupe_003006", "layout": null, "coords": [3, 6]}, {"id": "L_cantaloupe_003007", "layout": null, "coords": [3, 7]}], [{"id": "L_cantaloupe_004000", "layout": null, "coords": [4, 0]}, {"id": "L_cantaloupe_004001", "layout": null, "coords": [4, 1]}, {"id": "L_cantaloupe_004002", "layout": "C", "orientation": "n", "directions": [1], "coords": [4, 2], "color": [2], "components": []}, {"id": "L_cantaloupe_004003", "layout": "E", "orientation": "e", "directions": [1], "coords": [4, 3], "color": [2], "components": []}, {"id": "L_cantaloupe_004004", "layout": "E", "orientation": "e", "directions": [1], "coords": [4, 4], "color": [2], "components": []}, {"id": "L_cantaloupe_004005", "layout": "G", "orientation": "w", "directions": [1, 4], "coords": [4, 5], "color": [2], "components": ["L_cantaloupe_5001"]}, {"id": "L_cantaloupe_004006", "layout": "E", "orientation": "e", "directions": [1], "coords": [4, 6], "color": [2], "components": []}, {"id": "L_cantaloupe_004007", "layout": "C", "orientation": "e", "directions": [2], "coords": [4, 7], "color": [2], "components": []}], [{"id": "L_cantaloupe_005000", "layout": null, "coords": [5, 0]}, {"id": "L_cantaloupe_005001", "layout": null, "coords": [5, 1]}, {"id": "L_cantaloupe_005002", "layout": "E", "orientation": "n", "directions": [4], "coords": [5, 2], "color": [2], "components": []}, {"id": "L_cantaloupe_005003", "layout": null, "coords": [5, 3]}, {"id": "L_cantaloupe_005004", "layout": null, "coords": [5, 4]}, {"id": "L_cantaloupe_005005", "layout": null, "coords": [5, 5]}, {"id": "L_cantaloupe_005006", "layout": null, "coords": [5, 6]}, {"id": "L_cantaloupe_005007", "layout": "E", "orientation": "n", "directions": [2], "coords": [5, 7], "color": [2], "components": []}], [{"id": "L_cantaloupe_006000", "layout": "C", "orientation": "n", "directions": [2], "coords": [6, 0], "color": [1], "components": []}, {"id": "L_cantaloupe_006001", "layout": "E", "orientation": "e", "directions": [3], "coords": [6, 1], "color": [1], "components": []}, {"id": "L_cantaloupe_006002", "layout": "O", "orientation": "e", "directions": [3, 4], "coords": [6, 2], "color": [1, 2], "components": ["L_cantaloupe_2001"]}, {"id": "L_cantaloupe_006003", "layout": "E", "orientation": "e", "directions": [3], "coords": [6, 3], "color": [1], "components": []}, {"id": "L_cantaloupe_006004", "layout": "E", "orientation": "e", "directions": [3], "coords": [6, 4], "color": [1], "components": []}, {"id": "L_cantaloupe_006005", "layout": "C", "orientation": "e", "directions": [3], "coords": [6, 5], "color": [1], "components": []}, {"id": "L_cantaloupe_006006", "layout": null, "coords": [6, 6]}, {"id": "L_cantaloupe_006007", "layout": "E", "orientation": "n", "directions": [2], "coords": [6, 7], "color": [2], "components": []}], [{"id": "L_cantaloupe_007000", "layout": "E", "orientation": "n", "directions": [2], "coords": [7, 0], "color": [1], "components": []}, {"id": "L_cantaloupe_007001", "layout": null, "coords": [7, 1]}, {"id": "L_cantaloupe_007002", "layout": "E", "orientation": "n", "directions": [4], "coords": [7, 2], "color": [2], "components": []}, {"id": "L_cantaloupe_007003", "layout": null, "coords": [7, 3]}, {"id": "L_cantaloupe_007004", "layout": null, "coords": [7, 4]}, {"id": "L_cantaloupe_007005", "layout": "E", "orientation": "n", "directions": [4], "coords": [7, 5], "color": [1], "components": []}, {"id": "L_cantaloupe_007006", "layout": null, "coords": [7, 6]}, {"id": "L_cantaloupe_007007", "layout": "E", "orientation": "n", "directions": [2], "coords": [7, 7], "color": [2], "components": ["L_cantaloupe_3001"]}], [{"id": "L_cantaloupe_008000", "layout": "E", "orientation": "n", "directions": [2], "coords": [8, 0], "color": [1], "components": []}, {"id": "L_cantaloupe_008001", "layout": null, "coords": [8, 1]}, {"id": "L_cantaloupe_008002", "layout": "E", "orientation": "n", "directions": [4], "coords": [8, 2], "color": [2], "components": []}, {"id": "L_cantaloupe_008003", "layout": null, "coords": [8, 3]}, {"id": "L_cantaloupe_008004", "layout": null, "coords": [8, 4]}, {"id": "L_cantaloupe_008005", "layout": "E", "orientation": "n", "directions": [4], "coords": [8, 5], "color": [1], "components": ["L_cantaloupe_1002"]}, {"id": "L_cantaloupe_008006", "layout": null, "coords": [8, 6]}, {"id": "L_cantaloupe_008007", "layout": "E", "orientation": "n", "directions": [2], "coords": [8, 7], "color": [2], "components": []}], [{"id": "L_cantaloupe_009000", "layout": "E", "orientation": "n", "directions": [2], "coords": [9, 0], "color": [1], "components": []}, {"id": "L_cantaloupe_009001", "layout": null, "coords": [9, 1]}, {"id": "L_cantaloupe_009002", "layout": "C", "orientation": "w", "directions": [4], "coords": [9, 2], "color": [2], "components": []}, {"id": "L_cantaloupe_009003", "layout": "E", "orientation": "e", "directions": [3], "coords": [9, 3], "color": [2], "components": []}, {"id": "L_cantaloupe_009004", "layout": "E", "orientation": "e", "directions": [3], "coords": [9, 4], "color": [2], "components": ["L_cantaloupe_1001"]}, {"id": "L_cantaloupe_009005", "layout": "O", "orientation": "e", "directions": [3, 4], "coords": [9, 5], "color": [1, 2], "components": []}, {"id": "L_cantaloupe_009006", "layout": "E", "orientation": "e", "directions": [3], "coords": [9, 6], "color": [2], "components": []}, {"id": "L_cantaloupe_009007", "layout": "C", "orientation": "s", "directions": [3], "coords": [9, 7], "color": [2], "components": []}], [{"id": "L_cantaloupe_010000", "layout": "E", "orientation": "n", "directions": [2], "coords": [10, 0], "color": [1], "components": []}, {"id": "L_cantaloupe_010001", "layout": null, "coords": [10, 1]}, {"id": "L_cantaloupe_010002", "layout": null, "coords": [10, 2]}, {"id": "L_cantaloupe_010003", "layout": null, "coords": [10, 3]}, {"id": "L_cantaloupe_010004", "layout": null, "coords": [10, 4]}, {"id": "L_cantaloupe_010005", "layout": "E", "orientation": "n", "directions": [4], "coords": [10, 5], "color": [1], "components": []}, {"id": "L_cantaloupe_010006", "layout": null, "coords": [10, 6]}, {"id": "L_cantaloupe_010007", "layout": null, "coords": [10, 7]}], [{"id": "L_cantaloupe_011000", "layout": "C", "orientation": "w", "directions": [1], "coords": [11, 0], "color": [1], "components": []}, {"id": "L_cantaloupe_011001", "layout": "E", "orientation": "e", "directions": [1], "coords": [11, 1], "color": [1], "components": []}, {"id": "L_cantaloupe_011002", "layout": "G", "orientation": "e", "directions": [1, 2], "coords": [11, 2], "color": [1], "components": ["L_cantaloupe_5002"]}, {"id": "L_cantaloupe_011003", "layout": "E", "orientation": "e", "directions": [1], "coords": [11, 3], "color": [1], "components": ["L_cantaloupe_3002"]}, {"id": "L_cantaloupe_011004", "layout": "E", "orientation": "e", "directions": [1], "coords": [11, 4], "color": [1], "components": []}, {"id": "L_cantaloupe_011005", "layout": "C", "orientation": "s", "directions": [4], "coords": [11, 5], "color": [1], "components": []}, {"id": "L_cantaloupe_011006", "layout": null, "coords": [11, 6]}, {"id": "L_cantaloupe_011007", "layout": null, "coords": [11, 7]}], [{"id": "L_cantaloupe_012000", "layout": null, "coords": [12, 0]}, {"id": "L_cantaloupe_012001", "layout": null, "coords": [12, 1]}, {"id": "L_cantaloupe_012002", "layout": "E", "orientation": "n", "directions": [2], "coords": [12, 2], "color": [1], "components": []}, {"id": "L_cantaloupe_012003", "layout": null, "coords": [12, 3]}, {"id": "L_cantaloupe_012004", "layout": null, "coords": [12, 4]}, {"id": "L_cantaloupe_012005", "layout": null, "coords": [12, 5]}, {"id": "L_cantaloupe_012006", "layout": null, "coords": [12, 6]}, {"id": "L_cantaloupe_012007", "layout": null, "coords": [12, 7]}], [{"id": "L_cantaloupe_013000", "layout": "C", "orientation": "n", "directions": [1], "coords": [13, 0], "color": [1], "components": []}, {"id": "L_cantaloupe_013001", "layout": "E", "orientation": "e", "directions": [1], "coords": [13, 1], "color": [1], "components": []}, {"id": "L_cantaloupe_013002", "layout": "G", "orientation": "s", "directions": [2], "coords": [13, 2], "color": [1], "components": []}, {"id": "L_cantaloupe_013003", "layout": null, "coords": [13, 3]}, {"id": "L_cantaloupe_013004", "layout": null, "coords": [13, 4]}, {"id": "L_cantaloupe_013005", "layout": null, "coords": [13, 5]}, {"id": "L_cantaloupe_013006", "layout": null, "coords": [13, 6]}, {"id": "L_cantaloupe_013007", "layout": null, "coords": [13, 7]}], [{"id": "L_cantaloupe_014000", "layout": "E", "orientation": "n", "directions": [4], "coords": [14, 0], "color": [1], "components": []}, {"id": "L_cantaloupe_014001", "layout": null, "coords": [14, 1]}, {"id": "L_cantaloupe_014002", "layout": "E", "orientation": "n", "directions": [2], "coords": [14, 2], "color": [1], "components": []}, {"id": "L_cantaloupe_014003", "layout": null, "coords": [14, 3]}, {"id": "L_cantaloupe_014004", "layout": null, "coords": [14, 4]}, {"id": "L_cantaloupe_014005", "layout": null, "coords": [14, 5]}, {"id": "L_cantaloupe_014006", "layout": null, "coords": [14, 6]}, {"id": "L_cantaloupe_014007", "layout": null, "coords": [14, 7]}], [{"id": "L_cantaloupe_015000", "layout": "C", "orientation": "w", "directions": [4], "coords": [15, 0], "color": [1], "components": []}, {"id": "L_cantaloupe_015001", "layout": "E", "orientation": "e", "directions": [3], "coords": [15, 1], "color": [1], "components": []}, {"id": "L_cantaloupe_015002", "layout": "C", "orientation": "s", "directions": [3], "coords": [15, 2], "color": [1], "components": []}, {"id": "L_cantaloupe_015003", "layout": null, "coords": [15, 3]}, {"id": "L_cantaloupe_015004", "layout": null, "coords": [15, 4]}, {"id": "L_cantaloupe_015005", "layout": null, "coords": [15, 5]}, {"id": "L_cantaloupe_015006", "layout": null, "coords": [15, 6]}, {"id": "L_cantaloupe_015007", "layout": null, "coords": [15, 7]}]], "components": {"L_cantaloupe_1001": {"capacity": -1, "cell": [9, 4], "color": 2, "direction": 3, "id": "L_cantaloupe_1001", "locked": true, "passed": 0, "spec": "", "type": "thread", "userPlaced": false}, "L_cantaloupe_1002": {"capacity": -1, "cell": [8, 5], "color": 1, "direction": 4, "id": "L_cantaloupe_1002", "locked": true, "passed": 0, "spec": "", "type": "thread", "userPlaced": false}, "L_cantaloupe_2001": {"cell": [6, 2], "color": 1, "id": "L_cantaloupe_2001", "locked": true, "passed": 0, "picked": 0, "spec": "unlimCondition", "type": "pickup", "userPlaced": false}, "L_cantaloupe_3001": {"cell": [7, 7], "color": 0, "delivered": 0, "id": "L_cantaloupe_3001", "locked": true, "passed": 0, "spec": "unlimCondition", "type": "delivery", "userPlaced": false, "acceptedTypes": ["unlimCondition"], "acceptedColors": []}, "L_cantaloupe_3002": {"cell": [11, 3], "color": 0, "delivered": 0, "id": "L_cantaloupe_3002", "locked": true, "passed": 0, "spec": "unlimCondition", "type": "delivery", "userPlaced": false, "acceptedTypes": ["unlimCondition"], "acceptedColors": []}, "L_cantaloupe_5001": {"cell": [4, 5], "color": 0, "id": "L_cantaloupe_5001", "locked": true, "passed": 0, "spec": "", "type": "conditional", "userPlaced": false, "directionCondition": 3, "directionDefault": 3, "directionsColors": [[], [], [], []], "directionsTypes": [["unlimCondition"], [], [], ["emptyPayload"]]}, "L_cantaloupe_5002": {"cell": [11, 2], "color": 0, "id": "L_cantaloupe_5002", "locked": true, "passed": 0, "spec": "", "type": "conditional", "userPlaced": false, "directionCondition": 3, "directionDefault": 3, "directionsColors": [[], [], [], []], "directionsTypes": [["unlimCondition"], ["emptyPayload"], [], []]}}}, "category": "DEFAULT", "created": 1620745097755, "id": "382f5260-c633-4e8a-a4e8-2c3a8c4c2600"}, {"type": "FINISH_LEVEL_LOAD", "name": "cantaloupe", "order": "7", "category": "SYSTEM", "created": 1620745097757, "id": "5fc9b7dc-4ddf-4f93-a283-3495dca6d863"}, {"type": "HIGHLIGHT_TRACK", "value": true, "index": 2, "category": "DEFAULT", "created": 1620745099005, "id": "d4509eee-46bf-4a0f-b34c-06e7e3cb37c1"}, {"type": "HIGHLIGHT_TRACK", "value": false, "index": 1, "category": "DEFAULT", "created": 1620745100635, "id": "4af5b6a2-7537-4825-864e-81242837f007"}, {"type": "HIGHLIGHT_TRACK", "value": true, "index": 1, "category": "DEFAULT", "created": 1620745101366, "id": "b9f7ad11-5a3d-47ed-9eb4-f0e45bc8e136"}, {"type": "HIGHLIGHT_TRACK", "value": false, "index": 1, "category": "DEFAULT", "created": 1620745102101, "id": "462faaa9-82e8-46c2-b5ef-134e35f48e8b"}, {"type": "BEGIN_SIMULATION", "current": -1, "total": null, "category": "DEFAULT", "created": 1620745104482, "id": "4c0fd4ed-9218-47b7-b372-1b09464f499e"}, {"type": "SET_REFLECTION_CONTENT", "content": {"status": "failure", "title": "Unsuccessful Solution", "titleIcon": "failure.png", "subtitle": "Whoops!", "description": "Looks like something went wrong.", "simType": "TEST", "numUserPlacedComponents": 0, "header": "Details on why the goals were not met:", "goals": [{"title": "The thread delivered at least enough packages.", "icon": "thread.png", "status": "success", "actual": 18, "target": 1, "comparison": "gt", "component": {"id": "L_cantaloupe_1001", "type": "thread", "spec": "", "color": 2}, "triggeredFailure": false}, {"title": "The thread failed to deliver enough packages.", "icon": "thread.png", "status": "failure", "actual": 1, "target": 1, "comparison": "gt", "component": {"id": "L_cantaloupe_1002", "type": "thread", "spec": "", "color": 1}, "triggeredFailure": false}, {"title": "The delivery point received at least enough packages.", "icon": "delivery.png", "status": "success", "actual": 18, "target": 1, "comparison": "gt", "component": {"id": "L_cantaloupe_3001", "type": "delivery", "spec": "unlimCondition", "color": 0}, "triggeredFailure": false}, {"title": "The delivery point failed to receive enough packages.", "icon": "delivery.png", "status": "failure", "actual": 1, "target": 1, "comparison": "gt", "component": {"id": "L_cantaloupe_3002", "type": "delivery", "spec": "unlimCondition", "color": 0}, "triggeredFailure": false}, {"title": "The solution took too long to complete.", "icon": "time.png", "status": "failure", "actual": 512, "target": 512, "comparison": "lt", "component": null, "triggeredFailure": true}], "reflections": []}, "category": "SYSTEM", "created": 1620745104503, "id": "b991af51-d8f5-4e9a-b5fb-50c96a02c853"}, {"type": "STOP_SIMULATION", "current": 238, "total": 1000, "category": "DEFAULT", "created": 1620745135431, "id": "dddd767e-a129-4962-9625-a81041a5facc"}, {"type": "HIGHLIGHT_TRACK", "value": true, "index": 2, "category": "DEFAULT", "created": 1620745136800, "id": "9e2f3d28-4160-4508-bdd9-ec461703869f"}, {"type": "HIGHLIGHT_TRACK", "value": false, "index": 2, "category": "DEFAULT", "created": 1620745139169, "id": "cd01ce62-0ceb-4ea7-86b9-2620fd566997"}, {"type": "HIGHLIGHT_TRACK", "value": true, "index": 2, "category": "DEFAULT", "created": 1620745139634, "id": "3fefac1d-2891-486a-a109-c272dc17126e"}, {"type": "HIGHLIGHT_TRACK", "value": false, "index": 2, "category": "DEFAULT", "created": 1620745140751, "id": "607947b9-d258-44b7-9b1f-773784129612"}, {"type": "HIGHLIGHT_TRACK", "value": true, "index": 1, "category": "DEFAULT", "created": 1620745140817, "id": "4c6877ff-9e0f-42e7-b04d-bbe62f085459"}, {"type": "HIGHLIGHT_TRACK", "value": false, "index": 1, "category": "DEFAULT", "created": 1620745141968, "id": "f9f8edf0-5f1b-4f4b-8e86-7f9a5acefbcd"}, {"type": "BEGIN_SIMULATION", "current": -1, "total": 1000, "category": "DEFAULT", "created": 1620745146913, "id": "0ecf774b-8190-403c-b40f-803e3022a5ee"}, {"type": "SET_REFLECTION_CONTENT", "content": {"status": "failure", "title": "Unsuccessful Solution", "titleIcon": "failure.png", "subtitle": "Whoops!", "description": "Looks like something went wrong.", "simType": "TEST", "numUserPlacedComponents": 0, "header": "Details on why the goals were not met:", "goals": [{"title": "The thread delivered at least enough packages.", "icon": "thread.png", "status": "success", "actual": 17, "target": 1, "comparison": "gt", "component": {"id": "L_cantaloupe_1001", "type": "thread", "spec": "", "color": 2}, "triggeredFailure": false}, {"title": "The thread failed to deliver enough packages.", "icon": "thread.png", "status": "failure", "actual": 0, "target": 1, "comparison": "gt", "component": {"id": "L_cantaloupe_1002", "type": "thread", "spec": "", "color": 1}, "triggeredFailure": false}, {"title": "The delivery point received at least enough packages.", "icon": "delivery.png", "status": "success", "actual": 17, "target": 1, "comparison": "gt", "component": {"id": "L_cantaloupe_3001", "type": "delivery", "spec": "unlimCondition", "color": 0}, "triggeredFailure": false}, {"title": "The delivery point failed to receive enough packages.", "icon": "delivery.png", "status": "failure", "actual": 0, "target": 1, "comparison": "gt", "component": {"id": "L_cantaloupe_3002", "type": "delivery", "spec": "unlimCondition", "color": 0}, "triggeredFailure": false}, {"title": "The solution took too long to complete.", "icon": "time.png", "status": "failure", "actual": 512, "target": 512, "comparison": "lt", "component": null, "triggeredFailure": true}], "reflections": []}, "category": "SYSTEM", "created": 1620745146938, "id": "43535f2b-bf5f-45e7-bf82-7abab4878ccc"}, {"type": "PAUSE_SIMULATION", "current": 82, "total": 959, "category": "DEFAULT", "created": 1620745156026, "id": "617340c4-a28d-41fe-9b52-ed86db63875c"}, {"type": "SKIP_SIMULATION", "current": 175, "total": 959, "category": "DEFAULT", "created": 1620745167821, "id": "e64cf96d-8d56-47ad-8d74-8178e4e1734f"}, {"type": "FINISH_SIMULATION", "current": 958, "total": 959, "category": "DEFAULT", "created": 1620745168001, "id": "04caf96f-c511-4d9b-9dc6-bdb5ee3c8608"}, {"type": "BOARD_SNAPSHOT", "board": {"map": [[{"id": "L_cantaloupe_000000", "layout": null, "coords": [0, 0]}, {"id": "L_cantaloupe_000001", "layout": null, "coords": [0, 1]}, {"id": "L_cantaloupe_000002", "layout": null, "coords": [0, 2]}, {"id": "L_cantaloupe_000003", "layout": null, "coords": [0, 3]}, {"id": "L_cantaloupe_000004", "layout": null, "coords": [0, 4]}, {"id": "L_cantaloupe_000005", "layout": "C", "orientation": "n", "directions": [1], "coords": [0, 5], "color": [2], "components": []}, {"id": "L_cantaloupe_000006", "layout": "E", "orientation": "e", "directions": [1], "coords": [0, 6], "color": [2], "components": []}, {"id": "L_cantaloupe_000007", "layout": "C", "orientation": "e", "directions": [2], "coords": [0, 7], "color": [2], "components": []}], [{"id": "L_cantaloupe_001000", "layout": null, "coords": [1, 0]}, {"id": "L_cantaloupe_001001", "layout": null, "coords": [1, 1]}, {"id": "L_cantaloupe_001002", "layout": null, "coords": [1, 2]}, {"id": "L_cantaloupe_001003", "layout": null, "coords": [1, 3]}, {"id": "L_cantaloupe_001004", "layout": null, "coords": [1, 4]}, {"id": "L_cantaloupe_001005", "layout": "E", "orientation": "n", "directions": [4], "coords": [1, 5], "color": [2], "components": []}, {"id": "L_cantaloupe_001006", "layout": null, "coords": [1, 6]}, {"id": "L_cantaloupe_001007", "layout": "E", "orientation": "n", "directions": [2], "coords": [1, 7], "color": [2], "components": []}], [{"id": "L_cantaloupe_002000", "layout": null, "coords": [2, 0]}, {"id": "L_cantaloupe_002001", "layout": null, "coords": [2, 1]}, {"id": "L_cantaloupe_002002", "layout": null, "coords": [2, 2]}, {"id": "L_cantaloupe_002003", "layout": null, "coords": [2, 3]}, {"id": "L_cantaloupe_002004", "layout": null, "coords": [2, 4]}, {"id": "L_cantaloupe_002005", "layout": "G", "orientation": "n", "directions": [4], "coords": [2, 5], "color": [2], "components": []}, {"id": "L_cantaloupe_002006", "layout": "E", "orientation": "e", "directions": [3], "coords": [2, 6], "color": [2], "components": []}, {"id": "L_cantaloupe_002007", "layout": "C", "orientation": "s", "directions": [3], "coords": [2, 7], "color": [2], "components": []}], [{"id": "L_cantaloupe_003000", "layout": null, "coords": [3, 0]}, {"id": "L_cantaloupe_003001", "layout": null, "coords": [3, 1]}, {"id": "L_cantaloupe_003002", "layout": null, "coords": [3, 2]}, {"id": "L_cantaloupe_003003", "layout": null, "coords": [3, 3]}, {"id": "L_cantaloupe_003004", "layout": null, "coords": [3, 4]}, {"id": "L_cantaloupe_003005", "layout": "E", "orientation": "n", "directions": [4], "coords": [3, 5], "color": [2], "components": []}, {"id": "L_cantaloupe_003006", "layout": null, "coords": [3, 6]}, {"id": "L_cantaloupe_003007", "layout": null, "coords": [3, 7]}], [{"id": "L_cantaloupe_004000", "layout": null, "coords": [4, 0]}, {"id": "L_cantaloupe_004001", "layout": null, "coords": [4, 1]}, {"id": "L_cantaloupe_004002", "layout": "C", "orientation": "n", "directions": [1], "coords": [4, 2], "color": [2], "components": []}, {"id": "L_cantaloupe_004003", "layout": "E", "orientation": "e", "directions": [1], "coords": [4, 3], "color": [2], "components": []}, {"id": "L_cantaloupe_004004", "layout": "E", "orientation": "e", "directions": [1], "coords": [4, 4], "color": [2], "components": []}, {"id": "L_cantaloupe_004005", "layout": "G", "orientation": "w", "directions": [1, 4], "coords": [4, 5], "color": [2], "components": ["L_cantaloupe_5001"]}, {"id": "L_cantaloupe_004006", "layout": "E", "orientation": "e", "directions": [1], "coords": [4, 6], "color": [2], "components": []}, {"id": "L_cantaloupe_004007", "layout": "C", "orientation": "e", "directions": [2], "coords": [4, 7], "color": [2], "components": []}], [{"id": "L_cantaloupe_005000", "layout": null, "coords": [5, 0]}, {"id": "L_cantaloupe_005001", "layout": null, "coords": [5, 1]}, {"id": "L_cantaloupe_005002", "layout": "E", "orientation": "n", "directions": [4], "coords": [5, 2], "color": [2], "components": []}, {"id": "L_cantaloupe_005003", "layout": null, "coords": [5, 3]}, {"id": "L_cantaloupe_005004", "layout": null, "coords": [5, 4]}, {"id": "L_cantaloupe_005005", "layout": null, "coords": [5, 5]}, {"id": "L_cantaloupe_005006", "layout": null, "coords": [5, 6]}, {"id": "L_cantaloupe_005007", "layout": "E", "orientation": "n", "directions": [2], "coords": [5, 7], "color": [2], "components": []}], [{"id": "L_cantaloupe_006000", "layout": "C", "orientation": "n", "directions": [2], "coords": [6, 0], "color": [1], "components": []}, {"id": "L_cantaloupe_006001", "layout": "E", "orientation": "e", "directions": [3], "coords": [6, 1], "color": [1], "components": []}, {"id": "L_cantaloupe_006002", "layout": "O", "orientation": "e", "directions": [3, 4], "coords": [6, 2], "color": [1, 2], "components": ["L_cantaloupe_2001"]}, {"id": "L_cantaloupe_006003", "layout": "E", "orientation": "e", "directions": [3], "coords": [6, 3], "color": [1], "components": []}, {"id": "L_cantaloupe_006004", "layout": "E", "orientation": "e", "directions": [3], "coords": [6, 4], "color": [1], "components": []}, {"id": "L_cantaloupe_006005", "layout": "C", "orientation": "e", "directions": [3], "coords": [6, 5], "color": [1], "components": []}, {"id": "L_cantaloupe_006006", "layout": null, "coords": [6, 6]}, {"id": "L_cantaloupe_006007", "layout": "E", "orientation": "n", "directions": [2], "coords": [6, 7], "color": [2], "components": []}], [{"id": "L_cantaloupe_007000", "layout": "E", "orientation": "n", "directions": [2], "coords": [7, 0], "color": [1], "components": []}, {"id": "L_cantaloupe_007001", "layout": null, "coords": [7, 1]}, {"id": "L_cantaloupe_007002", "layout": "E", "orientation": "n", "directions": [4], "coords": [7, 2], "color": [2], "components": ["L_cantaloupe_1001"]}, {"id": "L_cantaloupe_007003", "layout": null, "coords": [7, 3]}, {"id": "L_cantaloupe_007004", "layout": null, "coords": [7, 4]}, {"id": "L_cantaloupe_007005", "layout": "E", "orientation": "n", "directions": [4], "coords": [7, 5], "color": [1], "components": []}, {"id": "L_cantaloupe_007006", "layout": null, "coords": [7, 6]}, {"id": "L_cantaloupe_007007", "layout": "E", "orientation": "n", "directions": [2], "coords": [7, 7], "color": [2], "components": ["L_cantaloupe_3001"]}], [{"id": "L_cantaloupe_008000", "layout": "E", "orientation": "n", "directions": [2], "coords": [8, 0], "color": [1], "components": []}, {"id": "L_cantaloupe_008001", "layout": null, "coords": [8, 1]}, {"id": "L_cantaloupe_008002", "layout": "E", "orientation": "n", "directions": [4], "coords": [8, 2], "color": [2], "components": []}, {"id": "L_cantaloupe_008003", "layout": null, "coords": [8, 3]}, {"id": "L_cantaloupe_008004", "layout": null, "coords": [8, 4]}, {"id": "L_cantaloupe_008005", "layout": "E", "orientation": "n", "directions": [4], "coords": [8, 5], "color": [1], "components": ["L_cantaloupe_1002"]}, {"id": "L_cantaloupe_008006", "layout": null, "coords": [8, 6]}, {"id": "L_cantaloupe_008007", "layout": "E", "orientation": "n", "directions": [2], "coords": [8, 7], "color": [2], "components": []}], [{"id": "L_cantaloupe_009000", "layout": "E", "orientation": "n", "directions": [2], "coords": [9, 0], "color": [1], "components": []}, {"id": "L_cantaloupe_009001", "layout": null, "coords": [9, 1]}, {"id": "L_cantaloupe_009002", "layout": "C", "orientation": "w", "directions": [4], "coords": [9, 2], "color": [2], "components": []}, {"id": "L_cantaloupe_009003", "layout": "E", "orientation": "e", "directions": [3], "coords": [9, 3], "color": [2], "components": []}, {"id": "L_cantaloupe_009004", "layout": "E", "orientation": "e", "directions": [3], "coords": [9, 4], "color": [2], "components": ["L_cantaloupe_1001"]}, {"id": "L_cantaloupe_009005", "layout": "O", "orientation": "e", "directions": [3, 4], "coords": [9, 5], "color": [1, 2], "components": []}, {"id": "L_cantaloupe_009006", "layout": "E", "orientation": "e", "directions": [3], "coords": [9, 6], "color": [2], "components": []}, {"id": "L_cantaloupe_009007", "layout": "C", "orientation": "s", "directions": [3], "coords": [9, 7], "color": [2], "components": []}], [{"id": "L_cantaloupe_010000", "layout": "E", "orientation": "n", "directions": [2], "coords": [10, 0], "color": [1], "components": []}, {"id": "L_cantaloupe_010001", "layout": null, "coords": [10, 1]}, {"id": "L_cantaloupe_010002", "layout": null, "coords": [10, 2]}, {"id": "L_cantaloupe_010003", "layout": null, "coords": [10, 3]}, {"id": "L_cantaloupe_010004", "layout": null, "coords": [10, 4]}, {"id": "L_cantaloupe_010005", "layout": "E", "orientation": "n", "directions": [4], "coords": [10, 5], "color": [1], "components": []}, {"id": "L_cantaloupe_010006", "layout": null, "coords": [10, 6]}, {"id": "L_cantaloupe_010007", "layout": null, "coords": [10, 7]}], [{"id": "L_cantaloupe_011000", "layout": "C", "orientation": "w", "directions": [1], "coords": [11, 0], "color": [1], "components": []}, {"id": "L_cantaloupe_011001", "layout": "E", "orientation": "e", "directions": [1], "coords": [11, 1], "color": [1], "components": []}, {"id": "L_cantaloupe_011002", "layout": "G", "orientation": "e", "directions": [1, 2], "coords": [11, 2], "color": [1], "components": ["L_cantaloupe_5002"]}, {"id": "L_cantaloupe_011003", "layout": "E", "orientation": "e", "directions": [1], "coords": [11, 3], "color": [1], "components": ["L_cantaloupe_3002"]}, {"id": "L_cantaloupe_011004", "layout": "E", "orientation": "e", "directions": [1], "coords": [11, 4], "color": [1], "components": []}, {"id": "L_cantaloupe_011005", "layout": "C", "orientation": "s", "directions": [4], "coords": [11, 5], "color": [1], "components": []}, {"id": "L_cantaloupe_011006", "layout": null, "coords": [11, 6]}, {"id": "L_cantaloupe_011007", "layout": null, "coords": [11, 7]}], [{"id": "L_cantaloupe_012000", "layout": null, "coords": [12, 0]}, {"id": "L_cantaloupe_012001", "layout": null, "coords": [12, 1]}, {"id": "L_cantaloupe_012002", "layout": "E", "orientation": "n", "directions": [2], "coords": [12, 2], "color": [1], "components": []}, {"id": "L_cantaloupe_012003", "layout": null, "coords": [12, 3]}, {"id": "L_cantaloupe_012004", "layout": null, "coords": [12, 4]}, {"id": "L_cantaloupe_012005", "layout": null, "coords": [12, 5]}, {"id": "L_cantaloupe_012006", "layout": null, "coords": [12, 6]}, {"id": "L_cantaloupe_012007", "layout": null, "coords": [12, 7]}], [{"id": "L_cantaloupe_013000", "layout": "C", "orientation": "n", "directions": [1], "coords": [13, 0], "color": [1], "components": []}, {"id": "L_cantaloupe_013001", "layout": "E", "orientation": "e", "directions": [1], "coords": [13, 1], "color": [1], "components": []}, {"id": "L_cantaloupe_013002", "layout": "G", "orientation": "s", "directions": [2], "coords": [13, 2], "color": [1], "components": []}, {"id": "L_cantaloupe_013003", "layout": null, "coords": [13, 3]}, {"id": "L_cantaloupe_013004", "layout": null, "coords": [13, 4]}, {"id": "L_cantaloupe_013005", "layout": null, "coords": [13, 5]}, {"id": "L_cantaloupe_013006", "layout": null, "coords": [13, 6]}, {"id": "L_cantaloupe_013007", "layout": null, "coords": [13, 7]}], [{"id": "L_cantaloupe_014000", "layout": "E", "orientation": "n", "directions": [4], "coords": [14, 0], "color": [1], "components": []}, {"id": "L_cantaloupe_014001", "layout": null, "coords": [14, 1]}, {"id": "L_cantaloupe_014002", "layout": "E", "orientation": "n", "directions": [2], "coords": [14, 2], "color": [1], "components": []}, {"id": "L_cantaloupe_014003", "layout": null, "coords": [14, 3]}, {"id": "L_cantaloupe_014004", "layout": null, "coords": [14, 4]}, {"id": "L_cantaloupe_014005", "layout": null, "coords": [14, 5]}, {"id": "L_cantaloupe_014006", "layout": null, "coords": [14, 6]}, {"id": "L_cantaloupe_014007", "layout": null, "coords": [14, 7]}], [{"id": "L_cantaloupe_015000", "layout": "C", "orientation": "w", "directions": [4], "coords": [15, 0], "color": [1], "components": []}, {"id": "L_cantaloupe_015001", "layout": "E", "orientation": "e", "directions": [3], "coords": [15, 1], "color": [1], "components": []}, {"id": "L_cantaloupe_015002", "layout": "C", "orientation": "s", "directions": [3], "coords": [15, 2], "color": [1], "components": ["L_cantaloupe_1002"]}, {"id": "L_cantaloupe_015003", "layout": null, "coords": [15, 3]}, {"id": "L_cantaloupe_015004", "layout": null, "coords": [15, 4]}, {"id": "L_cantaloupe_015005", "layout": null, "coords": [15, 5]}, {"id": "L_cantaloupe_015006", "layout": null, "coords": [15, 6]}, {"id": "L_cantaloupe_015007", "layout": null, "coords": [15, 7]}]], "components": {"L_cantaloupe_5001": {"cell": [4, 5], "color": 0, "id": "L_cantaloupe_5001", "locked": true, "passed": 1, "spec": "", "type": "conditional", "userPlaced": false, "directionCondition": 3, "directionDefault": 3, "directionsColors": [[], [], [], []], "directionsTypes": [["unlimCondition"], [], [], ["emptyPayload"]]}, "L_cantaloupe_5002": {"cell": [11, 2], "color": 0, "id": "L_cantaloupe_5002", "locked": true, "passed": 1, "spec": "", "type": "conditional", "userPlaced": false, "directionCondition": 3, "directionDefault": 3, "directionsColors": [[], [], [], []], "directionsTypes": [["unlimCondition"], ["emptyPayload"], [], []]}, "L_cantaloupe_3001": {"cell": [7, 7], "color": 0, "delivered": 4, "id": "L_cantaloupe_3001", "locked": true, "passed": 4, "spec": "unlimCondition", "type": "delivery", "userPlaced": false, "acceptedTypes": ["unlimCondition"], "acceptedColors": []}, "L_cantaloupe_3002": {"cell": [11, 3], "color": 0, "delivered": 0, "id": "L_cantaloupe_3002", "locked": true, "passed": 0, "spec": "unlimCondition", "type": "delivery", "userPlaced": false, "acceptedTypes": ["unlimCondition"], "acceptedColors": []}, "L_cantaloupe_2001": {"cell": [6, 2], "color": 1, "id": "L_cantaloupe_2001", "locked": true, "passed": 5, "picked": 4, "spec": "unlimCondition", "type": "pickup", "userPlaced": false}, "L_cantaloupe_1002": {"capacity": -1, "cell": [15, 2], "color": 1, "direction": 2, "id": "L_cantaloupe_1002", "locked": true, "passed": 0, "spec": "", "type": "thread", "userPlaced": false}, "L_cantaloupe_1001": {"capacity": -1, "cell": [7, 2], "color": 2, "delivered": 4, "direction": 4, "id": "L_cantaloupe_1001", "locked": true, "passed": 0, "spec": "", "type": "thread", "userPlaced": false}}}, "category": "DEFAULT", "created": 1620745168028, "id": "05481d5b-3d26-47bd-b016-774a79ffdbed"}, {"type": "HIGHLIGHT_TRACK", "value": false, "index": 1, "category": "DEFAULT", "created": 1620745175845, "id": "f7138ef7-ccec-4904-9de5-bf6162fc154e"}, {"type": "ADD_ELEMENT", "element": {"cell": [11, 5], "id": "aaaaaa", "spec": "inactive", "type": "semaphore", "userPlaced": true}, "category": "DEFAULT", "created": 1620745184300, "id": "bb95ec3b-6b18-4a9b-a8c3-fe5ff680846d"}, {"type": "ADD_ELEMENT", "element": {"cell": [6, 0], "id": "aaaaab", "spec": "inactive", "type": "semaphore", "userPlaced": true}, "category": "DEFAULT", "created": 1620745188241, "id": "493cbd59-37aa-47d4-a7cc-e6edf85c6159"}, {"type": "HIGHLIGHT_TRACK", "value": true, "index": 2, "category": "DEFAULT", "created": 1620745188785, "id": "d45b8f84-9745-4316-b2ab-6a2cf980c658"}, {"type": "HIGHLIGHT_TRACK", "value": false, "index": 1, "category": "DEFAULT", "created": 1620745189952, "id": "3c10c2f7-d95c-4247-b737-738ce95c01a2"}, {"type": "MOVE_ELEMENT", "startCell": [6, 0], "element": {"cell": [6, 3], "id": "aaaaab", "spec": "inactive", "type": "semaphore", "userPlaced": true}, "category": "DEFAULT", "created": 1620745193078, "id": "91e1ccc3-991d-4661-95ca-ee73028c3704"}, {"type": "MOVE_ELEMENT", "startCell": [11, 5], "element": {"cell": [7, 2], "id": "aaaaaa", "spec": "inactive", "type": "semaphore", "userPlaced": true}, "category": "DEFAULT", "created": 1620745194317, "id": "658e8bd2-75cc-4204-aa0f-1d88ac17d205"}, {"type": "MOVE_ELEMENT", "startCell": [7, 2], "element": {"cell": [8, 2], "id": "aaaaaa", "spec": "inactive", "type": "semaphore", "userPlaced": true}, "category": "DEFAULT", "created": 1620745195568, "id": "89a4f89d-c262-4970-8b4f-6c31af7b0f45"}, {"type": "ADD_ELEMENT", "element": {"cell": [4, 2], "id": "aaaaac", "spec": "inactive", "type": "signal", "userPlaced": true}, "category": "DEFAULT", "created": 1620745201689, "id": "3862753f-9729-4adc-912b-61f4bc4379e5"}, {"type": "BEGIN_LINK", "element": {"cell": [4, 2], "id": "aaaaac", "spec": "inactive", "type": "signal", "userPlaced": true}, "category": "DEFAULT", "created": 1620745202551, "id": "88714ad1-b244-44b7-898b-a2d4c4e51f2c"}, {"type": "FINISH_LINK", "element": {"cell": [6, 3], "id": "aaaaab", "spec": "inactive", "type": "semaphore", "userPlaced": true}, "category": "DEFAULT", "created": 1620745204073, "id": "101fcd19-c538-4f43-a056-97be1777bb7b"}, {"type": "ADD_ELEMENT", "element": {"cell": [6, 1], "id": "aaaaaf", "spec": "inactive", "type": "signal", "userPlaced": true}, "category": "DEFAULT", "created": 1620745206374, "id": "4576c5a2-d4d3-4e3f-b848-6f053b851600"}, {"type": "BEGIN_LINK", "element": {"cell": [6, 1], "id": "aaaaaf", "spec": "inactive", "type": "signal", "userPlaced": true}, "category": "DEFAULT", "created": 1620745206770, "id": "6f3e1d22-08d0-4d4d-a97a-9a3ba17aaa44"}, {"type": "FINISH_LINK", "element": {"cell": [8, 2], "id": "aaaaaa", "spec": "inactive", "type": "semaphore", "userPlaced": true}, "category": "DEFAULT", "created": 1620745207295, "id": "ff3bfd84-f961-45f9-81bf-9cc99796fd11"}, {"type": "HIGHLIGHT_TRACK", "value": true, "index": 2, "category": "DEFAULT", "created": 1620745207550, "id": "eeacd03e-9dfa-4d29-8427-85616891f31f"}, {"type": "HIGHLIGHT_TRACK", "value": false, "index": 1, "category": "DEFAULT", "created": 1620745208142, "id": "2fdb122e-afc3-4ebe-a83e-894e49f78a58"}, {"type": "MOVE_ELEMENT", "startCell": [6, 3], "element": {"cell": [6, 3], "id": "aaaaab", "spec": "inactive", "type": "semaphore", "userPlaced": true}, "category": "DEFAULT", "created": 1620745209398, "id": "ddf29949-4bed-45b5-bef2-c3cdb3b62f26"}, {"type": "TOGGLE_ELEMENT", "element": {"cell": [6, 3], "id": "aaaaab", "spec": "active", "type": "semaphore", "userPlaced": true}, "category": "DEFAULT", "created": 1620745209402, "id": "7bb723ee-a4f6-4c8d-a414-ad014519efda"}, {"type": "HIGHLIGHT_TRACK", "value": true, "index": 2, "category": "DEFAULT", "created": 1620745209983, "id": "f40782d2-a379-4ca4-b1eb-6ec0c1bb97c2"}, {"type": "HIGHLIGHT_TRACK", "value": false, "index": 1, "category": "DEFAULT", "created": 1620745210218, "id": "3e7b7715-322d-494f-9ed6-30c542581364"}, {"type": "HIGHLIGHT_TRACK", "value": true, "index": 2, "category": "DEFAULT", "created": 1620745214466, "id": "2af9488d-3422-4572-b815-83623d1b4096"}, {"type": "HIGHLIGHT_TRACK", "value": false, "index": 2, "category": "DEFAULT", "created": 1620745214535, "id": "67b19223-df38-4a3a-8af0-140a40f7773c"}, {"type": "BEGIN_SIMULATION", "current": -1, "total": 959, "category": "DEFAULT", "created": 1620745230158, "id": "1c64056d-536d-4523-9988-c04668976a70"}, {"type": "SET_REFLECTION_CONTENT", "content": {"status": "success", "title": "Successful Solution", "titleIcon": "success.png", "subtitle": "Good job!", "description": "You met the level goal!", "simType": "TEST", "numUserPlacedComponents": 4, "header": "Knowledge Unlocked:", "goals": [{"title": "The thread delivered at least enough packages.", "icon": "thread.png", "status": "success", "actual": 2, "target": 1, "comparison": "gt", "component": {"id": "L_cantaloupe_1001", "type": "thread", "spec": "", "color": 2}, "triggeredFailure": false}, {"title": "The thread delivered at least enough packages.", "icon": "thread.png", "status": "success", "actual": 2, "target": 1, "comparison": "gt", "component": {"id": "L_cantaloupe_1002", "type": "thread", "spec": "", "color": 1}, "triggeredFailure": false}, {"title": "The delivery point received at least enough packages.", "icon": "delivery.png", "status": "success", "actual": 2, "target": 1, "comparison": "gt", "component": {"id": "L_cantaloupe_3001", "type": "delivery", "spec": "unlimCondition", "color": 0}, "triggeredFailure": false}, {"title": "The delivery point received at least enough packages.", "icon": "delivery.png", "status": "success", "actual": 2, "target": 1, "comparison": "gt", "component": {"id": "L_cantaloupe_3002", "type": "delivery", "spec": "unlimCondition", "color": 0}, "triggeredFailure": false}], "reflections": []}, "category": "SYSTEM", "created": 1620745230173, "id": "07947407-23a8-4739-ba1d-c7bb9534c0e0"}, {"type": "FINISH_SIMULATION", "current": 162, "total": 163, "category": "DEFAULT", "created": 1620745248061, "id": "df67062c-dde0-4a6d-8e5c-ec75a9ce61cd"}, {"type": "BOARD_SNAPSHOT", "board": {"map": [[{"id": "L_cantaloupe_000000", "layout": null, "coords": [0, 0]}, {"id": "L_cantaloupe_000001", "layout": null, "coords": [0, 1]}, {"id": "L_cantaloupe_000002", "layout": null, "coords": [0, 2]}, {"id": "L_cantaloupe_000003", "layout": null, "coords": [0, 3]}, {"id": "L_cantaloupe_000004", "layout": null, "coords": [0, 4]}, {"id": "L_cantaloupe_000005", "layout": "C", "orientation": "n", "directions": [1], "coords": [0, 5], "color": [2], "components": []}, {"id": "L_cantaloupe_000006", "layout": "E", "orientation": "e", "directions": [1], "coords": [0, 6], "color": [2], "components": []}, {"id": "L_cantaloupe_000007", "layout": "C", "orientation": "e", "directions": [2], "coords": [0, 7], "color": [2], "components": []}], [{"id": "L_cantaloupe_001000", "layout": null, "coords": [1, 0]}, {"id": "L_cantaloupe_001001", "layout": null, "coords": [1, 1]}, {"id": "L_cantaloupe_001002", "layout": null, "coords": [1, 2]}, {"id": "L_cantaloupe_001003", "layout": null, "coords": [1, 3]}, {"id": "L_cantaloupe_001004", "layout": null, "coords": [1, 4]}, {"id": "L_cantaloupe_001005", "layout": "E", "orientation": "n", "directions": [4], "coords": [1, 5], "color": [2], "components": []}, {"id": "L_cantaloupe_001006", "layout": null, "coords": [1, 6]}, {"id": "L_cantaloupe_001007", "layout": "E", "orientation": "n", "directions": [2], "coords": [1, 7], "color": [2], "components": []}], [{"id": "L_cantaloupe_002000", "layout": null, "coords": [2, 0]}, {"id": "L_cantaloupe_002001", "layout": null, "coords": [2, 1]}, {"id": "L_cantaloupe_002002", "layout": null, "coords": [2, 2]}, {"id": "L_cantaloupe_002003", "layout": null, "coords": [2, 3]}, {"id": "L_cantaloupe_002004", "layout": null, "coords": [2, 4]}, {"id": "L_cantaloupe_002005", "layout": "G", "orientation": "n", "directions": [4], "coords": [2, 5], "color": [2], "components": []}, {"id": "L_cantaloupe_002006", "layout": "E", "orientation": "e", "directions": [3], "coords": [2, 6], "color": [2], "components": []}, {"id": "L_cantaloupe_002007", "layout": "C", "orientation": "s", "directions": [3], "coords": [2, 7], "color": [2], "components": []}], [{"id": "L_cantaloupe_003000", "layout": null, "coords": [3, 0]}, {"id": "L_cantaloupe_003001", "layout": null, "coords": [3, 1]}, {"id": "L_cantaloupe_003002", "layout": null, "coords": [3, 2]}, {"id": "L_cantaloupe_003003", "layout": null, "coords": [3, 3]}, {"id": "L_cantaloupe_003004", "layout": null, "coords": [3, 4]}, {"id": "L_cantaloupe_003005", "layout": "E", "orientation": "n", "directions": [4], "coords": [3, 5], "color": [2], "components": []}, {"id": "L_cantaloupe_003006", "layout": null, "coords": [3, 6]}, {"id": "L_cantaloupe_003007", "layout": null, "coords": [3, 7]}], [{"id": "L_cantaloupe_004000", "layout": null, "coords": [4, 0]}, {"id": "L_cantaloupe_004001", "layout": null, "coords": [4, 1]}, {"id": "L_cantaloupe_004002", "layout": "C", "orientation": "n", "directions": [1], "coords": [4, 2], "color": [2], "components": ["aaaaac"]}, {"id": "L_cantaloupe_004003", "layout": "E", "orientation": "e", "directions": [1], "coords": [4, 3], "color": [2], "components": []}, {"id": "L_cantaloupe_004004", "layout": "E", "orientation": "e", "directions": [1], "coords": [4, 4], "color": [2], "components": []}, {"id": "L_cantaloupe_004005", "layout": "G", "orientation": "w", "directions": [1, 4], "coords": [4, 5], "color": [2], "components": ["L_cantaloupe_5001"]}, {"id": "L_cantaloupe_004006", "layout": "E", "orientation": "e", "directions": [1], "coords": [4, 6], "color": [2], "components": []}, {"id": "L_cantaloupe_004007", "layout": "C", "orientation": "e", "directions": [2], "coords": [4, 7], "color": [2], "components": []}], [{"id": "L_cantaloupe_005000", "layout": null, "coords": [5, 0]}, {"id": "L_cantaloupe_005001", "layout": null, "coords": [5, 1]}, {"id": "L_cantaloupe_005002", "layout": "E", "orientation": "n", "directions": [4], "coords": [5, 2], "color": [2], "components": []}, {"id": "L_cantaloupe_005003", "layout": null, "coords": [5, 3]}, {"id": "L_cantaloupe_005004", "layout": null, "coords": [5, 4]}, {"id": "L_cantaloupe_005005", "layout": null, "coords": [5, 5]}, {"id": "L_cantaloupe_005006", "layout": null, "coords": [5, 6]}, {"id": "L_cantaloupe_005007", "layout": "E", "orientation": "n", "directions": [2], "coords": [5, 7], "color": [2], "components": []}], [{"id": "L_cantaloupe_006000", "layout": "C", "orientation": "n", "directions": [2], "coords": [6, 0], "color": [1], "components": []}, {"id": "L_cantaloupe_006001", "layout": "E", "orientation": "e", "directions": [3], "coords": [6, 1], "color": [1], "components": ["aaaaaf"]}, {"id": "L_cantaloupe_006002", "layout": "O", "orientation": "e", "directions": [3, 4], "coords": [6, 2], "color": [1, 2], "components": ["L_cantaloupe_2001"]}, {"id": "L_cantaloupe_006003", "layout": "E", "orientation": "e", "directions": [3], "coords": [6, 3], "color": [1], "components": ["aaaaab"]}, {"id": "L_cantaloupe_006004", "layout": "E", "orientation": "e", "directions": [3], "coords": [6, 4], "color": [1], "components": ["L_cantaloupe_1002"]}, {"id": "L_cantaloupe_006005", "layout": "C", "orientation": "e", "directions": [3], "coords": [6, 5], "color": [1], "components": []}, {"id": "L_cantaloupe_006006", "layout": null, "coords": [6, 6]}, {"id": "L_cantaloupe_006007", "layout": "E", "orientation": "n", "directions": [2], "coords": [6, 7], "color": [2], "components": []}], [{"id": "L_cantaloupe_007000", "layout": "E", "orientation": "n", "directions": [2], "coords": [7, 0], "color": [1], "components": []}, {"id": "L_cantaloupe_007001", "layout": null, "coords": [7, 1]}, {"id": "L_cantaloupe_007002", "layout": "E", "orientation": "n", "directions": [4], "coords": [7, 2], "color": [2], "components": []}, {"id": "L_cantaloupe_007003", "layout": null, "coords": [7, 3]}, {"id": "L_cantaloupe_007004", "layout": null, "coords": [7, 4]}, {"id": "L_cantaloupe_007005", "layout": "E", "orientation": "n", "directions": [4], "coords": [7, 5], "color": [1], "components": []}, {"id": "L_cantaloupe_007006", "layout": null, "coords": [7, 6]}, {"id": "L_cantaloupe_007007", "layout": "E", "orientation": "n", "directions": [2], "coords": [7, 7], "color": [2], "components": ["L_cantaloupe_3001", "L_cantaloupe_1001"]}], [{"id": "L_cantaloupe_008000", "layout": "E", "orientation": "n", "directions": [2], "coords": [8, 0], "color": [1], "components": []}, {"id": "L_cantaloupe_008001", "layout": null, "coords": [8, 1]}, {"id": "L_cantaloupe_008002", "layout": "E", "orientation": "n", "directions": [4], "coords": [8, 2], "color": [2], "components": ["aaaaaa"]}, {"id": "L_cantaloupe_008003", "layout": null, "coords": [8, 3]}, {"id": "L_cantaloupe_008004", "layout": null, "coords": [8, 4]}, {"id": "L_cantaloupe_008005", "layout": "E", "orientation": "n", "directions": [4], "coords": [8, 5], "color": [1], "components": ["L_cantaloupe_1002"]}, {"id": "L_cantaloupe_008006", "layout": null, "coords": [8, 6]}, {"id": "L_cantaloupe_008007", "layout": "E", "orientation": "n", "directions": [2], "coords": [8, 7], "color": [2], "components": []}], [{"id": "L_cantaloupe_009000", "layout": "E", "orientation": "n", "directions": [2], "coords": [9, 0], "color": [1], "components": []}, {"id": "L_cantaloupe_009001", "layout": null, "coords": [9, 1]}, {"id": "L_cantaloupe_009002", "layout": "C", "orientation": "w", "directions": [4], "coords": [9, 2], "color": [2], "components": []}, {"id": "L_cantaloupe_009003", "layout": "E", "orientation": "e", "directions": [3], "coords": [9, 3], "color": [2], "components": []}, {"id": "L_cantaloupe_009004", "layout": "E", "orientation": "e", "directions": [3], "coords": [9, 4], "color": [2], "components": ["L_cantaloupe_1001"]}, {"id": "L_cantaloupe_009005", "layout": "O", "orientation": "e", "directions": [3, 4], "coords": [9, 5], "color": [1, 2], "components": []}, {"id": "L_cantaloupe_009006", "layout": "E", "orientation": "e", "directions": [3], "coords": [9, 6], "color": [2], "components": []}, {"id": "L_cantaloupe_009007", "layout": "C", "orientation": "s", "directions": [3], "coords": [9, 7], "color": [2], "components": []}], [{"id": "L_cantaloupe_010000", "layout": "E", "orientation": "n", "directions": [2], "coords": [10, 0], "color": [1], "components": []}, {"id": "L_cantaloupe_010001", "layout": null, "coords": [10, 1]}, {"id": "L_cantaloupe_010002", "layout": null, "coords": [10, 2]}, {"id": "L_cantaloupe_010003", "layout": null, "coords": [10, 3]}, {"id": "L_cantaloupe_010004", "layout": null, "coords": [10, 4]}, {"id": "L_cantaloupe_010005", "layout": "E", "orientation": "n", "directions": [4], "coords": [10, 5], "color": [1], "components": []}, {"id": "L_cantaloupe_010006", "layout": null, "coords": [10, 6]}, {"id": "L_cantaloupe_010007", "layout": null, "coords": [10, 7]}], [{"id": "L_cantaloupe_011000", "layout": "C", "orientation": "w", "directions": [1], "coords": [11, 0], "color": [1], "components": []}, {"id": "L_cantaloupe_011001", "layout": "E", "orientation": "e", "directions": [1], "coords": [11, 1], "color": [1], "components": []}, {"id": "L_cantaloupe_011002", "layout": "G", "orientation": "e", "directions": [1, 2], "coords": [11, 2], "color": [1], "components": ["L_cantaloupe_5002"]}, {"id": "L_cantaloupe_011003", "layout": "E", "orientation": "e", "directions": [1], "coords": [11, 3], "color": [1], "components": ["L_cantaloupe_3002"]}, {"id": "L_cantaloupe_011004", "layout": "E", "orientation": "e", "directions": [1], "coords": [11, 4], "color": [1], "components": []}, {"id": "L_cantaloupe_011005", "layout": "C", "orientation": "s", "directions": [4], "coords": [11, 5], "color": [1], "components": []}, {"id": "L_cantaloupe_011006", "layout": null, "coords": [11, 6]}, {"id": "L_cantaloupe_011007", "layout": null, "coords": [11, 7]}], [{"id": "L_cantaloupe_012000", "layout": null, "coords": [12, 0]}, {"id": "L_cantaloupe_012001", "layout": null, "coords": [12, 1]}, {"id": "L_cantaloupe_012002", "layout": "E", "orientation": "n", "directions": [2], "coords": [12, 2], "color": [1], "components": []}, {"id": "L_cantaloupe_012003", "layout": null, "coords": [12, 3]}, {"id": "L_cantaloupe_012004", "layout": null, "coords": [12, 4]}, {"id": "L_cantaloupe_012005", "layout": null, "coords": [12, 5]}, {"id": "L_cantaloupe_012006", "layout": null, "coords": [12, 6]}, {"id": "L_cantaloupe_012007", "layout": null, "coords": [12, 7]}], [{"id": "L_cantaloupe_013000", "layout": "C", "orientation": "n", "directions": [1], "coords": [13, 0], "color": [1], "components": []}, {"id": "L_cantaloupe_013001", "layout": "E", "orientation": "e", "directions": [1], "coords": [13, 1], "color": [1], "components": []}, {"id": "L_cantaloupe_013002", "layout": "G", "orientation": "s", "directions": [2], "coords": [13, 2], "color": [1], "components": []}, {"id": "L_cantaloupe_013003", "layout": null, "coords": [13, 3]}, {"id": "L_cantaloupe_013004", "layout": null, "coords": [13, 4]}, {"id": "L_cantaloupe_013005", "layout": null, "coords": [13, 5]}, {"id": "L_cantaloupe_013006", "layout": null, "coords": [13, 6]}, {"id": "L_cantaloupe_013007", "layout": null, "coords": [13, 7]}], [{"id": "L_cantaloupe_014000", "layout": "E", "orientation": "n", "directions": [4], "coords": [14, 0], "color": [1], "components": []}, {"id": "L_cantaloupe_014001", "layout": null, "coords": [14, 1]}, {"id": "L_cantaloupe_014002", "layout": "E", "orientation": "n", "directions": [2], "coords": [14, 2], "color": [1], "components": []}, {"id": "L_cantaloupe_014003", "layout": null, "coords": [14, 3]}, {"id": "L_cantaloupe_014004", "layout": null, "coords": [14, 4]}, {"id": "L_cantaloupe_014005", "layout": null, "coords": [14, 5]}, {"id": "L_cantaloupe_014006", "layout": null, "coords": [14, 6]}, {"id": "L_cantaloupe_014007", "layout": null, "coords": [14, 7]}], [{"id": "L_cantaloupe_015000", "layout": "C", "orientation": "w", "directions": [4], "coords": [15, 0], "color": [1], "components": []}, {"id": "L_cantaloupe_015001", "layout": "E", "orientation": "e", "directions": [3], "coords": [15, 1], "color": [1], "components": []}, {"id": "L_cantaloupe_015002", "layout": "C", "orientation": "s", "directions": [3], "coords": [15, 2], "color": [1], "components": []}, {"id": "L_cantaloupe_015003", "layout": null, "coords": [15, 3]}, {"id": "L_cantaloupe_015004", "layout": null, "coords": [15, 4]}, {"id": "L_cantaloupe_015005", "layout": null, "coords": [15, 5]}, {"id": "L_cantaloupe_015006", "layout": null, "coords": [15, 6]}, {"id": "L_cantaloupe_015007", "layout": null, "coords": [15, 7]}]], "components": {"L_cantaloupe_5001": {"cell": [4, 5], "color": 0, "id": "L_cantaloupe_5001", "locked": true, "passed": 1, "spec": "", "type": "conditional", "userPlaced": false, "directionCondition": 3, "directionDefault": 3, "directionsColors": [[], [], [], []], "directionsTypes": [["unlimCondition"], [], [], ["emptyPayload"]]}, "L_cantaloupe_5002": {"cell": [11, 2], "color": 0, "id": "L_cantaloupe_5002", "locked": true, "passed": 1, "spec": "", "type": "conditional", "userPlaced": false, "directionCondition": 3, "directionDefault": 3, "directionsColors": [[], [], [], []], "directionsTypes": [["unlimCondition"], ["emptyPayload"], [], []]}, "L_cantaloupe_3001": {"cell": [7, 7], "color": 0, "delivered": 2, "id": "L_cantaloupe_3001", "locked": true, "passed": 2, "spec": "unlimCondition", "type": "delivery", "userPlaced": false, "acceptedTypes": ["unlimCondition"], "acceptedColors": []}, "L_cantaloupe_3002": {"cell": [11, 3], "color": 0, "delivered": 2, "id": "L_cantaloupe_3002", "locked": true, "passed": 2, "spec": "unlimCondition", "type": "delivery", "userPlaced": false, "acceptedTypes": ["unlimCondition"], "acceptedColors": []}, "L_cantaloupe_2001": {"cell": [6, 2], "color": 1, "id": "L_cantaloupe_2001", "locked": true, "passed": 4, "picked": 4, "spec": "unlimCondition", "type": "pickup", "userPlaced": false}, "aaaaab": {"cell": [6, 3], "id": "aaaaab", "passed": 1, "spec": "active", "type": "semaphore", "userPlaced": true}, "aaaaaa": {"cell": [8, 2], "id": "aaaaaa", "passed": 1, "spec": "inactive", "type": "semaphore", "userPlaced": true}, "aaaaac": {"cell": [4, 2], "id": "aaaaac", "spec": "inactive", "type": "signal", "userPlaced": true, "link": "aaaaab"}, "L_cantaloupe_1002": {"capacity": -1, "cell": [6, 4], "color": 1, "delivered": 2, "direction": 3, "id": "L_cantaloupe_1002", "locked": true, "passed": 0, "spec": "", "type": "thread", "userPlaced": false}, "L_cantaloupe_1001": {"capacity": -1, "cell": [7, 7], "color": 2, "delivered": 2, "direction": 2, "id": "L_cantaloupe_1001", "locked": true, "passed": 0, "spec": "", "type": "thread", "userPlaced": false}, "aaaaaf": {"cell": [6, 1], "id": "aaaaaf", "spec": "inactive", "type": "signal", "userPlaced": true, "link": "aaaaaa"}}}, "category": "DEFAULT", "created": 1620745248083, "id": "59aaafc6-928d-4144-af31-4c34ff0f1397"}, {"type": "HIGHLIGHT_TRACK", "value": true, "index": 1, "category": "DEFAULT", "created": 1620745251299, "id": "38400209-c033-45b3-836e-76b6dc791b64"}, {"type": "HIGHLIGHT_TRACK", "value": false, "index": 2, "category": "DEFAULT", "created": 1620745251351, "id": "096bb168-a91b-404d-8c11-1518a2660f8b"}, {"type": "HIGHLIGHT_TRACK", "value": true, "index": 2, "category": "DEFAULT", "created": 1620745252173, "id": "6cd13938-ebb9-4752-93f4-97717c78bacc"}, {"type": "HIGHLIGHT_TRACK", "value": false, "index": 2, "category": "DEFAULT", "created": 1620745252235, "id": "fa32ff7f-d599-4509-b108-c578037ae1c3"}, {"type": "HIGHLIGHT_TRACK", "value": true, "index": 2, "category": "DEFAULT", "created": 1620745252516, "id": "344f931c-70ed-43db-8a86-0ebdbff8817d"}, {"type": "HIGHLIGHT_TRACK", "value": false, "index": 2, "category": "DEFAULT", "created": 1620745252551, "id": "11cae8bd-6f25-46ec-8b54-9f44cf522e74"}, {"type": "HIGHLIGHT_TRACK", "value": true, "index": 1, "category": "DEFAULT", "created": 1620745252566, "id": "9b5d3ec1-9810-41ba-a1f4-13ad301b7025"}, {"type": "HIGHLIGHT_TRACK", "value": false, "index": 1, "category": "DEFAULT", "created": 1620745252688, "id": "1c877251-7df5-42f8-b70a-e2319087f151"}, {"type": "MOVE_ELEMENT", "startCell": [4, 2], "element": {"cell": [9, 7], "id": "aaaaac", "spec": "inactive", "type": "signal", "userPlaced": true}, "category": "DEFAULT", "created": 1620745258839, "id": "9f5b2593-b0bd-4d0b-a23a-923ed4c7e337"}, {"type": "HIGHLIGHT_TRACK", "value": true, "index": 1, "category": "DEFAULT", "created": 1620745259049, "id": "9a258947-0a3c-4f7f-b68c-57d6b3c9255f"}, {"type": "HIGHLIGHT_TRACK", "value": false, "index": 2, "category": "DEFAULT", "created": 1620745259118, "id": "42328080-37c0-4af9-9e6c-0b1278c420f0"}, {"type": "MOVE_ELEMENT", "startCell": [6, 1], "element": {"cell": [6, 1], "id": "aaaaaf", "spec": "inactive", "type": "signal", "userPlaced": true}, "category": "DEFAULT", "created": 1620745261722, "id": "c9131e12-e109-499c-916e-74983b4eba91"}, {"type": "HIGHLIGHT_TRACK", "value": true, "index": 2, "category": "DEFAULT", "created": 1620745262266, "id": "8a249d83-d702-4fc6-897b-b00cab91a50e"}, {"type": "HIGHLIGHT_TRACK", "value": false, "index": 1, "category": "DEFAULT", "created": 1620745262351, "id": "e5d95cb5-c39d-4f61-9f76-0a2c764ffa1d"}, {"type": "MOVE_ELEMENT", "startCell": [9, 7], "element": {"cell": [4, 2], "id": "aaaaac", "spec": "inactive", "type": "signal", "userPlaced": true}, "category": "DEFAULT", "created": 1620745263662, "id": "7ab80eb4-2d35-42a8-abac-174c9b1b81b7"}, {"type": "MOVE_ELEMENT", "startCell": [4, 2], "element": {"cell": [9, 7], "id": "aaaaac", "spec": "inactive", "type": "signal", "userPlaced": true}, "category": "DEFAULT", "created": 1620745267217, "id": "410a782c-a6c7-486f-9560-8beb6720d9bd"}, {"type": "HIGHLIGHT_TRACK", "value": true, "index": 1, "category": "DEFAULT", "created": 1620745267682, "id": "35236ff0-9616-44dc-a4f7-939aded99b87"}, {"type": "HIGHLIGHT_TRACK", "value": false, "index": 1, "category": "DEFAULT", "created": 1620745267735, "id": "671d2255-f7c9-4a05-8af5-5a69bdd2fa70"}, {"type": "MOVE_ELEMENT", "startCell": [6, 1], "element": {"cell": [11, 4], "id": "aaaaaf", "spec": "inactive", "type": "signal", "userPlaced": true}, "category": "DEFAULT", "created": 1620745273228, "id": "ec3538d4-2f50-4db6-9ecc-66e02f92d740"}, {"type": "BEGIN_SIMULATION", "current": -1, "total": 163, "category": "DEFAULT", "created": 1620745274270, "id": "21ecbcb2-833b-4345-9c2a-11a0187d388a"}, {"type": "SET_REFLECTION_CONTENT", "content": {"status": "success", "title": "Successful Solution", "titleIcon": "success.png", "subtitle": "Good job!", "description": "You met the level goal!", "simType": "TEST", "numUserPlacedComponents": 4, "header": "Knowledge Unlocked:", "goals": [{"title": "The thread delivered at least enough packages.", "icon": "thread.png", "status": "success", "actual": 2, "target": 1, "comparison": "gt", "component": {"id": "L_cantaloupe_1001", "type": "thread", "spec": "", "color": 2}, "triggeredFailure": false}, {"title": "The thread delivered at least enough packages.", "icon": "thread.png", "status": "success", "actual": 2, "target": 1, "comparison": "gt", "component": {"id": "L_cantaloupe_1002", "type": "thread", "spec": "", "color": 1}, "triggeredFailure": false}, {"title": "The delivery point received at least enough packages.", "icon": "delivery.png", "status": "success", "actual": 2, "target": 1, "comparison": "gt", "component": {"id": "L_cantaloupe_3001", "type": "delivery", "spec": "unlimCondition", "color": 0}, "triggeredFailure": false}, {"title": "The delivery point received at least enough packages.", "icon": "delivery.png", "status": "success", "actual": 2, "target": 1, "comparison": "gt", "component": {"id": "L_cantaloupe_3002", "type": "delivery", "spec": "unlimCondition", "color": 0}, "triggeredFailure": false}], "reflections": []}, "category": "SYSTEM", "created": 1620745274285, "id": "16d255d1-e6d6-493a-9409-fab16ac053f8"}, {"type": "FINISH_SIMULATION", "current": 160, "total": 161, "category": "DEFAULT", "created": 1620745291895, "id": "046514fe-2386-445e-bddd-fac3628845db"}, {"type": "BOARD_SNAPSHOT", "board": {"map": [[{"id": "L_cantaloupe_000000", "layout": null, "coords": [0, 0]}, {"id": "L_cantaloupe_000001", "layout": null, "coords": [0, 1]}, {"id": "L_cantaloupe_000002", "layout": null, "coords": [0, 2]}, {"id": "L_cantaloupe_000003", "layout": null, "coords": [0, 3]}, {"id": "L_cantaloupe_000004", "layout": null, "coords": [0, 4]}, {"id": "L_cantaloupe_000005", "layout": "C", "orientation": "n", "directions": [1], "coords": [0, 5], "color": [2], "components": []}, {"id": "L_cantaloupe_000006", "layout": "E", "orientation": "e", "directions": [1], "coords": [0, 6], "color": [2], "components": []}, {"id": "L_cantaloupe_000007", "layout": "C", "orientation": "e", "directions": [2], "coords": [0, 7], "color": [2], "components": []}], [{"id": "L_cantaloupe_001000", "layout": null, "coords": [1, 0]}, {"id": "L_cantaloupe_001001", "layout": null, "coords": [1, 1]}, {"id": "L_cantaloupe_001002", "layout": null, "coords": [1, 2]}, {"id": "L_cantaloupe_001003", "layout": null, "coords": [1, 3]}, {"id": "L_cantaloupe_001004", "layout": null, "coords": [1, 4]}, {"id": "L_cantaloupe_001005", "layout": "E", "orientation": "n", "directions": [4], "coords": [1, 5], "color": [2], "components": []}, {"id": "L_cantaloupe_001006", "layout": null, "coords": [1, 6]}, {"id": "L_cantaloupe_001007", "layout": "E", "orientation": "n", "directions": [2], "coords": [1, 7], "color": [2], "components": []}], [{"id": "L_cantaloupe_002000", "layout": null, "coords": [2, 0]}, {"id": "L_cantaloupe_002001", "layout": null, "coords": [2, 1]}, {"id": "L_cantaloupe_002002", "layout": null, "coords": [2, 2]}, {"id": "L_cantaloupe_002003", "layout": null, "coords": [2, 3]}, {"id": "L_cantaloupe_002004", "layout": null, "coords": [2, 4]}, {"id": "L_cantaloupe_002005", "layout": "G", "orientation": "n", "directions": [4], "coords": [2, 5], "color": [2], "components": []}, {"id": "L_cantaloupe_002006", "layout": "E", "orientation": "e", "directions": [3], "coords": [2, 6], "color": [2], "components": []}, {"id": "L_cantaloupe_002007", "layout": "C", "orientation": "s", "directions": [3], "coords": [2, 7], "color": [2], "components": []}], [{"id": "L_cantaloupe_003000", "layout": null, "coords": [3, 0]}, {"id": "L_cantaloupe_003001", "layout": null, "coords": [3, 1]}, {"id": "L_cantaloupe_003002", "layout": null, "coords": [3, 2]}, {"id": "L_cantaloupe_003003", "layout": null, "coords": [3, 3]}, {"id": "L_cantaloupe_003004", "layout": null, "coords": [3, 4]}, {"id": "L_cantaloupe_003005", "layout": "E", "orientation": "n", "directions": [4], "coords": [3, 5], "color": [2], "components": []}, {"id": "L_cantaloupe_003006", "layout": null, "coords": [3, 6]}, {"id": "L_cantaloupe_003007", "layout": null, "coords": [3, 7]}], [{"id": "L_cantaloupe_004000", "layout": null, "coords": [4, 0]}, {"id": "L_cantaloupe_004001", "layout": null, "coords": [4, 1]}, {"id": "L_cantaloupe_004002", "layout": "C", "orientation": "n", "directions": [1], "coords": [4, 2], "color": [2], "components": []}, {"id": "L_cantaloupe_004003", "layout": "E", "orientation": "e", "directions": [1], "coords": [4, 3], "color": [2], "components": []}, {"id": "L_cantaloupe_004004", "layout": "E", "orientation": "e", "directions": [1], "coords": [4, 4], "color": [2], "components": []}, {"id": "L_cantaloupe_004005", "layout": "G", "orientation": "w", "directions": [1, 4], "coords": [4, 5], "color": [2], "components": ["L_cantaloupe_5001"]}, {"id": "L_cantaloupe_004006", "layout": "E", "orientation": "e", "directions": [1], "coords": [4, 6], "color": [2], "components": []}, {"id": "L_cantaloupe_004007", "layout": "C", "orientation": "e", "directions": [2], "coords": [4, 7], "color": [2], "components": []}], [{"id": "L_cantaloupe_005000", "layout": null, "coords": [5, 0]}, {"id": "L_cantaloupe_005001", "layout": null, "coords": [5, 1]}, {"id": "L_cantaloupe_005002", "layout": "E", "orientation": "n", "directions": [4], "coords": [5, 2], "color": [2], "components": []}, {"id": "L_cantaloupe_005003", "layout": null, "coords": [5, 3]}, {"id": "L_cantaloupe_005004", "layout": null, "coords": [5, 4]}, {"id": "L_cantaloupe_005005", "layout": null, "coords": [5, 5]}, {"id": "L_cantaloupe_005006", "layout": null, "coords": [5, 6]}, {"id": "L_cantaloupe_005007", "layout": "E", "orientation": "n", "directions": [2], "coords": [5, 7], "color": [2], "components": []}], [{"id": "L_cantaloupe_006000", "layout": "C", "orientation": "n", "directions": [2], "coords": [6, 0], "color": [1], "components": []}, {"id": "L_cantaloupe_006001", "layout": "E", "orientation": "e", "directions": [3], "coords": [6, 1], "color": [1], "components": []}, {"id": "L_cantaloupe_006002", "layout": "O", "orientation": "e", "directions": [3, 4], "coords": [6, 2], "color": [1, 2], "components": ["L_cantaloupe_2001"]}, {"id": "L_cantaloupe_006003", "layout": "E", "orientation": "e", "directions": [3], "coords": [6, 3], "color": [1], "components": ["aaaaab"]}, {"id": "L_cantaloupe_006004", "layout": "E", "orientation": "e", "directions": [3], "coords": [6, 4], "color": [1], "components": ["L_cantaloupe_1002"]}, {"id": "L_cantaloupe_006005", "layout": "C", "orientation": "e", "directions": [3], "coords": [6, 5], "color": [1], "components": []}, {"id": "L_cantaloupe_006006", "layout": null, "coords": [6, 6]}, {"id": "L_cantaloupe_006007", "layout": "E", "orientation": "n", "directions": [2], "coords": [6, 7], "color": [2], "components": []}], [{"id": "L_cantaloupe_007000", "layout": "E", "orientation": "n", "directions": [2], "coords": [7, 0], "color": [1], "components": []}, {"id": "L_cantaloupe_007001", "layout": null, "coords": [7, 1]}, {"id": "L_cantaloupe_007002", "layout": "E", "orientation": "n", "directions": [4], "coords": [7, 2], "color": [2], "components": []}, {"id": "L_cantaloupe_007003", "layout": null, "coords": [7, 3]}, {"id": "L_cantaloupe_007004", "layout": null, "coords": [7, 4]}, {"id": "L_cantaloupe_007005", "layout": "E", "orientation": "n", "directions": [4], "coords": [7, 5], "color": [1], "components": []}, {"id": "L_cantaloupe_007006", "layout": null, "coords": [7, 6]}, {"id": "L_cantaloupe_007007", "layout": "E", "orientation": "n", "directions": [2], "coords": [7, 7], "color": [2], "components": ["L_cantaloupe_3001", "L_cantaloupe_1001"]}], [{"id": "L_cantaloupe_008000", "layout": "E", "orientation": "n", "directions": [2], "coords": [8, 0], "color": [1], "components": []}, {"id": "L_cantaloupe_008001", "layout": null, "coords": [8, 1]}, {"id": "L_cantaloupe_008002", "layout": "E", "orientation": "n", "directions": [4], "coords": [8, 2], "color": [2], "components": ["aaaaaa"]}, {"id": "L_cantaloupe_008003", "layout": null, "coords": [8, 3]}, {"id": "L_cantaloupe_008004", "layout": null, "coords": [8, 4]}, {"id": "L_cantaloupe_008005", "layout": "E", "orientation": "n", "directions": [4], "coords": [8, 5], "color": [1], "components": ["L_cantaloupe_1002"]}, {"id": "L_cantaloupe_008006", "layout": null, "coords": [8, 6]}, {"id": "L_cantaloupe_008007", "layout": "E", "orientation": "n", "directions": [2], "coords": [8, 7], "color": [2], "components": []}], [{"id": "L_cantaloupe_009000", "layout": "E", "orientation": "n", "directions": [2], "coords": [9, 0], "color": [1], "components": []}, {"id": "L_cantaloupe_009001", "layout": null, "coords": [9, 1]}, {"id": "L_cantaloupe_009002", "layout": "C", "orientation": "w", "directions": [4], "coords": [9, 2], "color": [2], "components": []}, {"id": "L_cantaloupe_009003", "layout": "E", "orientation": "e", "directions": [3], "coords": [9, 3], "color": [2], "components": []}, {"id": "L_cantaloupe_009004", "layout": "E", "orientation": "e", "directions": [3], "coords": [9, 4], "color": [2], "components": ["L_cantaloupe_1001"]}, {"id": "L_cantaloupe_009005", "layout": "O", "orientation": "e", "directions": [3, 4], "coords": [9, 5], "color": [1, 2], "components": []}, {"id": "L_cantaloupe_009006", "layout": "E", "orientation": "e", "directions": [3], "coords": [9, 6], "color": [2], "components": []}, {"id": "L_cantaloupe_009007", "layout": "C", "orientation": "s", "directions": [3], "coords": [9, 7], "color": [2], "components": ["aaaaac"]}], [{"id": "L_cantaloupe_010000", "layout": "E", "orientation": "n", "directions": [2], "coords": [10, 0], "color": [1], "components": []}, {"id": "L_cantaloupe_010001", "layout": null, "coords": [10, 1]}, {"id": "L_cantaloupe_010002", "layout": null, "coords": [10, 2]}, {"id": "L_cantaloupe_010003", "layout": null, "coords": [10, 3]}, {"id": "L_cantaloupe_010004", "layout": null, "coords": [10, 4]}, {"id": "L_cantaloupe_010005", "layout": "E", "orientation": "n", "directions": [4], "coords": [10, 5], "color": [1], "components": []}, {"id": "L_cantaloupe_010006", "layout": null, "coords": [10, 6]}, {"id": "L_cantaloupe_010007", "layout": null, "coords": [10, 7]}], [{"id": "L_cantaloupe_011000", "layout": "C", "orientation": "w", "directions": [1], "coords": [11, 0], "color": [1], "components": []}, {"id": "L_cantaloupe_011001", "layout": "E", "orientation": "e", "directions": [1], "coords": [11, 1], "color": [1], "components": []}, {"id": "L_cantaloupe_011002", "layout": "G", "orientation": "e", "directions": [1, 2], "coords": [11, 2], "color": [1], "components": ["L_cantaloupe_5002"]}, {"id": "L_cantaloupe_011003", "layout": "E", "orientation": "e", "directions": [1], "coords": [11, 3], "color": [1], "components": ["L_cantaloupe_3002"]}, {"id": "L_cantaloupe_011004", "layout": "E", "orientation": "e", "directions": [1], "coords": [11, 4], "color": [1], "components": ["aaaaaf"]}, {"id": "L_cantaloupe_011005", "layout": "C", "orientation": "s", "directions": [4], "coords": [11, 5], "color": [1], "components": []}, {"id": "L_cantaloupe_011006", "layout": null, "coords": [11, 6]}, {"id": "L_cantaloupe_011007", "layout": null, "coords": [11, 7]}], [{"id": "L_cantaloupe_012000", "layout": null, "coords": [12, 0]}, {"id": "L_cantaloupe_012001", "layout": null, "coords": [12, 1]}, {"id": "L_cantaloupe_012002", "layout": "E", "orientation": "n", "directions": [2], "coords": [12, 2], "color": [1], "components": []}, {"id": "L_cantaloupe_012003", "layout": null, "coords": [12, 3]}, {"id": "L_cantaloupe_012004", "layout": null, "coords": [12, 4]}, {"id": "L_cantaloupe_012005", "layout": null, "coords": [12, 5]}, {"id": "L_cantaloupe_012006", "layout": null, "coords": [12, 6]}, {"id": "L_cantaloupe_012007", "layout": null, "coords": [12, 7]}], [{"id": "L_cantaloupe_013000", "layout": "C", "orientation": "n", "directions": [1], "coords": [13, 0], "color": [1], "components": []}, {"id": "L_cantaloupe_013001", "layout": "E", "orientation": "e", "directions": [1], "coords": [13, 1], "color": [1], "components": []}, {"id": "L_cantaloupe_013002", "layout": "G", "orientation": "s", "directions": [2], "coords": [13, 2], "color": [1], "components": []}, {"id": "L_cantaloupe_013003", "layout": null, "coords": [13, 3]}, {"id": "L_cantaloupe_013004", "layout": null, "coords": [13, 4]}, {"id": "L_cantaloupe_013005", "layout": null, "coords": [13, 5]}, {"id": "L_cantaloupe_013006", "layout": null, "coords": [13, 6]}, {"id": "L_cantaloupe_013007", "layout": null, "coords": [13, 7]}], [{"id": "L_cantaloupe_014000", "layout": "E", "orientation": "n", "directions": [4], "coords": [14, 0], "color": [1], "components": []}, {"id": "L_cantaloupe_014001", "layout": null, "coords": [14, 1]}, {"id": "L_cantaloupe_014002", "layout": "E", "orientation": "n", "directions": [2], "coords": [14, 2], "color": [1], "components": []}, {"id": "L_cantaloupe_014003", "layout": null, "coords": [14, 3]}, {"id": "L_cantaloupe_014004", "layout": null, "coords": [14, 4]}, {"id": "L_cantaloupe_014005", "layout": null, "coords": [14, 5]}, {"id": "L_cantaloupe_014006", "layout": null, "coords": [14, 6]}, {"id": "L_cantaloupe_014007", "layout": null, "coords": [14, 7]}], [{"id": "L_cantaloupe_015000", "layout": "C", "orientation": "w", "directions": [4], "coords": [15, 0], "color": [1], "components": []}, {"id": "L_cantaloupe_015001", "layout": "E", "orientation": "e", "directions": [3], "coords": [15, 1], "color": [1], "components": []}, {"id": "L_cantaloupe_015002", "layout": "C", "orientation": "s", "directions": [3], "coords": [15, 2], "color": [1], "components": []}, {"id": "L_cantaloupe_015003", "layout": null, "coords": [15, 3]}, {"id": "L_cantaloupe_015004", "layout": null, "coords": [15, 4]}, {"id": "L_cantaloupe_015005", "layout": null, "coords": [15, 5]}, {"id": "L_cantaloupe_015006", "layout": null, "coords": [15, 6]}, {"id": "L_cantaloupe_015007", "layout": null, "coords": [15, 7]}]], "components": {"L_cantaloupe_5001": {"cell": [4, 5], "color": 0, "id": "L_cantaloupe_5001", "locked": true, "passed": 1, "spec": "", "type": "conditional", "userPlaced": false, "directionCondition": 3, "directionDefault": 3, "directionsColors": [[], [], [], []], "directionsTypes": [["unlimCondition"], [], [], ["emptyPayload"]]}, "L_cantaloupe_5002": {"cell": [11, 2], "color": 0, "id": "L_cantaloupe_5002", "locked": true, "passed": 1, "spec": "", "type": "conditional", "userPlaced": false, "directionCondition": 3, "directionDefault": 3, "directionsColors": [[], [], [], []], "directionsTypes": [["unlimCondition"], ["emptyPayload"], [], []]}, "L_cantaloupe_3001": {"cell": [7, 7], "color": 0, "delivered": 2, "id": "L_cantaloupe_3001", "locked": true, "passed": 2, "spec": "unlimCondition", "type": "delivery", "userPlaced": false, "acceptedTypes": ["unlimCondition"], "acceptedColors": []}, "L_cantaloupe_3002": {"cell": [11, 3], "color": 0, "delivered": 2, "id": "L_cantaloupe_3002", "locked": true, "passed": 2, "spec": "unlimCondition", "type": "delivery", "userPlaced": false, "acceptedTypes": ["unlimCondition"], "acceptedColors": []}, "L_cantaloupe_2001": {"cell": [6, 2], "color": 1, "id": "L_cantaloupe_2001", "locked": true, "passed": 4, "picked": 4, "spec": "unlimCondition", "type": "pickup", "userPlaced": false}, "aaaaaa": {"cell": [8, 2], "id": "aaaaaa", "passed": 1, "spec": "inactive", "type": "semaphore", "userPlaced": true}, "aaaaab": {"cell": [6, 3], "id": "aaaaab", "passed": 1, "spec": "inactive", "type": "semaphore", "userPlaced": true}, "aaaaac": {"cell": [9, 7], "id": "aaaaac", "spec": "inactive", "type": "signal", "userPlaced": true, "link": "aaaaab"}, "L_cantaloupe_1002": {"capacity": -1, "cell": [6, 4], "color": 1, "delivered": 2, "direction": 3, "id": "L_cantaloupe_1002", "locked": true, "passed": 0, "spec": "", "type": "thread", "userPlaced": false}, "L_cantaloupe_1001": {"capacity": -1, "cell": [7, 7], "color": 2, "delivered": 2, "direction": 2, "id": "L_cantaloupe_1001", "locked": true, "passed": 0, "spec": "", "type": "thread", "userPlaced": false}, "aaaaaf": {"cell": [11, 4], "id": "aaaaaf", "spec": "inactive", "type": "signal", "userPlaced": true, "link": "aaaaaa"}}}, "category": "DEFAULT", "created": 1620745291914, "id": "3405431b-fcf0-413e-b013-acb848f6aca0"}, {"type": "BEGIN_SIMULATION", "current": -1, "total": 161, "category": "DEFAULT", "created": 1620745294933, "id": "baef1fb0-d0db-4cb3-a40d-4931792c1d04"}, {"type": "SET_REFLECTION_CONTENT", "content": {"status": "success", "title": "Successful Solution", "titleIcon": "success.png", "subtitle": "Good job!", "description": "You met the level goal!", "simType": "SUBMIT", "numUserPlacedComponents": 4, "header": "Knowledge Unlocked:", "goals": [{"title": "The thread delivered at least enough packages.", "icon": "thread.png", "status": "success", "actual": 2, "target": 1, "comparison": "gt", "component": {"id": "L_cantaloupe_1001", "type": "thread", "spec": "", "color": 2}, "triggeredFailure": false}, {"title": "The thread delivered at least enough packages.", "icon": "thread.png", "status": "success", "actual": 2, "target": 1, "comparison": "gt", "component": {"id": "L_cantaloupe_1002", "type": "thread", "spec": "", "color": 1}, "triggeredFailure": false}, {"title": "The delivery point received at least enough packages.", "icon": "delivery.png", "status": "success", "actual": 2, "target": 1, "comparison": "gt", "component": {"id": "L_cantaloupe_3001", "type": "delivery", "spec": "unlimCondition", "color": 0}, "triggeredFailure": false}, {"title": "The delivery point received at least enough packages.", "icon": "delivery.png", "status": "success", "actual": 2, "target": 1, "comparison": "gt", "component": {"id": "L_cantaloupe_3002", "type": "delivery", "spec": "unlimCondition", "color": 0}, "triggeredFailure": false}], "reflections": []}, "category": "SYSTEM", "created": 1620745300349, "id": "0095a170-3820-40e0-a434-6ad8caaa4b1e"}, {"type": "FINISH_SIMULATION", "current": 160, "total": 161, "category": "DEFAULT", "created": 1620745317829, "id": "d92ab15d-b24b-4f15-bf6b-4ff57c9da4bf"}, {"type": "BOARD_SNAPSHOT", "board": {"map": [[{"id": "L_cantaloupe_000000", "layout": null, "coords": [0, 0]}, {"id": "L_cantaloupe_000001", "layout": null, "coords": [0, 1]}, {"id": "L_cantaloupe_000002", "layout": null, "coords": [0, 2]}, {"id": "L_cantaloupe_000003", "layout": null, "coords": [0, 3]}, {"id": "L_cantaloupe_000004", "layout": null, "coords": [0, 4]}, {"id": "L_cantaloupe_000005", "layout": "C", "orientation": "n", "directions": [1], "coords": [0, 5], "color": [2], "components": []}, {"id": "L_cantaloupe_000006", "layout": "E", "orientation": "e", "directions": [1], "coords": [0, 6], "color": [2], "components": []}, {"id": "L_cantaloupe_000007", "layout": "C", "orientation": "e", "directions": [2], "coords": [0, 7], "color": [2], "components": []}], [{"id": "L_cantaloupe_001000", "layout": null, "coords": [1, 0]}, {"id": "L_cantaloupe_001001", "layout": null, "coords": [1, 1]}, {"id": "L_cantaloupe_001002", "layout": null, "coords": [1, 2]}, {"id": "L_cantaloupe_001003", "layout": null, "coords": [1, 3]}, {"id": "L_cantaloupe_001004", "layout": null, "coords": [1, 4]}, {"id": "L_cantaloupe_001005", "layout": "E", "orientation": "n", "directions": [4], "coords": [1, 5], "color": [2], "components": []}, {"id": "L_cantaloupe_001006", "layout": null, "coords": [1, 6]}, {"id": "L_cantaloupe_001007", "layout": "E", "orientation": "n", "directions": [2], "coords": [1, 7], "color": [2], "components": []}], [{"id": "L_cantaloupe_002000", "layout": null, "coords": [2, 0]}, {"id": "L_cantaloupe_002001", "layout": null, "coords": [2, 1]}, {"id": "L_cantaloupe_002002", "layout": null, "coords": [2, 2]}, {"id": "L_cantaloupe_002003", "layout": null, "coords": [2, 3]}, {"id": "L_cantaloupe_002004", "layout": null, "coords": [2, 4]}, {"id": "L_cantaloupe_002005", "layout": "G", "orientation": "n", "directions": [4], "coords": [2, 5], "color": [2], "components": []}, {"id": "L_cantaloupe_002006", "layout": "E", "orientation": "e", "directions": [3], "coords": [2, 6], "color": [2], "components": []}, {"id": "L_cantaloupe_002007", "layout": "C", "orientation": "s", "directions": [3], "coords": [2, 7], "color": [2], "components": []}], [{"id": "L_cantaloupe_003000", "layout": null, "coords": [3, 0]}, {"id": "L_cantaloupe_003001", "layout": null, "coords": [3, 1]}, {"id": "L_cantaloupe_003002", "layout": null, "coords": [3, 2]}, {"id": "L_cantaloupe_003003", "layout": null, "coords": [3, 3]}, {"id": "L_cantaloupe_003004", "layout": null, "coords": [3, 4]}, {"id": "L_cantaloupe_003005", "layout": "E", "orientation": "n", "directions": [4], "coords": [3, 5], "color": [2], "components": []}, {"id": "L_cantaloupe_003006", "layout": null, "coords": [3, 6]}, {"id": "L_cantaloupe_003007", "layout": null, "coords": [3, 7]}], [{"id": "L_cantaloupe_004000", "layout": null, "coords": [4, 0]}, {"id": "L_cantaloupe_004001", "layout": null, "coords": [4, 1]}, {"id": "L_cantaloupe_004002", "layout": "C", "orientation": "n", "directions": [1], "coords": [4, 2], "color": [2], "components": []}, {"id": "L_cantaloupe_004003", "layout": "E", "orientation": "e", "directions": [1], "coords": [4, 3], "color": [2], "components": []}, {"id": "L_cantaloupe_004004", "layout": "E", "orientation": "e", "directions": [1], "coords": [4, 4], "color": [2], "components": []}, {"id": "L_cantaloupe_004005", "layout": "G", "orientation": "w", "directions": [1, 4], "coords": [4, 5], "color": [2], "components": ["L_cantaloupe_5001"]}, {"id": "L_cantaloupe_004006", "layout": "E", "orientation": "e", "directions": [1], "coords": [4, 6], "color": [2], "components": []}, {"id": "L_cantaloupe_004007", "layout": "C", "orientation": "e", "directions": [2], "coords": [4, 7], "color": [2], "components": []}], [{"id": "L_cantaloupe_005000", "layout": null, "coords": [5, 0]}, {"id": "L_cantaloupe_005001", "layout": null, "coords": [5, 1]}, {"id": "L_cantaloupe_005002", "layout": "E", "orientation": "n", "directions": [4], "coords": [5, 2], "color": [2], "components": []}, {"id": "L_cantaloupe_005003", "layout": null, "coords": [5, 3]}, {"id": "L_cantaloupe_005004", "layout": null, "coords": [5, 4]}, {"id": "L_cantaloupe_005005", "layout": null, "coords": [5, 5]}, {"id": "L_cantaloupe_005006", "layout": null, "coords": [5, 6]}, {"id": "L_cantaloupe_005007", "layout": "E", "orientation": "n", "directions": [2], "coords": [5, 7], "color": [2], "components": []}], [{"id": "L_cantaloupe_006000", "layout": "C", "orientation": "n", "directions": [2], "coords": [6, 0], "color": [1], "components": []}, {"id": "L_cantaloupe_006001", "layout": "E", "orientation": "e", "directions": [3], "coords": [6, 1], "color": [1], "components": []}, {"id": "L_cantaloupe_006002", "layout": "O", "orientation": "e", "directions": [3, 4], "coords": [6, 2], "color": [1, 2], "components": ["L_cantaloupe_2001"]}, {"id": "L_cantaloupe_006003", "layout": "E", "orientation": "e", "directions": [3], "coords": [6, 3], "color": [1], "components": ["aaaaab"]}, {"id": "L_cantaloupe_006004", "layout": "E", "orientation": "e", "directions": [3], "coords": [6, 4], "color": [1], "components": ["L_cantaloupe_1002"]}, {"id": "L_cantaloupe_006005", "layout": "C", "orientation": "e", "directions": [3], "coords": [6, 5], "color": [1], "components": []}, {"id": "L_cantaloupe_006006", "layout": null, "coords": [6, 6]}, {"id": "L_cantaloupe_006007", "layout": "E", "orientation": "n", "directions": [2], "coords": [6, 7], "color": [2], "components": []}], [{"id": "L_cantaloupe_007000", "layout": "E", "orientation": "n", "directions": [2], "coords": [7, 0], "color": [1], "components": []}, {"id": "L_cantaloupe_007001", "layout": null, "coords": [7, 1]}, {"id": "L_cantaloupe_007002", "layout": "E", "orientation": "n", "directions": [4], "coords": [7, 2], "color": [2], "components": []}, {"id": "L_cantaloupe_007003", "layout": null, "coords": [7, 3]}, {"id": "L_cantaloupe_007004", "layout": null, "coords": [7, 4]}, {"id": "L_cantaloupe_007005", "layout": "E", "orientation": "n", "directions": [4], "coords": [7, 5], "color": [1], "components": []}, {"id": "L_cantaloupe_007006", "layout": null, "coords": [7, 6]}, {"id": "L_cantaloupe_007007", "layout": "E", "orientation": "n", "directions": [2], "coords": [7, 7], "color": [2], "components": ["L_cantaloupe_3001", "L_cantaloupe_1001"]}], [{"id": "L_cantaloupe_008000", "layout": "E", "orientation": "n", "directions": [2], "coords": [8, 0], "color": [1], "components": []}, {"id": "L_cantaloupe_008001", "layout": null, "coords": [8, 1]}, {"id": "L_cantaloupe_008002", "layout": "E", "orientation": "n", "directions": [4], "coords": [8, 2], "color": [2], "components": ["aaaaaa"]}, {"id": "L_cantaloupe_008003", "layout": null, "coords": [8, 3]}, {"id": "L_cantaloupe_008004", "layout": null, "coords": [8, 4]}, {"id": "L_cantaloupe_008005", "layout": "E", "orientation": "n", "directions": [4], "coords": [8, 5], "color": [1], "components": ["L_cantaloupe_1002"]}, {"id": "L_cantaloupe_008006", "layout": null, "coords": [8, 6]}, {"id": "L_cantaloupe_008007", "layout": "E", "orientation": "n", "directions": [2], "coords": [8, 7], "color": [2], "components": []}], [{"id": "L_cantaloupe_009000", "layout": "E", "orientation": "n", "directions": [2], "coords": [9, 0], "color": [1], "components": []}, {"id": "L_cantaloupe_009001", "layout": null, "coords": [9, 1]}, {"id": "L_cantaloupe_009002", "layout": "C", "orientation": "w", "directions": [4], "coords": [9, 2], "color": [2], "components": []}, {"id": "L_cantaloupe_009003", "layout": "E", "orientation": "e", "directions": [3], "coords": [9, 3], "color": [2], "components": []}, {"id": "L_cantaloupe_009004", "layout": "E", "orientation": "e", "directions": [3], "coords": [9, 4], "color": [2], "components": ["L_cantaloupe_1001"]}, {"id": "L_cantaloupe_009005", "layout": "O", "orientation": "e", "directions": [3, 4], "coords": [9, 5], "color": [1, 2], "components": []}, {"id": "L_cantaloupe_009006", "layout": "E", "orientation": "e", "directions": [3], "coords": [9, 6], "color": [2], "components": []}, {"id": "L_cantaloupe_009007", "layout": "C", "orientation": "s", "directions": [3], "coords": [9, 7], "color": [2], "components": ["aaaaac"]}], [{"id": "L_cantaloupe_010000", "layout": "E", "orientation": "n", "directions": [2], "coords": [10, 0], "color": [1], "components": []}, {"id": "L_cantaloupe_010001", "layout": null, "coords": [10, 1]}, {"id": "L_cantaloupe_010002", "layout": null, "coords": [10, 2]}, {"id": "L_cantaloupe_010003", "layout": null, "coords": [10, 3]}, {"id": "L_cantaloupe_010004", "layout": null, "coords": [10, 4]}, {"id": "L_cantaloupe_010005", "layout": "E", "orientation": "n", "directions": [4], "coords": [10, 5], "color": [1], "components": []}, {"id": "L_cantaloupe_010006", "layout": null, "coords": [10, 6]}, {"id": "L_cantaloupe_010007", "layout": null, "coords": [10, 7]}], [{"id": "L_cantaloupe_011000", "layout": "C", "orientation": "w", "directions": [1], "coords": [11, 0], "color": [1], "components": []}, {"id": "L_cantaloupe_011001", "layout": "E", "orientation": "e", "directions": [1], "coords": [11, 1], "color": [1], "components": []}, {"id": "L_cantaloupe_011002", "layout": "G", "orientation": "e", "directions": [1, 2], "coords": [11, 2], "color": [1], "components": ["L_cantaloupe_5002"]}, {"id": "L_cantaloupe_011003", "layout": "E", "orientation": "e", "directions": [1], "coords": [11, 3], "color": [1], "components": ["L_cantaloupe_3002"]}, {"id": "L_cantaloupe_011004", "layout": "E", "orientation": "e", "directions": [1], "coords": [11, 4], "color": [1], "components": ["aaaaaf"]}, {"id": "L_cantaloupe_011005", "layout": "C", "orientation": "s", "directions": [4], "coords": [11, 5], "color": [1], "components": []}, {"id": "L_cantaloupe_011006", "layout": null, "coords": [11, 6]}, {"id": "L_cantaloupe_011007", "layout": null, "coords": [11, 7]}], [{"id": "L_cantaloupe_012000", "layout": null, "coords": [12, 0]}, {"id": "L_cantaloupe_012001", "layout": null, "coords": [12, 1]}, {"id": "L_cantaloupe_012002", "layout": "E", "orientation": "n", "directions": [2], "coords": [12, 2], "color": [1], "components": []}, {"id": "L_cantaloupe_012003", "layout": null, "coords": [12, 3]}, {"id": "L_cantaloupe_012004", "layout": null, "coords": [12, 4]}, {"id": "L_cantaloupe_012005", "layout": null, "coords": [12, 5]}, {"id": "L_cantaloupe_012006", "layout": null, "coords": [12, 6]}, {"id": "L_cantaloupe_012007", "layout": null, "coords": [12, 7]}], [{"id": "L_cantaloupe_013000", "layout": "C", "orientation": "n", "directions": [1], "coords": [13, 0], "color": [1], "components": []}, {"id": "L_cantaloupe_013001", "layout": "E", "orientation": "e", "directions": [1], "coords": [13, 1], "color": [1], "components": []}, {"id": "L_cantaloupe_013002", "layout": "G", "orientation": "s", "directions": [2], "coords": [13, 2], "color": [1], "components": []}, {"id": "L_cantaloupe_013003", "layout": null, "coords": [13, 3]}, {"id": "L_cantaloupe_013004", "layout": null, "coords": [13, 4]}, {"id": "L_cantaloupe_013005", "layout": null, "coords": [13, 5]}, {"id": "L_cantaloupe_013006", "layout": null, "coords": [13, 6]}, {"id": "L_cantaloupe_013007", "layout": null, "coords": [13, 7]}], [{"id": "L_cantaloupe_014000", "layout": "E", "orientation": "n", "directions": [4], "coords": [14, 0], "color": [1], "components": []}, {"id": "L_cantaloupe_014001", "layout": null, "coords": [14, 1]}, {"id": "L_cantaloupe_014002", "layout": "E", "orientation": "n", "directions": [2], "coords": [14, 2], "color": [1], "components": []}, {"id": "L_cantaloupe_014003", "layout": null, "coords": [14, 3]}, {"id": "L_cantaloupe_014004", "layout": null, "coords": [14, 4]}, {"id": "L_cantaloupe_014005", "layout": null, "coords": [14, 5]}, {"id": "L_cantaloupe_014006", "layout": null, "coords": [14, 6]}, {"id": "L_cantaloupe_014007", "layout": null, "coords": [14, 7]}], [{"id": "L_cantaloupe_015000", "layout": "C", "orientation": "w", "directions": [4], "coords": [15, 0], "color": [1], "components": []}, {"id": "L_cantaloupe_015001", "layout": "E", "orientation": "e", "directions": [3], "coords": [15, 1], "color": [1], "components": []}, {"id": "L_cantaloupe_015002", "layout": "C", "orientation": "s", "directions": [3], "coords": [15, 2], "color": [1], "components": []}, {"id": "L_cantaloupe_015003", "layout": null, "coords": [15, 3]}, {"id": "L_cantaloupe_015004", "layout": null, "coords": [15, 4]}, {"id": "L_cantaloupe_015005", "layout": null, "coords": [15, 5]}, {"id": "L_cantaloupe_015006", "layout": null, "coords": [15, 6]}, {"id": "L_cantaloupe_015007", "layout": null, "coords": [15, 7]}]], "components": {"L_cantaloupe_5001": {"cell": [4, 5], "color": 0, "id": "L_cantaloupe_5001", "locked": true, "passed": 1, "spec": "", "type": "conditional", "userPlaced": false, "directionCondition": 3, "directionDefault": 3, "directionsColors": [[], [], [], []], "directionsTypes": [["unlimCondition"], [], [], ["emptyPayload"]]}, "L_cantaloupe_5002": {"cell": [11, 2], "color": 0, "id": "L_cantaloupe_5002", "locked": true, "passed": 1, "spec": "", "type": "conditional", "userPlaced": false, "directionCondition": 3, "directionDefault": 3, "directionsColors": [[], [], [], []], "directionsTypes": [["unlimCondition"], ["emptyPayload"], [], []]}, "L_cantaloupe_3001": {"cell": [7, 7], "color": 0, "delivered": 2, "id": "L_cantaloupe_3001", "locked": true, "passed": 2, "spec": "unlimCondition", "type": "delivery", "userPlaced": false, "acceptedTypes": ["unlimCondition"], "acceptedColors": []}, "L_cantaloupe_3002": {"cell": [11, 3], "color": 0, "delivered": 2, "id": "L_cantaloupe_3002", "locked": true, "passed": 2, "spec": "unlimCondition", "type": "delivery", "userPlaced": false, "acceptedTypes": ["unlimCondition"], "acceptedColors": []}, "L_cantaloupe_2001": {"cell": [6, 2], "color": 1, "id": "L_cantaloupe_2001", "locked": true, "passed": 4, "picked": 4, "spec": "unlimCondition", "type": "pickup", "userPlaced": false}, "aaaaaa": {"cell": [8, 2], "id": "aaaaaa", "passed": 1, "spec": "inactive", "type": "semaphore", "userPlaced": true}, "aaaaab": {"cell": [6, 3], "id": "aaaaab", "passed": 1, "spec": "inactive", "type": "semaphore", "userPlaced": true}, "aaaaac": {"cell": [9, 7], "id": "aaaaac", "spec": "inactive", "type": "signal", "userPlaced": true, "link": "aaaaab"}, "L_cantaloupe_1002": {"capacity": -1, "cell": [6, 4], "color": 1, "delivered": 2, "direction": 3, "id": "L_cantaloupe_1002", "locked": true, "passed": 0, "spec": "", "type": "thread", "userPlaced": false}, "L_cantaloupe_1001": {"capacity": -1, "cell": [7, 7], "color": 2, "delivered": 2, "direction": 2, "id": "L_cantaloupe_1001", "locked": true, "passed": 0, "spec": "", "type": "thread", "userPlaced": false}, "aaaaaf": {"cell": [11, 4], "id": "aaaaaf", "spec": "inactive", "type": "signal", "userPlaced": true, "link": "aaaaaa"}}}, "category": "DEFAULT", "created": 1620745317848, "id": "226c20ac-5a14-4d99-9fe1-9d2dabab9e5c"}, {"type": "SHOW_MESSAGE", "message": "Uploading log data...", "category": "DEFAULT", "created": 1620745320424, "id": "54b019ee-b495-4fec-9469-a26c243556f3"}], "metadata": {"platform": "5.0 (Windows NT 10.0; Win64; x64) AppleWebKit/537.36 (KHTML, like Gecko) Chrome/90.0.4430.93 Safari/537.36", "playerId": "e635e5f9-629c-4909-8b53-df331383d7ea"}}