{"level_info": "Parallel Data Visualization V2", "num_patterns": 1, "num_users": 1, "nodes": [{"id": 0, "parent_sequence": [], "type": "start", "details": {"event_type": "Start"}, "stat": {}, "user_ids": ["8"]}, {"id": 1, "parent_sequence": [], "type": "end", "details": {"event_type": "End"}, "stat": {}, "user_ids": ["8"]}, {"id": 2, "parent_sequence": [], "type": "mid", "details": {"event_type": "{'nextAction': 'Stop Failed Test'}", "abstraction": {"states": {"A": [], "B": [], "C": [], "D": [], "E": [], "F": [], "G": [], "H": [], "I": [], "J": [], "K": [], "intersection": [], "default": []}, "elements": {}, "links": []}, "nextAction": "Stop Failed Test"}, "stat": {}, "user_ids": ["8"]}, {"id": 3, "parent_sequence": [], "type": "mid", "details": {"event_type": "{'B': ['sem1'], 'nextAction': 'Place semaphore on J:[12,2]'}", "abstraction": {"states": {"A": [], "B": ["sem1"], "C": [], "D": [], "E": [], "F": [], "G": [], "H": [], "I": [], "J": [], "K": [], "intersection": [], "default": []}, "elements": {"sem1": {"area": "B", "order": 1, "status": "inactive"}}, "links": []}, "nextAction": "Place semaphore on J:[12,2]"}, "stat": {}, "user_ids": ["8"]}, {"id": 4, "parent_sequence": [], "type": "mid", "details": {"event_type": "{'B': ['sem1'], 'J': ['sem2'], 'nextAction': 'Stop Failed Test'}", "abstraction": {"states": {"A": [], "B": ["sem1"], "C": [], "D": [], "E": [], "F": [], "G": [], "H": [], "I": [], "J": ["sem2"], "K": [], "intersection": [], "default": []}, "elements": {"sem1": {"area": "B", "order": 1, "status": "inactive"}, "sem2": {"area": "J", "order": 1, "status": "inactive"}}, "links": []}, "nextAction": "Stop Failed Test"}, "stat": {}, "user_ids": ["8"]}, {"id": 5, "parent_sequence": [], "type": "mid", "details": {"event_type": "{'B': ['sem1'], 'I': ['sem3'], 'J': ['sem2'], 'nextAction': 'Place semaphore on H:[9,7]'}", "abstraction": {"states": {"A": [], "B": ["sem1"], "C": [], "D": [], "E": [], "F": [], "G": [], "H": [], "I": ["sem3"], "J": ["sem2"], "K": [], "intersection": [], "default": []}, "elements": {"sem1": {"area": "B", "order": 1, "status": "inactive"}, "sem3": {"area": "I", "order": 1, "status": "inactive"}, "sem2": {"area": "J", "order": 1, "status": "inactive"}}, "links": []}, "nextAction": "Place semaphore on H:[9,7]"}, "stat": {}, "user_ids": ["8"]}, {"id": 6, "parent_sequence": [], "type": "mid", "details": {"event_type": "{'B': ['sem1'], 'H': ['sem4'], 'I': ['sem3'], 'J': ['sem2'], 'nextAction': 'Place signal on C:[4,2]'}", "abstraction": {"states": {"A": [], "B": ["sem1"], "C": [], "D": [], "E": [], "F": [], "G": [], "H": ["sem4"], "I": ["sem3"], "J": ["sem2"], "K": [], "intersection": [], "default": []}, "elements": {"sem1": {"area": "B", "order": 1, "status": "inactive"}, "sem4": {"area": "H", "order": 1, "status": "inactive"}, "sem3": {"area": "I", "order": 1, "status": "inactive"}, "sem2": {"area": "J", "order": 1, "status": "inactive"}}, "links": []}, "nextAction": "Place signal on C:[4,2]"}, "stat": {}, "user_ids": ["8"]}, {"id": 7, "parent_sequence": [], "type": "mid", "details": {"event_type": "{'B': ['sem1'], 'C': ['sig1'], 'H': ['sem4'], 'I': ['sem3'], 'J': ['sem2'], 'nextAction': 'Move semaphore from I:[11,4] to I:[11,4]'}", "abstraction": {"states": {"A": [], "B": ["sem1"], "C": ["sig1"], "D": [], "E": [], "F": [], "G": [], "H": ["sem4"], "I": ["sem3"], "J": ["sem2"], "K": [], "intersection": [], "default": []}, "elements": {"sem1": {"area": "B", "order": 1, "status": "inactive"}, "sig1": {"area": "C", "order": 1, "status": "inactive"}, "sem4": {"area": "H", "order": 1, "status": "inactive"}, "sem3": {"area": "I", "order": 1, "status": "inactive"}, "sem2": {"area": "J", "order": 1, "status": "inactive"}}, "links": []}, "nextAction": "Move semaphore from I:[11,4] to I:[11,4]"}, "stat": {}, "user_ids": ["8"]}, {"id": 8, "parent_sequence": [], "type": "mid", "details": {"event_type": "{'B': ['sem1'], 'C': ['sig1'], 'H': ['sem4'], 'I': ['sem3'], 'J': ['sem2'], 'nextAction': 'Move semaphore from H:[9,7] to H:[9,7]'}", "abstraction": {"states": {"A": [], "B": ["sem1"], "C": ["sig1"], "D": [], "E": [], "F": [], "G": [], "H": ["sem4"], "I": ["sem3"], "J": ["sem2"], "K": [], "intersection": [], "default": []}, "elements": {"sem1": {"area": "B", "order": 1, "status": "inactive"}, "sig1": {"area": "C", "order": 1, "status": "inactive"}, "sem4": {"area": "H", "order": 1, "status": "inactive"}, "sem3": {"area": "I", "order": 1, "status": "active"}, "sem2": {"area": "J", "order": 1, "status": "inactive"}}, "links": []}, "nextAction": "Move semaphore from H:[9,7] to H:[9,7]"}, "stat": {}, "user_ids": ["8"]}, {"id": 9, "parent_sequence": [], "type": "mid", "details": {"event_type": "{'B': ['sem1'], 'C': ['sig1'], 'H': ['sem4'], 'I': ['sem3'], 'J': ['sem2'], 'nextAction': 'Place signal on E:[6,1]'}", "abstraction": {"states": {"A": [], "B": ["sem1"], "C": ["sig1"], "D": [], "E": [], "F": [], "G": [], "H": ["sem4"], "I": ["sem3"], "J": ["sem2"], "K": [], "intersection": [], "default": []}, "elements": {"sem1": {"area": "B", "order": 1, "status": "inactive"}, "sig1": {"area": "C", "order": 1, "status": "inactive"}, "sem4": {"area": "H", "order": 1, "status": "active"}, "sem3": {"area": "I", "order": 1, "status": "active"}, "sem2": {"area": "J", "order": 1, "status": "inactive"}}, "links": []}, "nextAction": "Place signal on E:[6,1]"}, "stat": {}, "user_ids": ["8"]}, {"id": 10, "parent_sequence": [], "type": "mid", "details": {"event_type": "{'B': ['sem1'], 'C': ['sig1'], 'E': ['sig2'], 'H': ['sem4'], 'I': ['sem3'], 'J': ['sem2'], 'nextAction': 'Link E:[6,1] and H:[9,7]'}", "abstraction": {"states": {"A": [], "B": ["sem1"], "C": ["sig1"], "D": [], "E": ["sig2"], "F": [], "G": [], "H": ["sem4"], "I": ["sem3"], "J": ["sem2"], "K": [], "intersection": [], "default": []}, "elements": {"sem1": {"area": "B", "order": 1, "status": "inactive"}, "sig1": {"area": "C", "order": 1, "status": "inactive"}, "sig2": {"area": "E", "order": 1, "status": "inactive"}, "sem4": {"area": "H", "order": 1, "status": "active"}, "sem3": {"area": "I", "order": 1, "status": "active"}, "sem2": {"area": "J", "order": 1, "status": "inactive"}}, "links": []}, "nextAction": "Link E:[6,1] and H:[9,7]"}, "stat": {}, "user_ids": ["8"]}, {"id": 11, "parent_sequence": [], "type": "mid", "details": {"event_type": "{'B': ['sem1'], 'C': ['sig1'], 'E': ['sig2'], 'H': ['sem4'], 'I': ['sem3'], 'J': ['sem2'], 'nextAction': 'Link C:[4,2] and I:[11,4]'}", "abstraction": {"states": {"A": [], "B": ["sem1"], "C": ["sig1"], "D": [], "E": ["sig2"], "F": [], "G": [], "H": ["sem4"], "I": ["sem3"], "J": ["sem2"], "K": [], "intersection": [], "default": []}, "elements": {"sem1": {"area": "B", "order": 1, "status": "inactive"}, "sig1": {"area": "C", "order": 1, "status": "inactive"}, "sig2": {"area": "E", "order": 1, "status": "inactive"}, "sem4": {"area": "H", "order": 1, "status": "active"}, "sem3": {"area": "I", "order": 1, "status": "active"}, "sem2": {"area": "J", "order": 1, "status": "inactive"}}, "links": [[["E", 1], ["H", 1]]]}, "nextAction": "Link C:[4,2] and I:[11,4]"}, "stat": {}, "user_ids": ["8"]}, {"id": 12, "parent_sequence": [], "type": "mid", "details": {"event_type": "{'B': ['sem1'], 'C': ['sig1'], 'E': ['sig2'], 'H': ['sem4'], 'I': ['sem3'], 'J': ['sem2'], 'nextAction': 'Stop Failed Test'}", "abstraction": {"states": {"A": [], "B": ["sem1"], "C": ["sig1"], "D": [], "E": ["sig2"], "F": [], "G": [], "H": ["sem4"], "I": ["sem3"], "J": ["sem2"], "K": [], "intersection": [], "default": []}, "elements": {"sem1": {"area": "B", "order": 1, "status": "inactive"}, "sig1": {"area": "C", "order": 1, "status": "inactive"}, "sig2": {"area": "E", "order": 1, "status": "inactive"}, "sem4": {"area": "H", "order": 1, "status": "active"}, "sem3": {"area": "I", "order": 1, "status": "active"}, "sem2": {"area": "J", "order": 1, "status": "inactive"}}, "links": [[["E", 1], ["H", 1]], [["C", 1], ["I", 1]]]}, "nextAction": "Stop Failed Test"}, "stat": {}, "user_ids": ["8"]}, {"id": 13, "parent_sequence": [], "type": "mid", "details": {"event_type": "{'B': ['sem1'], 'C': ['sig1'], 'E': ['sig2'], 'F': ['sem5'], 'H': ['sem4'], 'I': ['sem3'], 'J': ['sem2'], 'nextAction': 'Move semaphore from H:[9,7] to H:[9,6]'}", "abstraction": {"states": {"A": [], "B": ["sem1"], "C": ["sig1"], "D": [], "E": ["sig2"], "F": ["sem5"], "G": [], "H": ["sem4"], "I": ["sem3"], "J": ["sem2"], "K": [], "intersection": [], "default": []}, "elements": {"sem1": {"area": "B", "order": 1, "status": "inactive"}, "sig1": {"area": "C", "order": 1, "status": "inactive"}, "sig2": {"area": "E", "order": 1, "status": "inactive"}, "sem5": {"area": "F", "order": 1, "status": "inactive"}, "sem4": {"area": "H", "order": 1, "status": "active"}, "sem3": {"area": "I", "order": 1, "status": "active"}, "sem2": {"area": "J", "order": 1, "status": "inactive"}}, "links": [[["E", 1], ["H", 1]], [["C", 1], ["I", 1]]]}, "nextAction": "Move semaphore from H:[9,7] to H:[9,6]"}, "stat": {}, "user_ids": ["8"]}, {"id": 14, "parent_sequence": [], "type": "mid", "details": {"event_type": "{'B': ['sem1'], 'C': ['sig1'], 'E': ['sig2'], 'F': ['sem5'], 'H': ['sem4', 'sig3'], 'I': ['sem3'], 'J': ['sem2'], 'nextAction': 'Link H:[9,7] and F:[7,5]'}", "abstraction": {"states": {"A": [], "B": ["sem1"], "C": ["sig1"], "D": [], "E": ["sig2"], "F": ["sem5"], "G": [], "H": ["sem4", "sig3"], "I": ["sem3"], "J": ["sem2"], "K": [], "intersection": [], "default": []}, "elements": {"sem1": {"area": "B", "order": 1, "status": "inactive"}, "sig1": {"area": "C", "order": 1, "status": "inactive"}, "sig2": {"area": "E", "order": 1, "status": "inactive"}, "sem5": {"area": "F", "order": 1, "status": "inactive"}, "sem4": {"area": "H", "order": 1, "status": "inactive"}, "sig3": {"area": "H", "order": 1, "status": "inactive"}, "sem3": {"area": "I", "order": 1, "status": "active"}, "sem2": {"area": "J", "order": 1, "status": "inactive"}}, "links": [[["E", 1], ["H", 1]], [["C", 1], ["I", 1]]]}, "nextAction": "Link H:[9,7] and F:[7,5]"}, "stat": {}, "user_ids": ["8"]}, {"id": 15, "parent_sequence": [], "type": "mid", "details": {"event_type": "{'B': ['sem1'], 'C': ['sig1'], 'E': ['sig2'], 'F': ['sem5'], 'H': ['sem4', 'sig3'], 'I': ['sem3'], 'J': ['sem2'], 'nextAction': 'Test Failed'}", "abstraction": {"states": {"A": [], "B": ["sem1"], "C": ["sig1"], "D": [], "E": ["sig2"], "F": ["sem5"], "G": [], "H": ["sem4", "sig3"], "I": ["sem3"], "J": ["sem2"], "K": [], "intersection": [], "default": []}, "elements": {"sem1": {"area": "B", "order": 1, "status": "inactive"}, "sig1": {"area": "C", "order": 1, "status": "inactive"}, "sig2": {"area": "E", "order": 1, "status": "inactive"}, "sem5": {"area": "F", "order": 1, "status": "inactive"}, "sem4": {"area": "H", "order": 1, "status": "inactive"}, "sig3": {"area": "H", "order": 1, "status": "inactive"}, "sem3": {"area": "I", "order": 1, "status": "active"}, "sem2": {"area": "J", "order": 1, "status": "inactive"}}, "links": [[["E", 1], ["H", 1]], [["C", 1], ["I", 1]], [["H", 1], ["F", 1]]]}, "nextAction": "Test Failed"}, "stat": {}, "user_ids": ["8"]}], "links": [{"id": "0_2", "source": 0, "target": 2, "user_ids": ["8"], "details": {"event_type": "0_2"}}, {"id": "2_2", "source": 2, "target": 2, "user_ids": ["8"], "details": {"event_type": "2_2"}}, {"id": "2_3", "source": 2, "target": 3, "user_ids": ["8"], "details": {"event_type": "2_3"}}, {"id": "3_4", "source": 3, "target": 4, "user_ids": ["8"], "details": {"event_type": "3_4"}}, {"id": "4_4", "source": 4, "target": 4, "user_ids": ["8"], "details": {"event_type": "4_4"}}, {"id": "4_5", "source": 4, "target": 5, "user_ids": ["8"], "details": {"event_type": "4_5"}}, {"id": "5_6", "source": 5, "target": 6, "user_ids": ["8"], "details": {"event_type": "5_6"}}, {"id": "6_7", "source": 6, "target": 7, "user_ids": ["8"], "details": {"event_type": "6_7"}}, {"id": "7_7", "source": 7, "target": 7, "user_ids": ["8"], "details": {"event_type": "7_7"}}, {"id": "7_8", "source": 7, "target": 8, "user_ids": ["8"], "details": {"event_type": "7_8"}}, {"id": "8_8", "source": 8, "target": 8, "user_ids": ["8"], "details": {"event_type": "8_8"}}, {"id": "8_9", "source": 8, "target": 9, "user_ids": ["8"], "details": {"event_type": "8_9"}}, {"id": "9_10", "source": 9, "target": 10, "user_ids": ["8"], "details": {"event_type": "9_10"}}, {"id": "10_11", "source": 10, "target": 11, "user_ids": ["8"], "details": {"event_type": "10_11"}}, {"id": "11_12", "source": 11, "target": 12, "user_ids": ["8"], "details": {"event_type": "11_12"}}, {"id": "12_12", "source": 12, "target": 12, "user_ids": ["8"], "details": {"event_type": "12_12"}}, {"id": "12_13", "source": 12, "target": 13, "user_ids": ["8"], "details": {"event_type": "12_13"}}, {"id": "13_13", "source": 13, "target": 13, "user_ids": ["8"], "details": {"event_type": "13_13"}}, {"id": "13_14", "source": 13, "target": 14, "user_ids": ["8"], "details": {"event_type": "13_14"}}, {"id": "14_15", "source": 14, "target": 15, "user_ids": ["8"], "details": {"event_type": "14_15"}}, {"id": "15_15", "source": 15, "target": 15, "user_ids": ["8"], "details": {"event_type": "15_15"}}, {"id": "15_15", "source": 15, "target": 15, "user_ids": ["8"], "details": {"event_type": "15_15"}}, {"id": "15_15", "source": 15, "target": 15, "user_ids": ["8"], "details": {"event_type": "15_15"}}, {"id": "15_15", "source": 15, "target": 15, "user_ids": ["8"], "details": {"event_type": "15_15"}}, {"id": "15_1", "source": 15, "target": 1, "user_ids": ["8"], "details": {"event_type": "15_1"}}], "trajectories": [{"trajectory": [0, 2, 2, 3, 4, 4, 5, 6, 7, 7, 8, 8, 9, 10, 11, 12, 12, 13, 13, 14, 15, 15, 15, 15, 15, 1], "action_meaning": ["start_game", "transition", "transition", "transition", "transition", "transition", "transition", "transition", "transition", "transition", "transition", "transition", "transition", "transition", "transition", "transition", "transition", "transition", "transition", "transition", "transition", "transition", "transition", "transition", "transition", "end_game"], "user_ids": ["8"], "id": 0, "completed": true}], "traj_similarity": [], "setting": "Parallel data"}