{
  "available_levels": [
    "apple",
    "apricot",
    "pepper",
    "banana",
    "orange",
    "blueberry",
    "cantaloupe",
    "cherry",
    "clementine",
    "coconut",
    "cranberry",
    "cucumber",
    "dragonfruit",
    "eggplant",
    "fig",
    "grape",
    "guava",
    "honeydew",
    "jackfruit",
    "kiwi",
    "lemon",
    "lime",
    "mandarine",
    "mango",
    "nectarine",
    "olive",
    "papaya"
  ],
  "body": "Every new player is assigned to this activity by default. Your level progress will be stored, but your actions will not be logged or used for modeling purposes.",
  "code": "73d371",
  "created": 1616411311,
  "id": "a12dfff9-3083-4c06-9395-98146473d371",
  "title": "Default Activity"
}