{"7": {"mapAreas": {"A": [[0, 5], [0, 6], [0, 7], [1, 7], [2, 7], [2, 6], [1, 5]], "B": [[3, 5]], "C": [[4, 2], [4, 3], [4, 4], [5, 2]], "D": [[4, 6], [4, 7], [5, 7], [6, 7]], "E": [[6, 0], [6, 1], [7, 0], [8, 0], [9, 0], [10, 0], [11, 0], [11, 1]], "F": [[6, 3], [6, 4], [6, 5], [7, 5]], "G": [[7, 2], [8, 2], [9, 2], [9, 3]], "H": [[8, 7], [9, 7], [9, 6]], "I": [[10, 5], [11, 5], [11, 4]], "J": [[12, 2]], "K": [[13, 0], [13, 1], [14, 0], [15, 0], [15, 1], [15, 2], [14, 2]], "intersection": [[2, 5], [4, 5], [6, 2], [9, 5], [11, 2], [13, 2]], "default": [[9, 4], [8, 5], [6, 2], [7, 7], [11, 3], [4, 5], [11, 2]]}, "mapImageDetails": {"[0, 5]": {"image": "corner1.jpg", "layout": "C", "orientation": "n"}, "[0, 6]": {"image": "horizontal.jpg", "layout": "E", "orientation": "e"}, "[0, 7]": {"image": "corner2.jpg", "layout": "C", "orientation": "e"}, "[1, 5]": {"image": "vertical.jpg", "layout": "E", "orientation": "n"}, "[1, 7]": {"image": "vertical.jpg", "layout": "E", "orientation": "n"}, "[2, 5]": {"image": "T2.jpg", "layout": "G", "orientation": "n"}, "[2, 6]": {"image": "horizontal.jpg", "layout": "E", "orientation": "e"}, "[2, 7]": {"image": "corner3.jpg", "layout": "C", "orientation": "s"}, "[3, 5]": {"image": "vertical.jpg", "layout": "E", "orientation": "n"}, "[4, 2]": {"image": "corner1.jpg", "layout": "C", "orientation": "n"}, "[4, 3]": {"image": "horizontal.jpg", "layout": "E", "orientation": "e"}, "[4, 4]": {"image": "horizontal.jpg", "layout": "E", "orientation": "e"}, "[4, 5]": {"image": "T4.jpg", "layout": "G", "orientation": "w"}, "[4, 6]": {"image": "horizontal.jpg", "layout": "E", "orientation": "e"}, "[4, 7]": {"image": "corner2.jpg", "layout": "C", "orientation": "e"}, "[5, 2]": {"image": "vertical.jpg", "layout": "E", "orientation": "n"}, "[5, 7]": {"image": "vertical.jpg", "layout": "E", "orientation": "n"}, "[6, 0]": {"image": "corner1.jpg", "layout": "C", "orientation": "n"}, "[6, 1]": {"image": "horizontal.jpg", "layout": "E", "orientation": "e"}, "[6, 2]": {"image": "cross.jpg", "layout": "O", "orientation": "e"}, "[6, 3]": {"image": "horizontal.jpg", "layout": "E", "orientation": "e"}, "[6, 4]": {"image": "horizontal.jpg", "layout": "E", "orientation": "e"}, "[6, 5]": {"image": "corner2.jpg", "layout": "C", "orientation": "e"}, "[6, 7]": {"image": "vertical.jpg", "layout": "E", "orientation": "n"}, "[7, 0]": {"image": "vertical.jpg", "layout": "E", "orientation": "n"}, "[7, 2]": {"image": "vertical.jpg", "layout": "E", "orientation": "n"}, "[7, 5]": {"image": "vertical.jpg", "layout": "E", "orientation": "n"}, "[7, 7]": {"image": "vertical.jpg", "layout": "E", "orientation": "n"}, "[8, 0]": {"image": "vertical.jpg", "layout": "E", "orientation": "n"}, "[8, 2]": {"image": "vertical.jpg", "layout": "E", "orientation": "n"}, "[8, 5]": {"image": "vertical.jpg", "layout": "E", "orientation": "n"}, "[8, 7]": {"image": "vertical.jpg", "layout": "E", "orientation": "n"}, "[9, 0]": {"image": "vertical.jpg", "layout": "E", "orientation": "n"}, "[9, 2]": {"image": "corner4.jpg", "layout": "C", "orientation": "w"}, "[9, 3]": {"image": "horizontal.jpg", "layout": "E", "orientation": "e"}, "[9, 4]": {"image": "horizontal.jpg", "layout": "E", "orientation": "e"}, "[9, 5]": {"image": "cross.jpg", "layout": "O", "orientation": "e"}, "[9, 6]": {"image": "horizontal.jpg", "layout": "E", "orientation": "e"}, "[9, 7]": {"image": "corner3.jpg", "layout": "C", "orientation": "s"}, "[10, 0]": {"image": "vertical.jpg", "layout": "E", "orientation": "n"}, "[10, 5]": {"image": "vertical.jpg", "layout": "E", "orientation": "n"}, "[11, 0]": {"image": "corner4.jpg", "layout": "C", "orientation": "w"}, "[11, 1]": {"image": "horizontal.jpg", "layout": "E", "orientation": "e"}, "[11, 2]": {"image": "", "layout": "G", "orientation": "e"}, "[11, 3]": {"image": "horizontal.jpg", "layout": "E", "orientation": "e"}, "[11, 4]": {"image": "horizontal.jpg", "layout": "E", "orientation": "e"}, "[11, 5]": {"image": "corner3.jpg", "layout": "C", "orientation": "s"}, "[12, 2]": {"image": "vertical.jpg", "layout": "E", "orientation": "n"}, "[13, 0]": {"image": "corner1.jpg", "layout": "C", "orientation": "n"}, "[13, 1]": {"image": "horizontal.jpg", "layout": "E", "orientation": "e"}, "[13, 2]": {"image": "T1.jpg", "layout": "G", "orientation": "s"}, "[14, 0]": {"image": "vertical.jpg", "layout": "E", "orientation": "n"}, "[14, 2]": {"image": "vertical.jpg", "layout": "E", "orientation": "n"}, "[15, 0]": {"image": "corner4.jpg", "layout": "C", "orientation": "w"}, "[15, 1]": {"image": "horizontal.jpg", "layout": "E", "orientation": "e"}, "[15, 2]": {"image": "corner3.jpg", "layout": "C", "orientation": "s"}}}}