{
    "metadata": {
        "level": {
            "id": "cantaloupe",
            "title": "Intro to Parallel"
        },
        "goal": {
            "string": "Coordinate 2 arrows that share the same pick-up point to deliver at least 2 packages",
            "struct": {
                "required": [
                    {
                        "condition": "gt",
                        "property": "delivered",
                        "id": "L_cantaloupe_1001",
                        "type": "thread",
                        "value": 1
                    },
                    {
                        "condition": "gt",
                        "property": "delivered",
                        "id": "L_cantaloupe_1002",
                        "type": "thread",
                        "value": 1
                    },
                    {
                        "condition": "gt",
                        "property": "delivered",
                        "id": "L_cantaloupe_3001",
                        "type": "delivery",
                        "value": 1
                    },
                    {
                        "condition": "gt",
                        "property": "delivered",
                        "id": "L_cantaloupe_3002",
                        "type": "delivery",
                        "value": 1
                    }
                ]
            }
        },
        "time": {
            "pickup": [
                0,
                0
            ],
            "delivery": [
                1,
                3
            ],
            "exchange": [
                0,
                0
            ]
        },
        "boardDimensions": [
            8,
            16
        ],
        "skills": [
            "Hover over objects to see what they do",
            "Use help bar",
            "Hover over side arrows to see different colored tracks",
            "Drag objects",
            "Place objects on the track",
            "Remove unnecessary elements",
            "Be able to link semaphores to buttons",
            "Use diverters",
            "Understand the use of semaphores ",
            "Prevent starvation",
            "Block critical sections",
            "Understand that arrows move at unpredictable rates",
            "Alternating access with semaphores and buttons (ensure mutual exclusion)",
            "Synchronize multiple arrows",
            "Testing before submitting",
            "Avoid race conditions"
        ]
    },
    "map": [
        [
            {
                "id": "L_cantaloupe_000000",
                "layout": null,
                "coords": [
                    0,
                    0
                ]
            },
            {
                "id": "L_cantaloupe_000001",
                "layout": null,
                "coords": [
                    0,
                    1
                ]
            },
            {
                "id": "L_cantaloupe_000002",
                "layout": null,
                "coords": [
                    0,
                    2
                ]
            },
            {
                "id": "L_cantaloupe_000003",
                "layout": null,
                "coords": [
                    0,
                    3
                ]
            },
            {
                "id": "L_cantaloupe_000004",
                "layout": null,
                "coords": [
                    0,
                    4
                ]
            },
            {
                "id": "L_cantaloupe_000005",
                "layout": "C",
                "orientation": "n",
                "directions": [
                    1
                ],
                "coords": [
                    0,
                    5
                ],
                "color": [
                    2
                ],
                "components": []
            },
            {
                "id": "L_cantaloupe_000006",
                "layout": "E",
                "orientation": "e",
                "directions": [
                    1
                ],
                "coords": [
                    0,
                    6
                ],
                "color": [
                    2
                ],
                "components": []
            },
            {
                "id": "L_cantaloupe_000007",
                "layout": "C",
                "orientation": "e",
                "directions": [
                    2
                ],
                "coords": [
                    0,
                    7
                ],
                "color": [
                    2
                ],
                "components": []
            }
        ],
        [
            {
                "id": "L_cantaloupe_001000",
                "layout": null,
                "coords": [
                    1,
                    0
                ]
            },
            {
                "id": "L_cantaloupe_001001",
                "layout": null,
                "coords": [
                    1,
                    1
                ]
            },
            {
                "id": "L_cantaloupe_001002",
                "layout": null,
                "coords": [
                    1,
                    2
                ]
            },
            {
                "id": "L_cantaloupe_001003",
                "layout": null,
                "coords": [
                    1,
                    3
                ]
            },
            {
                "id": "L_cantaloupe_001004",
                "layout": null,
                "coords": [
                    1,
                    4
                ]
            },
            {
                "id": "L_cantaloupe_001005",
                "layout": "E",
                "orientation": "n",
                "directions": [
                    4
                ],
                "coords": [
                    1,
                    5
                ],
                "color": [
                    2
                ],
                "components": []
            },
            {
                "id": "L_cantaloupe_001006",
                "layout": null,
                "coords": [
                    1,
                    6
                ]
            },
            {
                "id": "L_cantaloupe_001007",
                "layout": "E",
                "orientation": "n",
                "directions": [
                    2
                ],
                "coords": [
                    1,
                    7
                ],
                "color": [
                    2
                ],
                "components": []
            }
        ],
        [
            {
                "id": "L_cantaloupe_002000",
                "layout": null,
                "coords": [
                    2,
                    0
                ]
            },
            {
                "id": "L_cantaloupe_002001",
                "layout": null,
                "coords": [
                    2,
                    1
                ]
            },
            {
                "id": "L_cantaloupe_002002",
                "layout": null,
                "coords": [
                    2,
                    2
                ]
            },
            {
                "id": "L_cantaloupe_002003",
                "layout": null,
                "coords": [
                    2,
                    3
                ]
            },
            {
                "id": "L_cantaloupe_002004",
                "layout": null,
                "coords": [
                    2,
                    4
                ]
            },
            {
                "id": "L_cantaloupe_002005",
                "layout": "G",
                "orientation": "n",
                "directions": [
                    4
                ],
                "coords": [
                    2,
                    5
                ],
                "color": [
                    2
                ],
                "components": []
            },
            {
                "id": "L_cantaloupe_002006",
                "layout": "E",
                "orientation": "e",
                "directions": [
                    3
                ],
                "coords": [
                    2,
                    6
                ],
                "color": [
                    2
                ],
                "components": []
            },
            {
                "id": "L_cantaloupe_002007",
                "layout": "C",
                "orientation": "s",
                "directions": [
                    3
                ],
                "coords": [
                    2,
                    7
                ],
                "color": [
                    2
                ],
                "components": []
            }
        ],
        [
            {
                "id": "L_cantaloupe_003000",
                "layout": null,
                "coords": [
                    3,
                    0
                ]
            },
            {
                "id": "L_cantaloupe_003001",
                "layout": null,
                "coords": [
                    3,
                    1
                ]
            },
            {
                "id": "L_cantaloupe_003002",
                "layout": null,
                "coords": [
                    3,
                    2
                ]
            },
            {
                "id": "L_cantaloupe_003003",
                "layout": null,
                "coords": [
                    3,
                    3
                ]
            },
            {
                "id": "L_cantaloupe_003004",
                "layout": null,
                "coords": [
                    3,
                    4
                ]
            },
            {
                "id": "L_cantaloupe_003005",
                "layout": "E",
                "orientation": "n",
                "directions": [
                    4
                ],
                "coords": [
                    3,
                    5
                ],
                "color": [
                    2
                ],
                "components": []
            },
            {
                "id": "L_cantaloupe_003006",
                "layout": null,
                "coords": [
                    3,
                    6
                ]
            },
            {
                "id": "L_cantaloupe_003007",
                "layout": null,
                "coords": [
                    3,
                    7
                ]
            }
        ],
        [
            {
                "id": "L_cantaloupe_004000",
                "layout": null,
                "coords": [
                    4,
                    0
                ]
            },
            {
                "id": "L_cantaloupe_004001",
                "layout": null,
                "coords": [
                    4,
                    1
                ]
            },
            {
                "id": "L_cantaloupe_004002",
                "layout": "C",
                "orientation": "n",
                "directions": [
                    1
                ],
                "coords": [
                    4,
                    2
                ],
                "color": [
                    2
                ],
                "components": []
            },
            {
                "id": "L_cantaloupe_004003",
                "layout": "E",
                "orientation": "e",
                "directions": [
                    1
                ],
                "coords": [
                    4,
                    3
                ],
                "color": [
                    2
                ],
                "components": []
            },
            {
                "id": "L_cantaloupe_004004",
                "layout": "E",
                "orientation": "e",
                "directions": [
                    1
                ],
                "coords": [
                    4,
                    4
                ],
                "color": [
                    2
                ],
                "components": []
            },
            {
                "id": "L_cantaloupe_004005",
                "layout": "G",
                "orientation": "w",
                "directions": [
                    1,
                    4
                ],
                "coords": [
                    4,
                    5
                ],
                "color": [
                    2
                ],
                "components": [
                    "L_cantaloupe_5001"
                ]
            },
            {
                "id": "L_cantaloupe_004006",
                "layout": "E",
                "orientation": "e",
                "directions": [
                    1
                ],
                "coords": [
                    4,
                    6
                ],
                "color": [
                    2
                ],
                "components": []
            },
            {
                "id": "L_cantaloupe_004007",
                "layout": "C",
                "orientation": "e",
                "directions": [
                    2
                ],
                "coords": [
                    4,
                    7
                ],
                "color": [
                    2
                ],
                "components": []
            }
        ],
        [
            {
                "id": "L_cantaloupe_005000",
                "layout": null,
                "coords": [
                    5,
                    0
                ]
            },
            {
                "id": "L_cantaloupe_005001",
                "layout": null,
                "coords": [
                    5,
                    1
                ]
            },
            {
                "id": "L_cantaloupe_005002",
                "layout": "E",
                "orientation": "n",
                "directions": [
                    4
                ],
                "coords": [
                    5,
                    2
                ],
                "color": [
                    2
                ],
                "components": []
            },
            {
                "id": "L_cantaloupe_005003",
                "layout": null,
                "coords": [
                    5,
                    3
                ]
            },
            {
                "id": "L_cantaloupe_005004",
                "layout": null,
                "coords": [
                    5,
                    4
                ]
            },
            {
                "id": "L_cantaloupe_005005",
                "layout": null,
                "coords": [
                    5,
                    5
                ]
            },
            {
                "id": "L_cantaloupe_005006",
                "layout": null,
                "coords": [
                    5,
                    6
                ]
            },
            {
                "id": "L_cantaloupe_005007",
                "layout": "E",
                "orientation": "n",
                "directions": [
                    2
                ],
                "coords": [
                    5,
                    7
                ],
                "color": [
                    2
                ],
                "components": []
            }
        ],
        [
            {
                "id": "L_cantaloupe_006000",
                "layout": "C",
                "orientation": "n",
                "directions": [
                    2
                ],
                "coords": [
                    6,
                    0
                ],
                "color": [
                    1
                ],
                "components": []
            },
            {
                "id": "L_cantaloupe_006001",
                "layout": "E",
                "orientation": "e",
                "directions": [
                    3
                ],
                "coords": [
                    6,
                    1
                ],
                "color": [
                    1
                ],
                "components": []
            },
            {
                "id": "L_cantaloupe_006002",
                "layout": "O",
                "orientation": "e",
                "directions": [
                    3,
                    4
                ],
                "coords": [
                    6,
                    2
                ],
                "color": [
                    1,
                    2
                ],
                "components": [
                    "L_cantaloupe_2001"
                ]
            },
            {
                "id": "L_cantaloupe_006003",
                "layout": "E",
                "orientation": "e",
                "directions": [
                    3
                ],
                "coords": [
                    6,
                    3
                ],
                "color": [
                    1
                ],
                "components": []
            },
            {
                "id": "L_cantaloupe_006004",
                "layout": "E",
                "orientation": "e",
                "directions": [
                    3
                ],
                "coords": [
                    6,
                    4
                ],
                "color": [
                    1
                ],
                "components": []
            },
            {
                "id": "L_cantaloupe_006005",
                "layout": "C",
                "orientation": "e",
                "directions": [
                    3
                ],
                "coords": [
                    6,
                    5
                ],
                "color": [
                    1
                ],
                "components": []
            },
            {
                "id": "L_cantaloupe_006006",
                "layout": null,
                "coords": [
                    6,
                    6
                ]
            },
            {
                "id": "L_cantaloupe_006007",
                "layout": "E",
                "orientation": "n",
                "directions": [
                    2
                ],
                "coords": [
                    6,
                    7
                ],
                "color": [
                    2
                ],
                "components": []
            }
        ],
        [
            {
                "id": "L_cantaloupe_007000",
                "layout": "E",
                "orientation": "n",
                "directions": [
                    2
                ],
                "coords": [
                    7,
                    0
                ],
                "color": [
                    1
                ],
                "components": []
            },
            {
                "id": "L_cantaloupe_007001",
                "layout": null,
                "coords": [
                    7,
                    1
                ]
            },
            {
                "id": "L_cantaloupe_007002",
                "layout": "E",
                "orientation": "n",
                "directions": [
                    4
                ],
                "coords": [
                    7,
                    2
                ],
                "color": [
                    2
                ],
                "components": []
            },
            {
                "id": "L_cantaloupe_007003",
                "layout": null,
                "coords": [
                    7,
                    3
                ]
            },
            {
                "id": "L_cantaloupe_007004",
                "layout": null,
                "coords": [
                    7,
                    4
                ]
            },
            {
                "id": "L_cantaloupe_007005",
                "layout": "E",
                "orientation": "n",
                "directions": [
                    4
                ],
                "coords": [
                    7,
                    5
                ],
                "color": [
                    1
                ],
                "components": []
            },
            {
                "id": "L_cantaloupe_007006",
                "layout": null,
                "coords": [
                    7,
                    6
                ]
            },
            {
                "id": "L_cantaloupe_007007",
                "layout": "E",
                "orientation": "n",
                "directions": [
                    2
                ],
                "coords": [
                    7,
                    7
                ],
                "color": [
                    2
                ],
                "components": [
                    "L_cantaloupe_3001"
                ]
            }
        ],
        [
            {
                "id": "L_cantaloupe_008000",
                "layout": "E",
                "orientation": "n",
                "directions": [
                    2
                ],
                "coords": [
                    8,
                    0
                ],
                "color": [
                    1
                ],
                "components": []
            },
            {
                "id": "L_cantaloupe_008001",
                "layout": null,
                "coords": [
                    8,
                    1
                ]
            },
            {
                "id": "L_cantaloupe_008002",
                "layout": "E",
                "orientation": "n",
                "directions": [
                    4
                ],
                "coords": [
                    8,
                    2
                ],
                "color": [
                    2
                ],
                "components": []
            },
            {
                "id": "L_cantaloupe_008003",
                "layout": null,
                "coords": [
                    8,
                    3
                ]
            },
            {
                "id": "L_cantaloupe_008004",
                "layout": null,
                "coords": [
                    8,
                    4
                ]
            },
            {
                "id": "L_cantaloupe_008005",
                "layout": "E",
                "orientation": "n",
                "directions": [
                    4
                ],
                "coords": [
                    8,
                    5
                ],
                "color": [
                    1
                ],
                "components": [
                    "L_cantaloupe_1002"
                ]
            },
            {
                "id": "L_cantaloupe_008006",
                "layout": null,
                "coords": [
                    8,
                    6
                ]
            },
            {
                "id": "L_cantaloupe_008007",
                "layout": "E",
                "orientation": "n",
                "directions": [
                    2
                ],
                "coords": [
                    8,
                    7
                ],
                "color": [
                    2
                ],
                "components": []
            }
        ],
        [
            {
                "id": "L_cantaloupe_009000",
                "layout": "E",
                "orientation": "n",
                "directions": [
                    2
                ],
                "coords": [
                    9,
                    0
                ],
                "color": [
                    1
                ],
                "components": []
            },
            {
                "id": "L_cantaloupe_009001",
                "layout": null,
                "coords": [
                    9,
                    1
                ]
            },
            {
                "id": "L_cantaloupe_009002",
                "layout": "C",
                "orientation": "w",
                "directions": [
                    4
                ],
                "coords": [
                    9,
                    2
                ],
                "color": [
                    2
                ],
                "components": []
            },
            {
                "id": "L_cantaloupe_009003",
                "layout": "E",
                "orientation": "e",
                "directions": [
                    3
                ],
                "coords": [
                    9,
                    3
                ],
                "color": [
                    2
                ],
                "components": []
            },
            {
                "id": "L_cantaloupe_009004",
                "layout": "E",
                "orientation": "e",
                "directions": [
                    3
                ],
                "coords": [
                    9,
                    4
                ],
                "color": [
                    2
                ],
                "components": [
                    "L_cantaloupe_1001"
                ]
            },
            {
                "id": "L_cantaloupe_009005",
                "layout": "O",
                "orientation": "e",
                "directions": [
                    3,
                    4
                ],
                "coords": [
                    9,
                    5
                ],
                "color": [
                    1,
                    2
                ],
                "components": []
            },
            {
                "id": "L_cantaloupe_009006",
                "layout": "E",
                "orientation": "e",
                "directions": [
                    3
                ],
                "coords": [
                    9,
                    6
                ],
                "color": [
                    2
                ],
                "components": []
            },
            {
                "id": "L_cantaloupe_009007",
                "layout": "C",
                "orientation": "s",
                "directions": [
                    3
                ],
                "coords": [
                    9,
                    7
                ],
                "color": [
                    2
                ],
                "components": []
            }
        ],
        [
            {
                "id": "L_cantaloupe_010000",
                "layout": "E",
                "orientation": "n",
                "directions": [
                    2
                ],
                "coords": [
                    10,
                    0
                ],
                "color": [
                    1
                ],
                "components": []
            },
            {
                "id": "L_cantaloupe_010001",
                "layout": null,
                "coords": [
                    10,
                    1
                ]
            },
            {
                "id": "L_cantaloupe_010002",
                "layout": null,
                "coords": [
                    10,
                    2
                ]
            },
            {
                "id": "L_cantaloupe_010003",
                "layout": null,
                "coords": [
                    10,
                    3
                ]
            },
            {
                "id": "L_cantaloupe_010004",
                "layout": null,
                "coords": [
                    10,
                    4
                ]
            },
            {
                "id": "L_cantaloupe_010005",
                "layout": "E",
                "orientation": "n",
                "directions": [
                    4
                ],
                "coords": [
                    10,
                    5
                ],
                "color": [
                    1
                ],
                "components": []
            },
            {
                "id": "L_cantaloupe_010006",
                "layout": null,
                "coords": [
                    10,
                    6
                ]
            },
            {
                "id": "L_cantaloupe_010007",
                "layout": null,
                "coords": [
                    10,
                    7
                ]
            }
        ],
        [
            {
                "id": "L_cantaloupe_011000",
                "layout": "C",
                "orientation": "w",
                "directions": [
                    1
                ],
                "coords": [
                    11,
                    0
                ],
                "color": [
                    1
                ],
                "components": []
            },
            {
                "id": "L_cantaloupe_011001",
                "layout": "E",
                "orientation": "e",
                "directions": [
                    1
                ],
                "coords": [
                    11,
                    1
                ],
                "color": [
                    1
                ],
                "components": []
            },
            {
                "id": "L_cantaloupe_011002",
                "layout": "G",
                "orientation": "e",
                "directions": [
                    1,
                    2
                ],
                "coords": [
                    11,
                    2
                ],
                "color": [
                    1
                ],
                "components": [
                    "L_cantaloupe_5002"
                ]
            },
            {
                "id": "L_cantaloupe_011003",
                "layout": "E",
                "orientation": "e",
                "directions": [
                    1
                ],
                "coords": [
                    11,
                    3
                ],
                "color": [
                    1
                ],
                "components": [
                    "L_cantaloupe_3002"
                ]
            },
            {
                "id": "L_cantaloupe_011004",
                "layout": "E",
                "orientation": "e",
                "directions": [
                    1
                ],
                "coords": [
                    11,
                    4
                ],
                "color": [
                    1
                ],
                "components": []
            },
            {
                "id": "L_cantaloupe_011005",
                "layout": "C",
                "orientation": "s",
                "directions": [
                    4
                ],
                "coords": [
                    11,
                    5
                ],
                "color": [
                    1
                ],
                "components": []
            },
            {
                "id": "L_cantaloupe_011006",
                "layout": null,
                "coords": [
                    11,
                    6
                ]
            },
            {
                "id": "L_cantaloupe_011007",
                "layout": null,
                "coords": [
                    11,
                    7
                ]
            }
        ],
        [
            {
                "id": "L_cantaloupe_012000",
                "layout": null,
                "coords": [
                    12,
                    0
                ]
            },
            {
                "id": "L_cantaloupe_012001",
                "layout": null,
                "coords": [
                    12,
                    1
                ]
            },
            {
                "id": "L_cantaloupe_012002",
                "layout": "E",
                "orientation": "n",
                "directions": [
                    2
                ],
                "coords": [
                    12,
                    2
                ],
                "color": [
                    1
                ],
                "components": []
            },
            {
                "id": "L_cantaloupe_012003",
                "layout": null,
                "coords": [
                    12,
                    3
                ]
            },
            {
                "id": "L_cantaloupe_012004",
                "layout": null,
                "coords": [
                    12,
                    4
                ]
            },
            {
                "id": "L_cantaloupe_012005",
                "layout": null,
                "coords": [
                    12,
                    5
                ]
            },
            {
                "id": "L_cantaloupe_012006",
                "layout": null,
                "coords": [
                    12,
                    6
                ]
            },
            {
                "id": "L_cantaloupe_012007",
                "layout": null,
                "coords": [
                    12,
                    7
                ]
            }
        ],
        [
            {
                "id": "L_cantaloupe_013000",
                "layout": "C",
                "orientation": "n",
                "directions": [
                    1
                ],
                "coords": [
                    13,
                    0
                ],
                "color": [
                    1
                ],
                "components": []
            },
            {
                "id": "L_cantaloupe_013001",
                "layout": "E",
                "orientation": "e",
                "directions": [
                    1
                ],
                "coords": [
                    13,
                    1
                ],
                "color": [
                    1
                ],
                "components": []
            },
            {
                "id": "L_cantaloupe_013002",
                "layout": "G",
                "orientation": "s",
                "directions": [
                    2
                ],
                "coords": [
                    13,
                    2
                ],
                "color": [
                    1
                ],
                "components": []
            },
            {
                "id": "L_cantaloupe_013003",
                "layout": null,
                "coords": [
                    13,
                    3
                ]
            },
            {
                "id": "L_cantaloupe_013004",
                "layout": null,
                "coords": [
                    13,
                    4
                ]
            },
            {
                "id": "L_cantaloupe_013005",
                "layout": null,
                "coords": [
                    13,
                    5
                ]
            },
            {
                "id": "L_cantaloupe_013006",
                "layout": null,
                "coords": [
                    13,
                    6
                ]
            },
            {
                "id": "L_cantaloupe_013007",
                "layout": null,
                "coords": [
                    13,
                    7
                ]
            }
        ],
        [
            {
                "id": "L_cantaloupe_014000",
                "layout": "E",
                "orientation": "n",
                "directions": [
                    4
                ],
                "coords": [
                    14,
                    0
                ],
                "color": [
                    1
                ],
                "components": []
            },
            {
                "id": "L_cantaloupe_014001",
                "layout": null,
                "coords": [
                    14,
                    1
                ]
            },
            {
                "id": "L_cantaloupe_014002",
                "layout": "E",
                "orientation": "n",
                "directions": [
                    2
                ],
                "coords": [
                    14,
                    2
                ],
                "color": [
                    1
                ],
                "components": []
            },
            {
                "id": "L_cantaloupe_014003",
                "layout": null,
                "coords": [
                    14,
                    3
                ]
            },
            {
                "id": "L_cantaloupe_014004",
                "layout": null,
                "coords": [
                    14,
                    4
                ]
            },
            {
                "id": "L_cantaloupe_014005",
                "layout": null,
                "coords": [
                    14,
                    5
                ]
            },
            {
                "id": "L_cantaloupe_014006",
                "layout": null,
                "coords": [
                    14,
                    6
                ]
            },
            {
                "id": "L_cantaloupe_014007",
                "layout": null,
                "coords": [
                    14,
                    7
                ]
            }
        ],
        [
            {
                "id": "L_cantaloupe_015000",
                "layout": "C",
                "orientation": "w",
                "directions": [
                    4
                ],
                "coords": [
                    15,
                    0
                ],
                "color": [
                    1
                ],
                "components": []
            },
            {
                "id": "L_cantaloupe_015001",
                "layout": "E",
                "orientation": "e",
                "directions": [
                    3
                ],
                "coords": [
                    15,
                    1
                ],
                "color": [
                    1
                ],
                "components": []
            },
            {
                "id": "L_cantaloupe_015002",
                "layout": "C",
                "orientation": "s",
                "directions": [
                    3
                ],
                "coords": [
                    15,
                    2
                ],
                "color": [
                    1
                ],
                "components": []
            },
            {
                "id": "L_cantaloupe_015003",
                "layout": null,
                "coords": [
                    15,
                    3
                ]
            },
            {
                "id": "L_cantaloupe_015004",
                "layout": null,
                "coords": [
                    15,
                    4
                ]
            },
            {
                "id": "L_cantaloupe_015005",
                "layout": null,
                "coords": [
                    15,
                    5
                ]
            },
            {
                "id": "L_cantaloupe_015006",
                "layout": null,
                "coords": [
                    15,
                    6
                ]
            },
            {
                "id": "L_cantaloupe_015007",
                "layout": null,
                "coords": [
                    15,
                    7
                ]
            }
        ]
    ],
    "components": {
        "L_cantaloupe_1001": {
            "id": "L_cantaloupe_1001",
            "type": "thread",
            "cell": [
                9,
                4
            ],
            "userPlaced": false,
            "locked": true,
            "color": 2,
            "initialDirection": 3,
            "direction": 3,
            "missed": 0,
            "delivered": 0,
            "capacity": -1,
            "delay": 0,
            "picked": 0,
            "passed": 0,
            "spec": ""
        },
        "L_cantaloupe_1002": {
            "id": "L_cantaloupe_1002",
            "type": "thread",
            "cell": [
                8,
                5
            ],
            "userPlaced": false,
            "locked": true,
            "color": 1,
            "initialDirection": 4,
            "direction": 4,
            "missed": 0,
            "delivered": 0,
            "capacity": -1,
            "delay": 0,
            "picked": 0,
            "passed": 0,
            "spec": ""
        },
        "L_cantaloupe_2001": {
            "id": "L_cantaloupe_2001",
            "type": "pickup",
            "cell": [
                6,
                2
            ],
            "userPlaced": false,
            "locked": true,
            "color": 1,
            "picked": 0,
            "passed": 0,
            "spec": "unlimCondition"
        },
        "L_cantaloupe_3001": {
            "id": "L_cantaloupe_3001",
            "type": "delivery",
            "cell": [
                7,
                7
            ],
            "userPlaced": false,
            "locked": true,
            "acceptedTypes": [
                "unlimCondition"
            ],
            "color": 0,
            "missed": 0,
            "delivered": 0,
            "passed": 0,
            "acceptedColors": [],
            "strict": 0,
            "consumer": -1,
            "denominator": 2,
            "spec": "unlimCondition"
        },
        "L_cantaloupe_3002": {
            "id": "L_cantaloupe_3002",
            "type": "delivery",
            "cell": [
                11,
                3
            ],
            "userPlaced": false,
            "locked": true,
            "acceptedTypes": [
                "unlimCondition"
            ],
            "color": 0,
            "missed": 0,
            "delivered": 0,
            "passed": 0,
            "acceptedColors": [],
            "strict": 0,
            "consumer": -1,
            "denominator": 2,
            "spec": "unlimCondition"
        },
        "L_cantaloupe_5001": {
            "id": "L_cantaloupe_5001",
            "type": "conditional",
            "cell": [
                4,
                5
            ],
            "userPlaced": false,
            "locked": true,
            "color": 0,
            "directionCondition": 3,
            "directionsColors": [
                [],
                [],
                [],
                []
            ],
            "passed": 0,
            "directionsTypes": [
                [
                    "unlimCondition"
                ],
                [],
                [],
                [
                    "emptyPayload"
                ]
            ],
            "directionDefault": 3,
            "spec": ""
        },
        "L_cantaloupe_5002": {
            "id": "L_cantaloupe_5002",
            "type": "conditional",
            "cell": [
                11,
                2
            ],
            "userPlaced": false,
            "locked": true,
            "color": 0,
            "directionCondition": 3,
            "directionsColors": [
                [],
                [],
                [],
                []
            ],
            "passed": 0,
            "directionsTypes": [
                [
                    "unlimCondition"
                ],
                [
                    "emptyPayload"
                ],
                [],
                []
            ],
            "directionDefault": 3,
            "spec": ""
        }
    }
}
