case-240233b5-7f84-47ff-8ec2-b78894649a58, Not a test/submit , 240233b5-7f84-47ff-8ec2-b78894649a58 , 1632932716577 , 1632932716578
case-240233b5-7f84-47ff-8ec2-b78894649a58, Put semaphore  in Zone A, 240233b5-7f84-47ff-8ec2-b78894649a58 , 1632932863767 , 1632932863768
case-240233b5-7f84-47ff-8ec2-b78894649a58, failure/TEST , 240233b5-7f84-47ff-8ec2-b78894649a58 , 1632932871596 , 1632932871597
case-240233b5-7f84-47ff-8ec2-b78894649a58, Put signal  in Zone J, 240233b5-7f84-47ff-8ec2-b78894649a58 , 1632932886527 , 1632932886528
case-240233b5-7f84-47ff-8ec2-b78894649a58, JY, 240233b5-7f84-47ff-8ec2-b78894649a58 , 1632932889999 , 1632932890000
case-240233b5-7f84-47ff-8ec2-b78894649a58, failure/TEST , 240233b5-7f84-47ff-8ec2-b78894649a58 , 1632932905898 , 1632932905899
case-240233b5-7f84-47ff-8ec2-b78894649a58, semaphore (aaaaem) removed from A , 240233b5-7f84-47ff-8ec2-b78894649a58 , 1632932932587 , 1632932932588
case-240233b5-7f84-47ff-8ec2-b78894649a58, semaphore (aaaaem) added in A , 240233b5-7f84-47ff-8ec2-b78894649a58 , 1632932932587 , 1632932932588
case-240233b5-7f84-47ff-8ec2-b78894649a58, Put semaphore  in Zone J, 240233b5-7f84-47ff-8ec2-b78894649a58 , 1632932948959 , 1632932948960
case-240233b5-7f84-47ff-8ec2-b78894649a58, semaphore (aaaaem) removed from A , 240233b5-7f84-47ff-8ec2-b78894649a58 , 1632932954863 , 1632932954864
case-240233b5-7f84-47ff-8ec2-b78894649a58, semaphore (aaaaem) added in A , 240233b5-7f84-47ff-8ec2-b78894649a58 , 1632932954863 , 1632932954864
case-240233b5-7f84-47ff-8ec2-b78894649a58, semaphore (aaaaem) Toggled , 240233b5-7f84-47ff-8ec2-b78894649a58 , 1632932954866 , 1632932954867
case-240233b5-7f84-47ff-8ec2-b78894649a58, signal (aaaaen) removed from J , 240233b5-7f84-47ff-8ec2-b78894649a58 , 1632932958488 , 1632932958489
case-240233b5-7f84-47ff-8ec2-b78894649a58, signal (aaaaen) added in D , 240233b5-7f84-47ff-8ec2-b78894649a58 , 1632932958488 , 1632932958489
case-240233b5-7f84-47ff-8ec2-b78894649a58, Put signal  in Zone F, 240233b5-7f84-47ff-8ec2-b78894649a58 , 1632932962087 , 1632932962088
case-240233b5-7f84-47ff-8ec2-b78894649a58, FY, 240233b5-7f84-47ff-8ec2-b78894649a58 , 1632932968173 , 1632932968174
case-240233b5-7f84-47ff-8ec2-b78894649a58, semaphore (aaaaeq) removed from J , 240233b5-7f84-47ff-8ec2-b78894649a58 , 1632932998392 , 1632932998393
case-240233b5-7f84-47ff-8ec2-b78894649a58, semaphore (aaaaeq) added in J , 240233b5-7f84-47ff-8ec2-b78894649a58 , 1632932998392 , 1632932998393
case-240233b5-7f84-47ff-8ec2-b78894649a58, Put signal  in Zone A, 240233b5-7f84-47ff-8ec2-b78894649a58 , 1632933005298 , 1632933005299
case-240233b5-7f84-47ff-8ec2-b78894649a58, Put signal  in Zone J, 240233b5-7f84-47ff-8ec2-b78894649a58 , 1632933009541 , 1632933009542
case-240233b5-7f84-47ff-8ec2-b78894649a58, JA, 240233b5-7f84-47ff-8ec2-b78894649a58 , 1632933012359 , 1632933012360
case-240233b5-7f84-47ff-8ec2-b78894649a58, AJ, 240233b5-7f84-47ff-8ec2-b78894649a58 , 1632933015230 , 1632933015231
case-240233b5-7f84-47ff-8ec2-b78894649a58, signal (aaaaeu) removed from A , 240233b5-7f84-47ff-8ec2-b78894649a58 , 1632933056481 , 1632933056482
case-240233b5-7f84-47ff-8ec2-b78894649a58, signal (aaaaeu) added in A , 240233b5-7f84-47ff-8ec2-b78894649a58 , 1632933056481 , 1632933056482
case-240233b5-7f84-47ff-8ec2-b78894649a58, signal (aaaaev) removed from J , 240233b5-7f84-47ff-8ec2-b78894649a58 , 1632933070559 , 1632933070560
case-240233b5-7f84-47ff-8ec2-b78894649a58, signal (aaaaev) added in I , 240233b5-7f84-47ff-8ec2-b78894649a58 , 1632933070559 , 1632933070560
case-240233b5-7f84-47ff-8ec2-b78894649a58, success/TEST , 240233b5-7f84-47ff-8ec2-b78894649a58 , 1632933130721 , 1632933130722
case-240233b5-7f84-47ff-8ec2-b78894649a58, success/SUBMIT , 240233b5-7f84-47ff-8ec2-b78894649a58 , 1632933166194 , 1632933166195
case-b6040382-973d-434c-8d69-ffe682aa06ed, Not a test/submit , b6040382-973d-434c-8d69-ffe682aa06ed , 1632706404376 , 1632706404377
case-b6040382-973d-434c-8d69-ffe682aa06ed, failure/TEST , b6040382-973d-434c-8d69-ffe682aa06ed , 1632706415449 , 1632706415450
case-b6040382-973d-434c-8d69-ffe682aa06ed, Put semaphore  in Zone A, b6040382-973d-434c-8d69-ffe682aa06ed , 1632706428067 , 1632706428068
case-b6040382-973d-434c-8d69-ffe682aa06ed, semaphore (aaaacm) removed from A , b6040382-973d-434c-8d69-ffe682aa06ed , 1632706430788 , 1632706430789
case-b6040382-973d-434c-8d69-ffe682aa06ed, semaphore (aaaacm) added in J , b6040382-973d-434c-8d69-ffe682aa06ed , 1632706430788 , 1632706430789
case-b6040382-973d-434c-8d69-ffe682aa06ed, Put signal  in Zone J, b6040382-973d-434c-8d69-ffe682aa06ed , 1632706432313 , 1632706432314
case-b6040382-973d-434c-8d69-ffe682aa06ed, JJ, b6040382-973d-434c-8d69-ffe682aa06ed , 1632706433385 , 1632706433386
case-b6040382-973d-434c-8d69-ffe682aa06ed, semaphore (aaaacm) removed from J , b6040382-973d-434c-8d69-ffe682aa06ed , 1632706438931 , 1632706438932
case-b6040382-973d-434c-8d69-ffe682aa06ed, semaphore (aaaacm) added in J , b6040382-973d-434c-8d69-ffe682aa06ed , 1632706438931 , 1632706438932
case-b6040382-973d-434c-8d69-ffe682aa06ed, signal (aaaacn) removed from J , b6040382-973d-434c-8d69-ffe682aa06ed , 1632706439679 , 1632706439680
case-b6040382-973d-434c-8d69-ffe682aa06ed, signal (aaaacn) added in H , b6040382-973d-434c-8d69-ffe682aa06ed , 1632706439679 , 1632706439680
case-b6040382-973d-434c-8d69-ffe682aa06ed, failure/TEST , b6040382-973d-434c-8d69-ffe682aa06ed , 1632706450214 , 1632706450215
case-b6040382-973d-434c-8d69-ffe682aa06ed, Put signal  in Zone J, b6040382-973d-434c-8d69-ffe682aa06ed , 1632706474027 , 1632706474028
case-b6040382-973d-434c-8d69-ffe682aa06ed, JY, b6040382-973d-434c-8d69-ffe682aa06ed , 1632706474560 , 1632706474561
case-b6040382-973d-434c-8d69-ffe682aa06ed, JY, b6040382-973d-434c-8d69-ffe682aa06ed , 1632706476246 , 1632706476247
case-b6040382-973d-434c-8d69-ffe682aa06ed, failure/TEST , b6040382-973d-434c-8d69-ffe682aa06ed , 1632706498561 , 1632706498562
case-b6040382-973d-434c-8d69-ffe682aa06ed, semaphore (aaaacm) removed from J , b6040382-973d-434c-8d69-ffe682aa06ed , 1632706510640 , 1632706510641
case-b6040382-973d-434c-8d69-ffe682aa06ed, semaphore (aaaacm) added in J , b6040382-973d-434c-8d69-ffe682aa06ed , 1632706510640 , 1632706510641
case-b6040382-973d-434c-8d69-ffe682aa06ed, semaphore (aaaacm) removed from J , b6040382-973d-434c-8d69-ffe682aa06ed , 1632706516151 , 1632706516152
case-b6040382-973d-434c-8d69-ffe682aa06ed, semaphore (aaaacm) added in I , b6040382-973d-434c-8d69-ffe682aa06ed , 1632706516151 , 1632706516152
case-b6040382-973d-434c-8d69-ffe682aa06ed, Put signal  in Zone B, b6040382-973d-434c-8d69-ffe682aa06ed , 1632706533024 , 1632706533025
case-b6040382-973d-434c-8d69-ffe682aa06ed, Put signal  in Zone E, b6040382-973d-434c-8d69-ffe682aa06ed , 1632706534771 , 1632706534772
case-b6040382-973d-434c-8d69-ffe682aa06ed, failure/TEST , b6040382-973d-434c-8d69-ffe682aa06ed , 1632706556262 , 1632706556263
case-b6040382-973d-434c-8d69-ffe682aa06ed, signal (aaaacn) removed from H , b6040382-973d-434c-8d69-ffe682aa06ed , 1632706562962 , 1632706562963
case-b6040382-973d-434c-8d69-ffe682aa06ed, signal (aaaacn) added in G , b6040382-973d-434c-8d69-ffe682aa06ed , 1632706562962 , 1632706562963
case-b6040382-973d-434c-8d69-ffe682aa06ed, signal (aaaacn) removed from G , b6040382-973d-434c-8d69-ffe682aa06ed , 1632706565422 , 1632706565423
case-b6040382-973d-434c-8d69-ffe682aa06ed, signal (aaaacn) added in H , b6040382-973d-434c-8d69-ffe682aa06ed , 1632706565422 , 1632706565423
case-b6040382-973d-434c-8d69-ffe682aa06ed, Put signal  in Zone F, b6040382-973d-434c-8d69-ffe682aa06ed , 1632706573668 , 1632706573669
case-b6040382-973d-434c-8d69-ffe682aa06ed, FY, b6040382-973d-434c-8d69-ffe682aa06ed , 1632706574334 , 1632706574335
case-b6040382-973d-434c-8d69-ffe682aa06ed, success/TEST , b6040382-973d-434c-8d69-ffe682aa06ed , 1632706605936 , 1632706605937
case-b6040382-973d-434c-8d69-ffe682aa06ed, Put semaphore  in Zone A, b6040382-973d-434c-8d69-ffe682aa06ed , 1632706638397 , 1632706638398
case-b6040382-973d-434c-8d69-ffe682aa06ed, EA, b6040382-973d-434c-8d69-ffe682aa06ed , 1632706644457 , 1632706644458
case-b6040382-973d-434c-8d69-ffe682aa06ed, failure/TEST , b6040382-973d-434c-8d69-ffe682aa06ed , 1632706646309 , 1632706646310
case-b6040382-973d-434c-8d69-ffe682aa06ed, semaphore (aaaada) removed from A , b6040382-973d-434c-8d69-ffe682aa06ed , 1632706648688 , 1632706648689
case-b6040382-973d-434c-8d69-ffe682aa06ed, semaphore (aaaada) added in A , b6040382-973d-434c-8d69-ffe682aa06ed , 1632706648688 , 1632706648689
case-b6040382-973d-434c-8d69-ffe682aa06ed, semaphore (aaaada) removed from A , b6040382-973d-434c-8d69-ffe682aa06ed , 1632706648953 , 1632706648954
case-b6040382-973d-434c-8d69-ffe682aa06ed, semaphore (aaaada) added in A , b6040382-973d-434c-8d69-ffe682aa06ed , 1632706648953 , 1632706648954
case-b6040382-973d-434c-8d69-ffe682aa06ed, semaphore (aaaada) Toggled , b6040382-973d-434c-8d69-ffe682aa06ed , 1632706648961 , 1632706648962
case-b6040382-973d-434c-8d69-ffe682aa06ed, success/TEST , b6040382-973d-434c-8d69-ffe682aa06ed , 1632706674945 , 1632706674946
case-b6040382-973d-434c-8d69-ffe682aa06ed, failure/SUBMIT , b6040382-973d-434c-8d69-ffe682aa06ed , 1632706677290 , 1632706677291
case-b6040382-973d-434c-8d69-ffe682aa06ed, semaphore (aaaada) removed from A , b6040382-973d-434c-8d69-ffe682aa06ed , 1632706685439 , 1632706685440
case-b6040382-973d-434c-8d69-ffe682aa06ed, semaphore (aaaada) added in A , b6040382-973d-434c-8d69-ffe682aa06ed , 1632706685439 , 1632706685440
case-b6040382-973d-434c-8d69-ffe682aa06ed, semaphore (aaaada) removed from A , b6040382-973d-434c-8d69-ffe682aa06ed , 1632706686784 , 1632706686785
case-b6040382-973d-434c-8d69-ffe682aa06ed, semaphore (aaaada) added in A , b6040382-973d-434c-8d69-ffe682aa06ed , 1632706686784 , 1632706686785
case-b6040382-973d-434c-8d69-ffe682aa06ed, semaphore (aaaada) Toggled , b6040382-973d-434c-8d69-ffe682aa06ed , 1632706686793 , 1632706686794
case-b6040382-973d-434c-8d69-ffe682aa06ed, signal (aaaacv) removed from B , b6040382-973d-434c-8d69-ffe682aa06ed , 1632706694298 , 1632706694299
case-b6040382-973d-434c-8d69-ffe682aa06ed, signal (aaaacv) added in A , b6040382-973d-434c-8d69-ffe682aa06ed , 1632706694298 , 1632706694299
case-b6040382-973d-434c-8d69-ffe682aa06ed, Put semaphore  in Zone I, b6040382-973d-434c-8d69-ffe682aa06ed , 1632706696277 , 1632706696278
case-b6040382-973d-434c-8d69-ffe682aa06ed, AI, b6040382-973d-434c-8d69-ffe682aa06ed , 1632706696932 , 1632706696933
case-b6040382-973d-434c-8d69-ffe682aa06ed, success/TEST , b6040382-973d-434c-8d69-ffe682aa06ed , 1632706724721 , 1632706724722
case-b6040382-973d-434c-8d69-ffe682aa06ed, signal (aaaacn) removed from H , b6040382-973d-434c-8d69-ffe682aa06ed , 1632706726168 , 1632706726169
case-b6040382-973d-434c-8d69-ffe682aa06ed, signal (aaaacn) added in D , b6040382-973d-434c-8d69-ffe682aa06ed , 1632706726168 , 1632706726169
case-b6040382-973d-434c-8d69-ffe682aa06ed, success/TEST , b6040382-973d-434c-8d69-ffe682aa06ed , 1632706729126 , 1632706729127
case-b6040382-973d-434c-8d69-ffe682aa06ed, failure/SUBMIT , b6040382-973d-434c-8d69-ffe682aa06ed , 1632706731408 , 1632706731409
case-b6040382-973d-434c-8d69-ffe682aa06ed, success/TEST , b6040382-973d-434c-8d69-ffe682aa06ed , 1632706735666 , 1632706735667
case-b6040382-973d-434c-8d69-ffe682aa06ed, failure/SUBMIT , b6040382-973d-434c-8d69-ffe682aa06ed , 1632706748149 , 1632706748150
case-b6040382-973d-434c-8d69-ffe682aa06ed, signal (aaaacn) removed from D , b6040382-973d-434c-8d69-ffe682aa06ed , 1632706750390 , 1632706750391
case-b6040382-973d-434c-8d69-ffe682aa06ed, signal (aaaacn) added in B , b6040382-973d-434c-8d69-ffe682aa06ed , 1632706750390 , 1632706750391
case-b6040382-973d-434c-8d69-ffe682aa06ed, success/TEST , b6040382-973d-434c-8d69-ffe682aa06ed , 1632706754514 , 1632706754515
case-b6040382-973d-434c-8d69-ffe682aa06ed, failure/SUBMIT , b6040382-973d-434c-8d69-ffe682aa06ed , 1632706775430 , 1632706775431
case-b6040382-973d-434c-8d69-ffe682aa06ed, signal (aaaacn) removed from B , b6040382-973d-434c-8d69-ffe682aa06ed , 1632706795991 , 1632706795992
case-b6040382-973d-434c-8d69-ffe682aa06ed, signal (aaaacn) added in A , b6040382-973d-434c-8d69-ffe682aa06ed , 1632706795991 , 1632706795992
case-b6040382-973d-434c-8d69-ffe682aa06ed, success/TEST , b6040382-973d-434c-8d69-ffe682aa06ed , 1632706801773 , 1632706801774
case-b6040382-973d-434c-8d69-ffe682aa06ed, failure/SUBMIT , b6040382-973d-434c-8d69-ffe682aa06ed , 1632706804453 , 1632706804454
case-b6040382-973d-434c-8d69-ffe682aa06ed, semaphore (aaaada) removed from A , b6040382-973d-434c-8d69-ffe682aa06ed , 1632706816411 , 1632706816412
case-b6040382-973d-434c-8d69-ffe682aa06ed, semaphore (aaaada) added in A , b6040382-973d-434c-8d69-ffe682aa06ed , 1632706816411 , 1632706816412
case-b6040382-973d-434c-8d69-ffe682aa06ed, signal (aaaacv) removed from A , b6040382-973d-434c-8d69-ffe682aa06ed , 1632706819928 , 1632706819929
case-b6040382-973d-434c-8d69-ffe682aa06ed, signal (aaaacv) added in A , b6040382-973d-434c-8d69-ffe682aa06ed , 1632706819928 , 1632706819929
case-b6040382-973d-434c-8d69-ffe682aa06ed, signal (aaaacv) removed from A , b6040382-973d-434c-8d69-ffe682aa06ed , 1632706825878 , 1632706825879
case-b6040382-973d-434c-8d69-ffe682aa06ed, signal (aaaacv) added in A , b6040382-973d-434c-8d69-ffe682aa06ed , 1632706825878 , 1632706825879
case-b6040382-973d-434c-8d69-ffe682aa06ed, signal (aaaacn) removed from A , b6040382-973d-434c-8d69-ffe682aa06ed , 1632706826901 , 1632706826902
case-b6040382-973d-434c-8d69-ffe682aa06ed, signal (aaaacn) added in A , b6040382-973d-434c-8d69-ffe682aa06ed , 1632706826901 , 1632706826902
case-b6040382-973d-434c-8d69-ffe682aa06ed, signal (aaaadd) removed from I , b6040382-973d-434c-8d69-ffe682aa06ed , 1632706829076 , 1632706829077
case-b6040382-973d-434c-8d69-ffe682aa06ed, signal (aaaacv) removed from A , b6040382-973d-434c-8d69-ffe682aa06ed , 1632706830097 , 1632706830098
case-b6040382-973d-434c-8d69-ffe682aa06ed, failure/TEST , b6040382-973d-434c-8d69-ffe682aa06ed , 1632706832061 , 1632706832062
case-b6040382-973d-434c-8d69-ffe682aa06ed, failure/TEST , b6040382-973d-434c-8d69-ffe682aa06ed , 1632706841704 , 1632706841705
case-b6040382-973d-434c-8d69-ffe682aa06ed, signal (aaaacn) removed from A , b6040382-973d-434c-8d69-ffe682aa06ed , 1632706845566 , 1632706845567
case-b6040382-973d-434c-8d69-ffe682aa06ed, signal (aaaacn) added in A , b6040382-973d-434c-8d69-ffe682aa06ed , 1632706845566 , 1632706845567
case-b6040382-973d-434c-8d69-ffe682aa06ed, success/TEST , b6040382-973d-434c-8d69-ffe682aa06ed , 1632706848413 , 1632706848414
case-b6040382-973d-434c-8d69-ffe682aa06ed, success/TEST , b6040382-973d-434c-8d69-ffe682aa06ed , 1632706851370 , 1632706851371
case-b6040382-973d-434c-8d69-ffe682aa06ed, success/SUBMIT , b6040382-973d-434c-8d69-ffe682aa06ed , 1632706887784 , 1632706887785
case-0bda2331-f590-4b16-9409-b2d22411b1ca, Not a test/submit , 0bda2331-f590-4b16-9409-b2d22411b1ca , 1632767401547 , 1632767401548
case-0bda2331-f590-4b16-9409-b2d22411b1ca, Put signal  in Zone D, 0bda2331-f590-4b16-9409-b2d22411b1ca , 1632767407971 , 1632767407972
case-0bda2331-f590-4b16-9409-b2d22411b1ca, signal (aaaaak) removed from D , 0bda2331-f590-4b16-9409-b2d22411b1ca , 1632767409108 , 1632767409109
case-0bda2331-f590-4b16-9409-b2d22411b1ca, signal (aaaaak) added in D , 0bda2331-f590-4b16-9409-b2d22411b1ca , 1632767409108 , 1632767409109
case-0bda2331-f590-4b16-9409-b2d22411b1ca, DY, 0bda2331-f590-4b16-9409-b2d22411b1ca , 1632767409556 , 1632767409557
case-0bda2331-f590-4b16-9409-b2d22411b1ca, signal (aaaaak) removed from D , 0bda2331-f590-4b16-9409-b2d22411b1ca , 1632767413137 , 1632767413138
case-0bda2331-f590-4b16-9409-b2d22411b1ca, signal (aaaaak) added in A , 0bda2331-f590-4b16-9409-b2d22411b1ca , 1632767413137 , 1632767413138
case-0bda2331-f590-4b16-9409-b2d22411b1ca, Put signal  in Zone I, 0bda2331-f590-4b16-9409-b2d22411b1ca , 1632767416880 , 1632767416881
case-0bda2331-f590-4b16-9409-b2d22411b1ca, IY, 0bda2331-f590-4b16-9409-b2d22411b1ca , 1632767417381 , 1632767417382
case-0bda2331-f590-4b16-9409-b2d22411b1ca, Put semaphore  in Zone A, 0bda2331-f590-4b16-9409-b2d22411b1ca , 1632767420695 , 1632767420696
case-0bda2331-f590-4b16-9409-b2d22411b1ca, Put semaphore  in Zone J, 0bda2331-f590-4b16-9409-b2d22411b1ca , 1632767426567 , 1632767426568
case-0bda2331-f590-4b16-9409-b2d22411b1ca, semaphore (aaaaar) removed from J , 0bda2331-f590-4b16-9409-b2d22411b1ca , 1632767430774 , 1632767430775
case-0bda2331-f590-4b16-9409-b2d22411b1ca, semaphore (aaaaar) added in J , 0bda2331-f590-4b16-9409-b2d22411b1ca , 1632767430774 , 1632767430775
case-0bda2331-f590-4b16-9409-b2d22411b1ca, semaphore (aaaaaq) removed from A , 0bda2331-f590-4b16-9409-b2d22411b1ca , 1632767432846 , 1632767432847
case-0bda2331-f590-4b16-9409-b2d22411b1ca, semaphore (aaaaaq) added in F , 0bda2331-f590-4b16-9409-b2d22411b1ca , 1632767432846 , 1632767432847
case-0bda2331-f590-4b16-9409-b2d22411b1ca, semaphore (aaaaar) removed from J , 0bda2331-f590-4b16-9409-b2d22411b1ca , 1632767435386 , 1632767435387
case-0bda2331-f590-4b16-9409-b2d22411b1ca, semaphore (aaaaar) added in J , 0bda2331-f590-4b16-9409-b2d22411b1ca , 1632767435386 , 1632767435387
case-0bda2331-f590-4b16-9409-b2d22411b1ca, semaphore (aaaaaq) removed from F , 0bda2331-f590-4b16-9409-b2d22411b1ca , 1632767437528 , 1632767437529
case-0bda2331-f590-4b16-9409-b2d22411b1ca, semaphore (aaaaaq) added in A , 0bda2331-f590-4b16-9409-b2d22411b1ca , 1632767437528 , 1632767437529
case-0bda2331-f590-4b16-9409-b2d22411b1ca, semaphore (aaaaaq) Toggled , 0bda2331-f590-4b16-9409-b2d22411b1ca , 1632767445354 , 1632767445355
case-0bda2331-f590-4b16-9409-b2d22411b1ca, semaphore (aaaaaq) removed from A , 0bda2331-f590-4b16-9409-b2d22411b1ca , 1632767445430 , 1632767445431
case-0bda2331-f590-4b16-9409-b2d22411b1ca, semaphore (aaaaaq) added in A , 0bda2331-f590-4b16-9409-b2d22411b1ca , 1632767445430 , 1632767445431
case-0bda2331-f590-4b16-9409-b2d22411b1ca, Put signal  in Zone A, 0bda2331-f590-4b16-9409-b2d22411b1ca , 1632767474648 , 1632767474649
case-0bda2331-f590-4b16-9409-b2d22411b1ca, AA, 0bda2331-f590-4b16-9409-b2d22411b1ca , 1632767475044 , 1632767475045
case-0bda2331-f590-4b16-9409-b2d22411b1ca, signal (aaaaas) removed from A , 0bda2331-f590-4b16-9409-b2d22411b1ca , 1632767486449 , 1632767486450
case-0bda2331-f590-4b16-9409-b2d22411b1ca, Put signal  in Zone A, 0bda2331-f590-4b16-9409-b2d22411b1ca , 1632767505321 , 1632767505322
case-0bda2331-f590-4b16-9409-b2d22411b1ca, signal (aaaaav) removed from A , 0bda2331-f590-4b16-9409-b2d22411b1ca , 1632767506543 , 1632767506544
case-0bda2331-f590-4b16-9409-b2d22411b1ca, signal (aaaaav) added in A , 0bda2331-f590-4b16-9409-b2d22411b1ca , 1632767506543 , 1632767506544
case-0bda2331-f590-4b16-9409-b2d22411b1ca, AJ, 0bda2331-f590-4b16-9409-b2d22411b1ca , 1632767507081 , 1632767507082
case-0bda2331-f590-4b16-9409-b2d22411b1ca, Put signal  in Zone E, 0bda2331-f590-4b16-9409-b2d22411b1ca , 1632767516283 , 1632767516284
case-0bda2331-f590-4b16-9409-b2d22411b1ca, EA, 0bda2331-f590-4b16-9409-b2d22411b1ca , 1632767516725 , 1632767516726
case-0bda2331-f590-4b16-9409-b2d22411b1ca, success/TEST , 0bda2331-f590-4b16-9409-b2d22411b1ca , 1632767582496 , 1632767582497
case-0bda2331-f590-4b16-9409-b2d22411b1ca, failure/SUBMIT , 0bda2331-f590-4b16-9409-b2d22411b1ca , 1632767587323 , 1632767587324
case-0bda2331-f590-4b16-9409-b2d22411b1ca, success/TEST , 0bda2331-f590-4b16-9409-b2d22411b1ca , 1632767615017 , 1632767615018
case-0bda2331-f590-4b16-9409-b2d22411b1ca, failure/SUBMIT , 0bda2331-f590-4b16-9409-b2d22411b1ca , 1632767618878 , 1632767618879
case-0bda2331-f590-4b16-9409-b2d22411b1ca, success/TEST , 0bda2331-f590-4b16-9409-b2d22411b1ca , 1632767632930 , 1632767632931
case-0bda2331-f590-4b16-9409-b2d22411b1ca, failure/SUBMIT , 0bda2331-f590-4b16-9409-b2d22411b1ca , 1632767651232 , 1632767651233
case-0bda2331-f590-4b16-9409-b2d22411b1ca, signal (aaaaay) removed from E , 0bda2331-f590-4b16-9409-b2d22411b1ca , 1632767665589 , 1632767665590
case-0bda2331-f590-4b16-9409-b2d22411b1ca, signal (aaaaay) added in I , 0bda2331-f590-4b16-9409-b2d22411b1ca , 1632767665589 , 1632767665590
case-0bda2331-f590-4b16-9409-b2d22411b1ca, success/TEST , 0bda2331-f590-4b16-9409-b2d22411b1ca , 1632767668508 , 1632767668509
case-0bda2331-f590-4b16-9409-b2d22411b1ca, failure/SUBMIT , 0bda2331-f590-4b16-9409-b2d22411b1ca , 1632767687693 , 1632767687694
case-0bda2331-f590-4b16-9409-b2d22411b1ca, signal (aaaaay) removed from I , 0bda2331-f590-4b16-9409-b2d22411b1ca , 1632767697810 , 1632767697811
case-0bda2331-f590-4b16-9409-b2d22411b1ca, signal (aaaaay) added in I , 0bda2331-f590-4b16-9409-b2d22411b1ca , 1632767697810 , 1632767697811
case-0bda2331-f590-4b16-9409-b2d22411b1ca, signal (aaaaan) removed from I , 0bda2331-f590-4b16-9409-b2d22411b1ca , 1632767698472 , 1632767698473
case-0bda2331-f590-4b16-9409-b2d22411b1ca, signal (aaaaan) added in I , 0bda2331-f590-4b16-9409-b2d22411b1ca , 1632767698472 , 1632767698473
case-0bda2331-f590-4b16-9409-b2d22411b1ca, signal (aaaaay) removed from I , 0bda2331-f590-4b16-9409-b2d22411b1ca , 1632767699146 , 1632767699147
case-0bda2331-f590-4b16-9409-b2d22411b1ca, signal (aaaaay) added in I , 0bda2331-f590-4b16-9409-b2d22411b1ca , 1632767699146 , 1632767699147
case-0bda2331-f590-4b16-9409-b2d22411b1ca, success/TEST , 0bda2331-f590-4b16-9409-b2d22411b1ca , 1632767704644 , 1632767704645
case-0bda2331-f590-4b16-9409-b2d22411b1ca, success/SUBMIT , 0bda2331-f590-4b16-9409-b2d22411b1ca , 1632767715530 , 1632767715531
case-deae4cd9-d2fa-49ed-8634-a6aa7facf118, Not a test/submit , deae4cd9-d2fa-49ed-8634-a6aa7facf118 , 1632847868446 , 1632847868447
case-deae4cd9-d2fa-49ed-8634-a6aa7facf118, failure/TEST , deae4cd9-d2fa-49ed-8634-a6aa7facf118 , 1632847903672 , 1632847903673
case-a96c510e-687c-4889-8d21-a4444cd08de0, Not a test/submit , a96c510e-687c-4889-8d21-a4444cd08de0 , 1632855382236 , 1632855382237
case-a96c510e-687c-4889-8d21-a4444cd08de0, Put semaphore  in Zone X, a96c510e-687c-4889-8d21-a4444cd08de0 , 1632855406550 , 1632855406551
case-a96c510e-687c-4889-8d21-a4444cd08de0, semaphore (aaaaap) Toggled , a96c510e-687c-4889-8d21-a4444cd08de0 , 1632855407032 , 1632855407033
case-a96c510e-687c-4889-8d21-a4444cd08de0, semaphore (aaaaap) removed from X , a96c510e-687c-4889-8d21-a4444cd08de0 , 1632855407108 , 1632855407109
case-a96c510e-687c-4889-8d21-a4444cd08de0, semaphore (aaaaap) added in X , a96c510e-687c-4889-8d21-a4444cd08de0 , 1632855407108 , 1632855407109
case-a96c510e-687c-4889-8d21-a4444cd08de0, Put semaphore  in Zone J, a96c510e-687c-4889-8d21-a4444cd08de0 , 1632855418912 , 1632855418913
case-a96c510e-687c-4889-8d21-a4444cd08de0, Put signal  in Zone D, a96c510e-687c-4889-8d21-a4444cd08de0 , 1632855428702 , 1632855428703
case-a96c510e-687c-4889-8d21-a4444cd08de0, signal (aaaaar) removed from D , a96c510e-687c-4889-8d21-a4444cd08de0 , 1632855429244 , 1632855429245
case-a96c510e-687c-4889-8d21-a4444cd08de0, signal (aaaaar) added in D , a96c510e-687c-4889-8d21-a4444cd08de0 , 1632855429244 , 1632855429245
case-a96c510e-687c-4889-8d21-a4444cd08de0, signal (aaaaar) removed from D , a96c510e-687c-4889-8d21-a4444cd08de0 , 1632855433810 , 1632855433811
case-a96c510e-687c-4889-8d21-a4444cd08de0, signal (aaaaar) added in D , a96c510e-687c-4889-8d21-a4444cd08de0 , 1632855433810 , 1632855433811
case-a96c510e-687c-4889-8d21-a4444cd08de0, DY, a96c510e-687c-4889-8d21-a4444cd08de0 , 1632855434481 , 1632855434482
case-a96c510e-687c-4889-8d21-a4444cd08de0, Put signal  in Zone D, a96c510e-687c-4889-8d21-a4444cd08de0 , 1632855446474 , 1632855446475
case-a96c510e-687c-4889-8d21-a4444cd08de0, DJ, a96c510e-687c-4889-8d21-a4444cd08de0 , 1632855447838 , 1632855447839
case-a96c510e-687c-4889-8d21-a4444cd08de0, semaphore (aaaaap) removed from X , a96c510e-687c-4889-8d21-a4444cd08de0 , 1632855454663 , 1632855454664
case-a96c510e-687c-4889-8d21-a4444cd08de0, semaphore (aaaaap) added in X , a96c510e-687c-4889-8d21-a4444cd08de0 , 1632855454663 , 1632855454664
case-a96c510e-687c-4889-8d21-a4444cd08de0, semaphore (aaaaap) Toggled , a96c510e-687c-4889-8d21-a4444cd08de0 , 1632855455127 , 1632855455128
case-a96c510e-687c-4889-8d21-a4444cd08de0, semaphore (aaaaap) removed from X , a96c510e-687c-4889-8d21-a4444cd08de0 , 1632855455208 , 1632855455209
case-a96c510e-687c-4889-8d21-a4444cd08de0, semaphore (aaaaap) added in X , a96c510e-687c-4889-8d21-a4444cd08de0 , 1632855455208 , 1632855455209
case-a96c510e-687c-4889-8d21-a4444cd08de0, failure/TEST , a96c510e-687c-4889-8d21-a4444cd08de0 , 1632855461023 , 1632855461024
case-a96c510e-687c-4889-8d21-a4444cd08de0, semaphore (aaaaap) Toggled , a96c510e-687c-4889-8d21-a4444cd08de0 , 1632855463799 , 1632855463800
case-a96c510e-687c-4889-8d21-a4444cd08de0, semaphore (aaaaap) removed from X , a96c510e-687c-4889-8d21-a4444cd08de0 , 1632855463893 , 1632855463894
case-a96c510e-687c-4889-8d21-a4444cd08de0, semaphore (aaaaap) added in X , a96c510e-687c-4889-8d21-a4444cd08de0 , 1632855463893 , 1632855463894
case-a96c510e-687c-4889-8d21-a4444cd08de0, failure/TEST , a96c510e-687c-4889-8d21-a4444cd08de0 , 1632855479270 , 1632855479271
case-a96c510e-687c-4889-8d21-a4444cd08de0, Put signal  in Zone F, a96c510e-687c-4889-8d21-a4444cd08de0 , 1632855501769 , 1632855501770
case-a96c510e-687c-4889-8d21-a4444cd08de0, signal (aaaaax) removed from F , a96c510e-687c-4889-8d21-a4444cd08de0 , 1632855502246 , 1632855502247
case-a96c510e-687c-4889-8d21-a4444cd08de0, signal (aaaaax) added in F , a96c510e-687c-4889-8d21-a4444cd08de0 , 1632855502246 , 1632855502247
case-a96c510e-687c-4889-8d21-a4444cd08de0, FY, a96c510e-687c-4889-8d21-a4444cd08de0 , 1632855503823 , 1632855503824
case-a96c510e-687c-4889-8d21-a4444cd08de0, semaphore (aaaaap) removed from X , a96c510e-687c-4889-8d21-a4444cd08de0 , 1632855511400 , 1632855511401
case-a96c510e-687c-4889-8d21-a4444cd08de0, semaphore (aaaaap) added in A , a96c510e-687c-4889-8d21-a4444cd08de0 , 1632855511400 , 1632855511401
case-a96c510e-687c-4889-8d21-a4444cd08de0, semaphore (aaaaap) Toggled , a96c510e-687c-4889-8d21-a4444cd08de0 , 1632855511641 , 1632855511642
case-a96c510e-687c-4889-8d21-a4444cd08de0, semaphore (aaaaap) removed from A , a96c510e-687c-4889-8d21-a4444cd08de0 , 1632855511760 , 1632855511761
case-a96c510e-687c-4889-8d21-a4444cd08de0, semaphore (aaaaap) added in A , a96c510e-687c-4889-8d21-a4444cd08de0 , 1632855511760 , 1632855511761
case-a96c510e-687c-4889-8d21-a4444cd08de0, Put signal  in Zone E, a96c510e-687c-4889-8d21-a4444cd08de0 , 1632855520756 , 1632855520757
case-a96c510e-687c-4889-8d21-a4444cd08de0, EA, a96c510e-687c-4889-8d21-a4444cd08de0 , 1632855522175 , 1632855522176
case-a96c510e-687c-4889-8d21-a4444cd08de0, signal (aaaaap) Toggled , a96c510e-687c-4889-8d21-a4444cd08de0 , 1632855524822 , 1632855524823
case-a96c510e-687c-4889-8d21-a4444cd08de0, semaphore (aaaaap) removed from A , a96c510e-687c-4889-8d21-a4444cd08de0 , 1632855524914 , 1632855524915
case-a96c510e-687c-4889-8d21-a4444cd08de0, semaphore (aaaaap) added in A , a96c510e-687c-4889-8d21-a4444cd08de0 , 1632855524914 , 1632855524915
case-a96c510e-687c-4889-8d21-a4444cd08de0, success/TEST , a96c510e-687c-4889-8d21-a4444cd08de0 , 1632855553561 , 1632855553562
case-a9ad2164-9ec7-47e7-9e15-9214ecadd879, Not a test/submit , a9ad2164-9ec7-47e7-9e15-9214ecadd879 , 1632341499007 , 1632341499008
case-a9ad2164-9ec7-47e7-9e15-9214ecadd879, Put semaphore  in Zone C, a9ad2164-9ec7-47e7-9e15-9214ecadd879 , 1632341504297 , 1632341504298
case-a9ad2164-9ec7-47e7-9e15-9214ecadd879, semaphore (aaaaaa) removed from C , a9ad2164-9ec7-47e7-9e15-9214ecadd879 , 1632341505008 , 1632341505009
case-a9ad2164-9ec7-47e7-9e15-9214ecadd879, semaphore (aaaaaa) added in C , a9ad2164-9ec7-47e7-9e15-9214ecadd879 , 1632341505008 , 1632341505009
case-a9ad2164-9ec7-47e7-9e15-9214ecadd879, semaphore (aaaaaa) Toggled , a9ad2164-9ec7-47e7-9e15-9214ecadd879 , 1632341505010 , 1632341505011
case-a9ad2164-9ec7-47e7-9e15-9214ecadd879, Put signal  in Zone B, a9ad2164-9ec7-47e7-9e15-9214ecadd879 , 1632341506977 , 1632341506978
case-a9ad2164-9ec7-47e7-9e15-9214ecadd879, signal (aaaaab) removed from B , a9ad2164-9ec7-47e7-9e15-9214ecadd879 , 1632341507289 , 1632341507290
case-a9ad2164-9ec7-47e7-9e15-9214ecadd879, signal (aaaaab) added in B , a9ad2164-9ec7-47e7-9e15-9214ecadd879 , 1632341507289 , 1632341507290
case-a9ad2164-9ec7-47e7-9e15-9214ecadd879, signal (aaaaab) removed from B , a9ad2164-9ec7-47e7-9e15-9214ecadd879 , 1632341507984 , 1632341507985
case-a9ad2164-9ec7-47e7-9e15-9214ecadd879, signal (aaaaab) added in B , a9ad2164-9ec7-47e7-9e15-9214ecadd879 , 1632341507984 , 1632341507985
case-a9ad2164-9ec7-47e7-9e15-9214ecadd879, BC, a9ad2164-9ec7-47e7-9e15-9214ecadd879 , 1632341512629 , 1632341512630
case-a9ad2164-9ec7-47e7-9e15-9214ecadd879, Put semaphore  in Zone H, a9ad2164-9ec7-47e7-9e15-9214ecadd879 , 1632341526140 , 1632341526141
case-a9ad2164-9ec7-47e7-9e15-9214ecadd879, Put semaphore  in Zone J, a9ad2164-9ec7-47e7-9e15-9214ecadd879 , 1632341528273 , 1632341528274
case-a9ad2164-9ec7-47e7-9e15-9214ecadd879, semaphore (aaaaaf) removed from J , a9ad2164-9ec7-47e7-9e15-9214ecadd879 , 1632341529209 , 1632341529210
case-a9ad2164-9ec7-47e7-9e15-9214ecadd879, semaphore (aaaaaf) added in J , a9ad2164-9ec7-47e7-9e15-9214ecadd879 , 1632341529209 , 1632341529210
case-a9ad2164-9ec7-47e7-9e15-9214ecadd879, semaphore (aaaaaf) Toggled , a9ad2164-9ec7-47e7-9e15-9214ecadd879 , 1632341529211 , 1632341529212
case-a9ad2164-9ec7-47e7-9e15-9214ecadd879, Put signal  in Zone F, a9ad2164-9ec7-47e7-9e15-9214ecadd879 , 1632341531930 , 1632341531931
case-a9ad2164-9ec7-47e7-9e15-9214ecadd879, FY, a9ad2164-9ec7-47e7-9e15-9214ecadd879 , 1632341534515 , 1632341534516
case-a9ad2164-9ec7-47e7-9e15-9214ecadd879, Put signal  in Zone F, a9ad2164-9ec7-47e7-9e15-9214ecadd879 , 1632341539281 , 1632341539282
case-a9ad2164-9ec7-47e7-9e15-9214ecadd879, FH, a9ad2164-9ec7-47e7-9e15-9214ecadd879 , 1632341539923 , 1632341539924
case-a9ad2164-9ec7-47e7-9e15-9214ecadd879, Put signal  in Zone D, a9ad2164-9ec7-47e7-9e15-9214ecadd879 , 1632341544578 , 1632341544579
case-a9ad2164-9ec7-47e7-9e15-9214ecadd879, DY, a9ad2164-9ec7-47e7-9e15-9214ecadd879 , 1632341548259 , 1632341548260
case-a9ad2164-9ec7-47e7-9e15-9214ecadd879, Put signal  in Zone D, a9ad2164-9ec7-47e7-9e15-9214ecadd879 , 1632341550922 , 1632341550923
case-a9ad2164-9ec7-47e7-9e15-9214ecadd879, DJ, a9ad2164-9ec7-47e7-9e15-9214ecadd879 , 1632341551323 , 1632341551324
case-a9ad2164-9ec7-47e7-9e15-9214ecadd879, failure/TEST , a9ad2164-9ec7-47e7-9e15-9214ecadd879 , 1632341558920 , 1632341558921
case-a9ad2164-9ec7-47e7-9e15-9214ecadd879, semaphore (aaaaaf) removed from J , a9ad2164-9ec7-47e7-9e15-9214ecadd879 , 1632341581681 , 1632341581682
case-a9ad2164-9ec7-47e7-9e15-9214ecadd879, semaphore (aaaaaf) added in J , a9ad2164-9ec7-47e7-9e15-9214ecadd879 , 1632341581681 , 1632341581682
case-a9ad2164-9ec7-47e7-9e15-9214ecadd879, semaphore (aaaaaf) Toggled , a9ad2164-9ec7-47e7-9e15-9214ecadd879 , 1632341581685 , 1632341581686
case-a9ad2164-9ec7-47e7-9e15-9214ecadd879, semaphore (aaaaae) removed from H , a9ad2164-9ec7-47e7-9e15-9214ecadd879 , 1632341582233 , 1632341582234
case-a9ad2164-9ec7-47e7-9e15-9214ecadd879, semaphore (aaaaae) added in H , a9ad2164-9ec7-47e7-9e15-9214ecadd879 , 1632341582233 , 1632341582234
case-a9ad2164-9ec7-47e7-9e15-9214ecadd879, semaphore (aaaaae) Toggled , a9ad2164-9ec7-47e7-9e15-9214ecadd879 , 1632341582236 , 1632341582237
case-a9ad2164-9ec7-47e7-9e15-9214ecadd879, success/TEST , a9ad2164-9ec7-47e7-9e15-9214ecadd879 , 1632341610489 , 1632341610490
case-a9ad2164-9ec7-47e7-9e15-9214ecadd879, success/SUBMIT , a9ad2164-9ec7-47e7-9e15-9214ecadd879 , 1632341647458 , 1632341647459
case-776ac684-6591-4c40-a6f7-443ef4c8855b, Not a test/submit , 776ac684-6591-4c40-a6f7-443ef4c8855b , 1632951742477 , 1632951742478
case-776ac684-6591-4c40-a6f7-443ef4c8855b, failure/TEST , 776ac684-6591-4c40-a6f7-443ef4c8855b , 1632951772019 , 1632951772020
case-776ac684-6591-4c40-a6f7-443ef4c8855b, Put semaphore  in Zone J, 776ac684-6591-4c40-a6f7-443ef4c8855b , 1632951856618 , 1632951856619
case-776ac684-6591-4c40-a6f7-443ef4c8855b, semaphore (aaaaau) removed from J , 776ac684-6591-4c40-a6f7-443ef4c8855b , 1632951858899 , 1632951858900
case-776ac684-6591-4c40-a6f7-443ef4c8855b, semaphore (aaaaau) added in J , 776ac684-6591-4c40-a6f7-443ef4c8855b , 1632951858899 , 1632951858900
case-776ac684-6591-4c40-a6f7-443ef4c8855b, Put signal  in Zone D, 776ac684-6591-4c40-a6f7-443ef4c8855b , 1632951865501 , 1632951865502
case-776ac684-6591-4c40-a6f7-443ef4c8855b, DJ, 776ac684-6591-4c40-a6f7-443ef4c8855b , 1632951867816 , 1632951867817
case-776ac684-6591-4c40-a6f7-443ef4c8855b, Put semaphore  in Zone A, 776ac684-6591-4c40-a6f7-443ef4c8855b , 1632951887802 , 1632951887803
case-776ac684-6591-4c40-a6f7-443ef4c8855b, Put signal  in Zone F, 776ac684-6591-4c40-a6f7-443ef4c8855b , 1632951901618 , 1632951901619
case-776ac684-6591-4c40-a6f7-443ef4c8855b, FA, 776ac684-6591-4c40-a6f7-443ef4c8855b , 1632951903138 , 1632951903139
case-776ac684-6591-4c40-a6f7-443ef4c8855b, signal (aaaaay) Toggled , 776ac684-6591-4c40-a6f7-443ef4c8855b , 1632951915282 , 1632951915283
case-776ac684-6591-4c40-a6f7-443ef4c8855b, Put signal  in Zone D, 776ac684-6591-4c40-a6f7-443ef4c8855b , 1632951930003 , 1632951930004
case-776ac684-6591-4c40-a6f7-443ef4c8855b, signal (aaaaav) removed from D , 776ac684-6591-4c40-a6f7-443ef4c8855b , 1632951937100 , 1632951937101
case-776ac684-6591-4c40-a6f7-443ef4c8855b, signal (aaaaav) added in D , 776ac684-6591-4c40-a6f7-443ef4c8855b , 1632951937100 , 1632951937101
case-776ac684-6591-4c40-a6f7-443ef4c8855b, DY, 776ac684-6591-4c40-a6f7-443ef4c8855b , 1632951937822 , 1632951937823
case-776ac684-6591-4c40-a6f7-443ef4c8855b, signal (aaaaaz) removed from F , 776ac684-6591-4c40-a6f7-443ef4c8855b , 1632951946299 , 1632951946300
case-776ac684-6591-4c40-a6f7-443ef4c8855b, signal (aaaaaz) added in F , 776ac684-6591-4c40-a6f7-443ef4c8855b , 1632951946299 , 1632951946300
case-776ac684-6591-4c40-a6f7-443ef4c8855b, Put signal  in Zone F, 776ac684-6591-4c40-a6f7-443ef4c8855b , 1632951948768 , 1632951948769
case-776ac684-6591-4c40-a6f7-443ef4c8855b, FY, 776ac684-6591-4c40-a6f7-443ef4c8855b , 1632951949402 , 1632951949403
case-776ac684-6591-4c40-a6f7-443ef4c8855b, success/TEST , 776ac684-6591-4c40-a6f7-443ef4c8855b , 1632951978486 , 1632951978487
case-776ac684-6591-4c40-a6f7-443ef4c8855b, failure/SUBMIT , 776ac684-6591-4c40-a6f7-443ef4c8855b , 1632952007240 , 1632952007241
case-776ac684-6591-4c40-a6f7-443ef4c8855b, success/TEST , 776ac684-6591-4c40-a6f7-443ef4c8855b , 1632952067705 , 1632952067706
case-776ac684-6591-4c40-a6f7-443ef4c8855b, failure/SUBMIT , 776ac684-6591-4c40-a6f7-443ef4c8855b , 1632952077401 , 1632952077402
case-776ac684-6591-4c40-a6f7-443ef4c8855b, success/TEST , 776ac684-6591-4c40-a6f7-443ef4c8855b , 1632952097661 , 1632952097662
case-776ac684-6591-4c40-a6f7-443ef4c8855b, failure/SUBMIT , 776ac684-6591-4c40-a6f7-443ef4c8855b , 1632952125243 , 1632952125244
case-776ac684-6591-4c40-a6f7-443ef4c8855b, signal (aaaaav) removed from D , 776ac684-6591-4c40-a6f7-443ef4c8855b , 1632952140603 , 1632952140604
case-776ac684-6591-4c40-a6f7-443ef4c8855b, signal (aaaaav) added in B , 776ac684-6591-4c40-a6f7-443ef4c8855b , 1632952140603 , 1632952140604
case-776ac684-6591-4c40-a6f7-443ef4c8855b, signal (aaaaaz) removed from F , 776ac684-6591-4c40-a6f7-443ef4c8855b , 1632952148035 , 1632952148036
case-776ac684-6591-4c40-a6f7-443ef4c8855b, signal (aaaaaz) added in B , 776ac684-6591-4c40-a6f7-443ef4c8855b , 1632952148035 , 1632952148036
case-776ac684-6591-4c40-a6f7-443ef4c8855b, success/TEST , 776ac684-6591-4c40-a6f7-443ef4c8855b , 1632952176343 , 1632952176344
case-776ac684-6591-4c40-a6f7-443ef4c8855b, failure/SUBMIT , 776ac684-6591-4c40-a6f7-443ef4c8855b , 1632952180829 , 1632952180830
case-776ac684-6591-4c40-a6f7-443ef4c8855b, signal (aaaaav) removed from B , 776ac684-6591-4c40-a6f7-443ef4c8855b , 1632952191087 , 1632952191088
case-776ac684-6591-4c40-a6f7-443ef4c8855b, signal (aaaaav) added in A , 776ac684-6591-4c40-a6f7-443ef4c8855b , 1632952191087 , 1632952191088
case-776ac684-6591-4c40-a6f7-443ef4c8855b, signal (aaaaaz) removed from B , 776ac684-6591-4c40-a6f7-443ef4c8855b , 1632952197601 , 1632952197602
case-776ac684-6591-4c40-a6f7-443ef4c8855b, signal (aaaaaz) added in B , 776ac684-6591-4c40-a6f7-443ef4c8855b , 1632952197601 , 1632952197602
case-776ac684-6591-4c40-a6f7-443ef4c8855b, signal (aaaaaz) removed from B , 776ac684-6591-4c40-a6f7-443ef4c8855b , 1632952199851 , 1632952199852
case-776ac684-6591-4c40-a6f7-443ef4c8855b, signal (aaaaaz) added in E , 776ac684-6591-4c40-a6f7-443ef4c8855b , 1632952199851 , 1632952199852
case-776ac684-6591-4c40-a6f7-443ef4c8855b, signal (aaaaaz) removed from E , 776ac684-6591-4c40-a6f7-443ef4c8855b , 1632952201302 , 1632952201303
case-776ac684-6591-4c40-a6f7-443ef4c8855b, signal (aaaaaz) added in E , 776ac684-6591-4c40-a6f7-443ef4c8855b , 1632952201302 , 1632952201303
case-776ac684-6591-4c40-a6f7-443ef4c8855b, success/TEST , 776ac684-6591-4c40-a6f7-443ef4c8855b , 1632952224212 , 1632952224213
case-776ac684-6591-4c40-a6f7-443ef4c8855b, success/SUBMIT , 776ac684-6591-4c40-a6f7-443ef4c8855b , 1632952261248 , 1632952261249
case-8f25e0c0-5708-43f2-a927-e4e342b6b5f0, Not a test/submit , 8f25e0c0-5708-43f2-a927-e4e342b6b5f0 , 1628196573556 , 1628196573557
case-8f25e0c0-5708-43f2-a927-e4e342b6b5f0, Put semaphore  in Zone A, 8f25e0c0-5708-43f2-a927-e4e342b6b5f0 , 1628196578159 , 1628196578160
case-8f25e0c0-5708-43f2-a927-e4e342b6b5f0, semaphore (aaaaaz) Toggled , 8f25e0c0-5708-43f2-a927-e4e342b6b5f0 , 1628196579660 , 1628196579661
case-8f25e0c0-5708-43f2-a927-e4e342b6b5f0, semaphore (aaaaaz) removed from A , 8f25e0c0-5708-43f2-a927-e4e342b6b5f0 , 1628196582440 , 1628196582441
case-8f25e0c0-5708-43f2-a927-e4e342b6b5f0, semaphore (aaaaaz) added in A , 8f25e0c0-5708-43f2-a927-e4e342b6b5f0 , 1628196582440 , 1628196582441
case-8f25e0c0-5708-43f2-a927-e4e342b6b5f0, semaphore (aaaaaz) Toggled , 8f25e0c0-5708-43f2-a927-e4e342b6b5f0 , 1628196582444 , 1628196582445
case-8f25e0c0-5708-43f2-a927-e4e342b6b5f0, Put signal  in Zone J, 8f25e0c0-5708-43f2-a927-e4e342b6b5f0 , 1628196586487 , 1628196586488
case-8f25e0c0-5708-43f2-a927-e4e342b6b5f0, Put semaphore  in Zone I, 8f25e0c0-5708-43f2-a927-e4e342b6b5f0 , 1628196594401 , 1628196594402
case-8f25e0c0-5708-43f2-a927-e4e342b6b5f0, semaphore (aaaabb) removed from I , 8f25e0c0-5708-43f2-a927-e4e342b6b5f0 , 1628196599544 , 1628196599545
case-8f25e0c0-5708-43f2-a927-e4e342b6b5f0, semaphore (aaaabb) added in I , 8f25e0c0-5708-43f2-a927-e4e342b6b5f0 , 1628196599544 , 1628196599545
case-8f25e0c0-5708-43f2-a927-e4e342b6b5f0, semaphore (aaaabb) removed from I , 8f25e0c0-5708-43f2-a927-e4e342b6b5f0 , 1628196607791 , 1628196607792
case-8f25e0c0-5708-43f2-a927-e4e342b6b5f0, semaphore (aaaabb) added in J , 8f25e0c0-5708-43f2-a927-e4e342b6b5f0 , 1628196607791 , 1628196607792
case-8f25e0c0-5708-43f2-a927-e4e342b6b5f0, semaphore (aaaabb) removed from J , 8f25e0c0-5708-43f2-a927-e4e342b6b5f0 , 1628196614933 , 1628196614934
case-8f25e0c0-5708-43f2-a927-e4e342b6b5f0, semaphore (aaaabb) added in W , 8f25e0c0-5708-43f2-a927-e4e342b6b5f0 , 1628196614933 , 1628196614934
case-8f25e0c0-5708-43f2-a927-e4e342b6b5f0, Put semaphore  in Zone X, 8f25e0c0-5708-43f2-a927-e4e342b6b5f0 , 1628196616649 , 1628196616650
case-8f25e0c0-5708-43f2-a927-e4e342b6b5f0, semaphore (aaaabc) removed from X , 8f25e0c0-5708-43f2-a927-e4e342b6b5f0 , 1628196624894 , 1628196624895
case-8f25e0c0-5708-43f2-a927-e4e342b6b5f0, Put signal  in Zone I, 8f25e0c0-5708-43f2-a927-e4e342b6b5f0 , 1628196627422 , 1628196627423
case-8f25e0c0-5708-43f2-a927-e4e342b6b5f0, signal (aaaabb) removed from W , 8f25e0c0-5708-43f2-a927-e4e342b6b5f0 , 1628196630934 , 1628196630935
case-8f25e0c0-5708-43f2-a927-e4e342b6b5f0, Put signal  in Zone W, 8f25e0c0-5708-43f2-a927-e4e342b6b5f0 , 1628196632126 , 1628196632127
case-8f25e0c0-5708-43f2-a927-e4e342b6b5f0, signal (aaaabe) removed from W , 8f25e0c0-5708-43f2-a927-e4e342b6b5f0 , 1628196637671 , 1628196637672
case-8f25e0c0-5708-43f2-a927-e4e342b6b5f0, signal (aaaabe) added in A , 8f25e0c0-5708-43f2-a927-e4e342b6b5f0 , 1628196637671 , 1628196637672
case-8f25e0c0-5708-43f2-a927-e4e342b6b5f0, signal (aaaabd) removed from I , 8f25e0c0-5708-43f2-a927-e4e342b6b5f0 , 1628196640333 , 1628196640334
case-8f25e0c0-5708-43f2-a927-e4e342b6b5f0, signal (aaaabd) added in B , 8f25e0c0-5708-43f2-a927-e4e342b6b5f0 , 1628196640333 , 1628196640334
case-8f25e0c0-5708-43f2-a927-e4e342b6b5f0, signal (aaaaba) removed from J , 8f25e0c0-5708-43f2-a927-e4e342b6b5f0 , 1628196646878 , 1628196646879
case-8f25e0c0-5708-43f2-a927-e4e342b6b5f0, Put semaphore  in Zone J, 8f25e0c0-5708-43f2-a927-e4e342b6b5f0 , 1628196648071 , 1628196648072
case-8f25e0c0-5708-43f2-a927-e4e342b6b5f0, Put signal  in Zone I, 8f25e0c0-5708-43f2-a927-e4e342b6b5f0 , 1628196655601 , 1628196655602
case-8f25e0c0-5708-43f2-a927-e4e342b6b5f0, IA, 8f25e0c0-5708-43f2-a927-e4e342b6b5f0 , 1628196661603 , 1628196661604
case-8f25e0c0-5708-43f2-a927-e4e342b6b5f0, AJ, 8f25e0c0-5708-43f2-a927-e4e342b6b5f0 , 1628196663715 , 1628196663716
case-8f25e0c0-5708-43f2-a927-e4e342b6b5f0, BY, 8f25e0c0-5708-43f2-a927-e4e342b6b5f0 , 1628196664960 , 1628196664961
case-8f25e0c0-5708-43f2-a927-e4e342b6b5f0, success/TEST , 8f25e0c0-5708-43f2-a927-e4e342b6b5f0 , 1628196682982 , 1628196682983
case-8f25e0c0-5708-43f2-a927-e4e342b6b5f0, success/SUBMIT , 8f25e0c0-5708-43f2-a927-e4e342b6b5f0 , 1628196697374 , 1628196697375
case-975572d2-1e6f-4d20-aac8-01c45b7abf3b, Not a test/submit , 975572d2-1e6f-4d20-aac8-01c45b7abf3b , 1628196241871 , 1628196241872
case-975572d2-1e6f-4d20-aac8-01c45b7abf3b, Put signal  in Zone A, 975572d2-1e6f-4d20-aac8-01c45b7abf3b , 1628196262518 , 1628196262519
case-975572d2-1e6f-4d20-aac8-01c45b7abf3b, AY, 975572d2-1e6f-4d20-aac8-01c45b7abf3b , 1628196263964 , 1628196263965
case-975572d2-1e6f-4d20-aac8-01c45b7abf3b, Put semaphore  in Zone J, 975572d2-1e6f-4d20-aac8-01c45b7abf3b , 1628196268217 , 1628196268218
case-975572d2-1e6f-4d20-aac8-01c45b7abf3b, Put semaphore  in Zone H, 975572d2-1e6f-4d20-aac8-01c45b7abf3b , 1628196270366 , 1628196270367
case-975572d2-1e6f-4d20-aac8-01c45b7abf3b, semaphore (aaaaas) Toggled , 975572d2-1e6f-4d20-aac8-01c45b7abf3b , 1628196272068 , 1628196272069
case-975572d2-1e6f-4d20-aac8-01c45b7abf3b, Put signal  in Zone A, 975572d2-1e6f-4d20-aac8-01c45b7abf3b , 1628196281879 , 1628196281880
case-975572d2-1e6f-4d20-aac8-01c45b7abf3b, AJ, 975572d2-1e6f-4d20-aac8-01c45b7abf3b , 1628196282904 , 1628196282905
case-975572d2-1e6f-4d20-aac8-01c45b7abf3b, Put signal  in Zone I, 975572d2-1e6f-4d20-aac8-01c45b7abf3b , 1628196292975 , 1628196292976
case-975572d2-1e6f-4d20-aac8-01c45b7abf3b, IH, 975572d2-1e6f-4d20-aac8-01c45b7abf3b , 1628196293858 , 1628196293859
case-975572d2-1e6f-4d20-aac8-01c45b7abf3b, failure/TEST , 975572d2-1e6f-4d20-aac8-01c45b7abf3b , 1628196313259 , 1628196313260
case-975572d2-1e6f-4d20-aac8-01c45b7abf3b, signal (aaaaaw) removed from I , 975572d2-1e6f-4d20-aac8-01c45b7abf3b , 1628196330398 , 1628196330399
case-975572d2-1e6f-4d20-aac8-01c45b7abf3b, signal (aaaaaw) added in J , 975572d2-1e6f-4d20-aac8-01c45b7abf3b , 1628196330398 , 1628196330399
case-975572d2-1e6f-4d20-aac8-01c45b7abf3b, signal (aaaaaw) removed from J , 975572d2-1e6f-4d20-aac8-01c45b7abf3b , 1628196361744 , 1628196361745
case-975572d2-1e6f-4d20-aac8-01c45b7abf3b, signal (aaaaaw) added in J , 975572d2-1e6f-4d20-aac8-01c45b7abf3b , 1628196361744 , 1628196361745
case-975572d2-1e6f-4d20-aac8-01c45b7abf3b, signal (aaaaaw) removed from J , 975572d2-1e6f-4d20-aac8-01c45b7abf3b , 1628196366494 , 1628196366495
case-975572d2-1e6f-4d20-aac8-01c45b7abf3b, signal (aaaaaw) added in I , 975572d2-1e6f-4d20-aac8-01c45b7abf3b , 1628196366494 , 1628196366495
case-975572d2-1e6f-4d20-aac8-01c45b7abf3b, signal (aaaaao) removed from A , 975572d2-1e6f-4d20-aac8-01c45b7abf3b , 1628196400510 , 1628196400511
case-975572d2-1e6f-4d20-aac8-01c45b7abf3b, signal (aaaaao) added in W , 975572d2-1e6f-4d20-aac8-01c45b7abf3b , 1628196400510 , 1628196400511
case-975572d2-1e6f-4d20-aac8-01c45b7abf3b, signal (aaaaao) removed from W , 975572d2-1e6f-4d20-aac8-01c45b7abf3b , 1628196407967 , 1628196407968
case-975572d2-1e6f-4d20-aac8-01c45b7abf3b, signal (aaaaao) added in W , 975572d2-1e6f-4d20-aac8-01c45b7abf3b , 1628196407967 , 1628196407968
case-975572d2-1e6f-4d20-aac8-01c45b7abf3b, success/TEST , 975572d2-1e6f-4d20-aac8-01c45b7abf3b , 1628196440397 , 1628196440398
case-975572d2-1e6f-4d20-aac8-01c45b7abf3b, success/SUBMIT , 975572d2-1e6f-4d20-aac8-01c45b7abf3b , 1628196475521 , 1628196475522
case-9b0402ed-9b4b-4da4-8e72-3d224f354984, Not a test/submit , 9b0402ed-9b4b-4da4-8e72-3d224f354984 , 1663946071349 , 1663946071350
case-9b0402ed-9b4b-4da4-8e72-3d224f354984, Put semaphore  in Zone H, 9b0402ed-9b4b-4da4-8e72-3d224f354984 , 1663946073150 , 1663946073151
case-9b0402ed-9b4b-4da4-8e72-3d224f354984, Put semaphore  in Zone J, 9b0402ed-9b4b-4da4-8e72-3d224f354984 , 1663946074275 , 1663946074276
case-9b0402ed-9b4b-4da4-8e72-3d224f354984, Put signal  in Zone A, 9b0402ed-9b4b-4da4-8e72-3d224f354984 , 1663946075434 , 1663946075435
case-9b0402ed-9b4b-4da4-8e72-3d224f354984, Put signal  in Zone E, 9b0402ed-9b4b-4da4-8e72-3d224f354984 , 1663946076406 , 1663946076407
case-9b0402ed-9b4b-4da4-8e72-3d224f354984, Put signal  in Zone C, 9b0402ed-9b4b-4da4-8e72-3d224f354984 , 1663946077371 , 1663946077372
case-9b0402ed-9b4b-4da4-8e72-3d224f354984, CY, 9b0402ed-9b4b-4da4-8e72-3d224f354984 , 1663946077629 , 1663946077630
case-9b0402ed-9b4b-4da4-8e72-3d224f354984, EH, 9b0402ed-9b4b-4da4-8e72-3d224f354984 , 1663946078555 , 1663946078556
case-9b0402ed-9b4b-4da4-8e72-3d224f354984, AJ, 9b0402ed-9b4b-4da4-8e72-3d224f354984 , 1663946079415 , 1663946079416
case-9b0402ed-9b4b-4da4-8e72-3d224f354984, semaphore (aaaaaa) removed from H , 9b0402ed-9b4b-4da4-8e72-3d224f354984 , 1663946080910 , 1663946080911
case-9b0402ed-9b4b-4da4-8e72-3d224f354984, semaphore (aaaaaa) added in H , 9b0402ed-9b4b-4da4-8e72-3d224f354984 , 1663946080910 , 1663946080911
case-9b0402ed-9b4b-4da4-8e72-3d224f354984, semaphore (aaaaaa) Toggled , 9b0402ed-9b4b-4da4-8e72-3d224f354984 , 1663946080916 , 1663946080917
case-9b0402ed-9b4b-4da4-8e72-3d224f354984, success/TEST , 9b0402ed-9b4b-4da4-8e72-3d224f354984 , 1663946111797 , 1663946111798
case-e1789fd0-1ec8-45ed-abd2-0789de029f46, Not a test/submit , e1789fd0-1ec8-45ed-abd2-0789de029f46 , 1628191689650 , 1628191689651
case-e1789fd0-1ec8-45ed-abd2-0789de029f46, Put signal  in Zone J, e1789fd0-1ec8-45ed-abd2-0789de029f46 , 1628191696132 , 1628191696133
case-e1789fd0-1ec8-45ed-abd2-0789de029f46, signal (aaaaaa) removed from J , e1789fd0-1ec8-45ed-abd2-0789de029f46 , 1628191696555 , 1628191696556
case-e1789fd0-1ec8-45ed-abd2-0789de029f46, signal (aaaaaa) added in J , e1789fd0-1ec8-45ed-abd2-0789de029f46 , 1628191696555 , 1628191696556
case-e1789fd0-1ec8-45ed-abd2-0789de029f46, JY, e1789fd0-1ec8-45ed-abd2-0789de029f46 , 1628191702847 , 1628191702848
case-e1789fd0-1ec8-45ed-abd2-0789de029f46, Put signal  in Zone F, e1789fd0-1ec8-45ed-abd2-0789de029f46 , 1628191705365 , 1628191705366
case-e1789fd0-1ec8-45ed-abd2-0789de029f46, FY, e1789fd0-1ec8-45ed-abd2-0789de029f46 , 1628191706205 , 1628191706206
case-e1789fd0-1ec8-45ed-abd2-0789de029f46, Put signal  in Zone E, e1789fd0-1ec8-45ed-abd2-0789de029f46 , 1628191710203 , 1628191710204
case-e1789fd0-1ec8-45ed-abd2-0789de029f46, signal (aaaaag) removed from E , e1789fd0-1ec8-45ed-abd2-0789de029f46 , 1628191714339 , 1628191714340
case-e1789fd0-1ec8-45ed-abd2-0789de029f46, Put semaphore  in Zone J, e1789fd0-1ec8-45ed-abd2-0789de029f46 , 1628191718459 , 1628191718460
case-e1789fd0-1ec8-45ed-abd2-0789de029f46, semaphore (aaaaah) removed from J , e1789fd0-1ec8-45ed-abd2-0789de029f46 , 1628191718955 , 1628191718956
case-e1789fd0-1ec8-45ed-abd2-0789de029f46, semaphore (aaaaah) added in J , e1789fd0-1ec8-45ed-abd2-0789de029f46 , 1628191718955 , 1628191718956
case-e1789fd0-1ec8-45ed-abd2-0789de029f46, semaphore (aaaaah) Toggled , e1789fd0-1ec8-45ed-abd2-0789de029f46 , 1628191718957 , 1628191718958
case-e1789fd0-1ec8-45ed-abd2-0789de029f46, Put signal  in Zone A, e1789fd0-1ec8-45ed-abd2-0789de029f46 , 1628191725627 , 1628191725628
case-e1789fd0-1ec8-45ed-abd2-0789de029f46, signal (aaaaai) removed from A , e1789fd0-1ec8-45ed-abd2-0789de029f46 , 1628191725899 , 1628191725900
case-e1789fd0-1ec8-45ed-abd2-0789de029f46, signal (aaaaai) added in A , e1789fd0-1ec8-45ed-abd2-0789de029f46 , 1628191725899 , 1628191725900
case-e1789fd0-1ec8-45ed-abd2-0789de029f46, AJ, e1789fd0-1ec8-45ed-abd2-0789de029f46 , 1628191726894 , 1628191726895
case-e1789fd0-1ec8-45ed-abd2-0789de029f46, signal (aaaaah) Toggled , e1789fd0-1ec8-45ed-abd2-0789de029f46 , 1628191727875 , 1628191727876
case-e1789fd0-1ec8-45ed-abd2-0789de029f46, semaphore (aaaaah) removed from J , e1789fd0-1ec8-45ed-abd2-0789de029f46 , 1628191729218 , 1628191729219
case-e1789fd0-1ec8-45ed-abd2-0789de029f46, semaphore (aaaaah) added in J , e1789fd0-1ec8-45ed-abd2-0789de029f46 , 1628191729218 , 1628191729219
case-e1789fd0-1ec8-45ed-abd2-0789de029f46, semaphore (aaaaah) Toggled , e1789fd0-1ec8-45ed-abd2-0789de029f46 , 1628191729221 , 1628191729222
case-e1789fd0-1ec8-45ed-abd2-0789de029f46, Put semaphore  in Zone A, e1789fd0-1ec8-45ed-abd2-0789de029f46 , 1628191731476 , 1628191731477
case-e1789fd0-1ec8-45ed-abd2-0789de029f46, Put signal  in Zone E, e1789fd0-1ec8-45ed-abd2-0789de029f46 , 1628191733972 , 1628191733973
case-e1789fd0-1ec8-45ed-abd2-0789de029f46, EA, e1789fd0-1ec8-45ed-abd2-0789de029f46 , 1628191734358 , 1628191734359
case-e1789fd0-1ec8-45ed-abd2-0789de029f46, signal (aaaaal) Toggled , e1789fd0-1ec8-45ed-abd2-0789de029f46 , 1628191735202 , 1628191735203
case-e1789fd0-1ec8-45ed-abd2-0789de029f46, semaphore (aaaaal) removed from A , e1789fd0-1ec8-45ed-abd2-0789de029f46 , 1628191735803 , 1628191735804
case-e1789fd0-1ec8-45ed-abd2-0789de029f46, semaphore (aaaaal) added in A , e1789fd0-1ec8-45ed-abd2-0789de029f46 , 1628191735803 , 1628191735804
case-e1789fd0-1ec8-45ed-abd2-0789de029f46, semaphore (aaaaal) Toggled , e1789fd0-1ec8-45ed-abd2-0789de029f46 , 1628191735805 , 1628191735806
case-e1789fd0-1ec8-45ed-abd2-0789de029f46, success/TEST , e1789fd0-1ec8-45ed-abd2-0789de029f46 , 1628191766393 , 1628191766394
case-e1789fd0-1ec8-45ed-abd2-0789de029f46, success/SUBMIT , e1789fd0-1ec8-45ed-abd2-0789de029f46 , 1628192153047 , 1628192153048
case-cbe59e7f-1459-49f7-82f3-607b313de412, Not a test/submit , cbe59e7f-1459-49f7-82f3-607b313de412 , 1647643285052 , 1647643285053
case-cbe59e7f-1459-49f7-82f3-607b313de412, Put signal  in Zone A, cbe59e7f-1459-49f7-82f3-607b313de412 , 1647643289103 , 1647643289104
case-cbe59e7f-1459-49f7-82f3-607b313de412, Put semaphore  in Zone J, cbe59e7f-1459-49f7-82f3-607b313de412 , 1647643291357 , 1647643291358
case-cbe59e7f-1459-49f7-82f3-607b313de412, EA, cbe59e7f-1459-49f7-82f3-607b313de412 , 1647643292583 , 1647643292584
case-cbe59e7f-1459-49f7-82f3-607b313de412, semaphore (aaaaab) removed from J , cbe59e7f-1459-49f7-82f3-607b313de412 , 1647643294331 , 1647643294332
case-cbe59e7f-1459-49f7-82f3-607b313de412, semaphore (aaaaab) added in J , cbe59e7f-1459-49f7-82f3-607b313de412 , 1647643294331 , 1647643294332
case-cbe59e7f-1459-49f7-82f3-607b313de412, AJ, cbe59e7f-1459-49f7-82f3-607b313de412 , 1647643295341 , 1647643295342
case-cbe59e7f-1459-49f7-82f3-607b313de412, Put semaphore  in Zone A, cbe59e7f-1459-49f7-82f3-607b313de412 , 1647643298590 , 1647643298591
case-cbe59e7f-1459-49f7-82f3-607b313de412, semaphore (aaaaag) Toggled , cbe59e7f-1459-49f7-82f3-607b313de412 , 1647643300157 , 1647643300158
case-cbe59e7f-1459-49f7-82f3-607b313de412, Put signal  in Zone I, cbe59e7f-1459-49f7-82f3-607b313de412 , 1647643304002 , 1647643304003
case-cbe59e7f-1459-49f7-82f3-607b313de412, IA, cbe59e7f-1459-49f7-82f3-607b313de412 , 1647643304302 , 1647643304303
case-cbe59e7f-1459-49f7-82f3-607b313de412, Put signal  in Zone Z, cbe59e7f-1459-49f7-82f3-607b313de412 , 1647643307017 , 1647643307018
case-cbe59e7f-1459-49f7-82f3-607b313de412, ZY, cbe59e7f-1459-49f7-82f3-607b313de412 , 1647643307247 , 1647643307248
case-cbe59e7f-1459-49f7-82f3-607b313de412, success/TEST , cbe59e7f-1459-49f7-82f3-607b313de412 , 1647643310497 , 1647643310498
case-cbe59e7f-1459-49f7-82f3-607b313de412, success/SUBMIT , cbe59e7f-1459-49f7-82f3-607b313de412 , 1647643320319 , 1647643320320
case-47d6ccdb-9d08-4c2c-9343-e9b3c3c11710, Not a test/submit , 47d6ccdb-9d08-4c2c-9343-e9b3c3c11710 , 1632767248868 , 1632767248869
case-47d6ccdb-9d08-4c2c-9343-e9b3c3c11710, Put semaphore  in Zone I, 47d6ccdb-9d08-4c2c-9343-e9b3c3c11710 , 1632767274327 , 1632767274328
case-47d6ccdb-9d08-4c2c-9343-e9b3c3c11710, failure/TEST , 47d6ccdb-9d08-4c2c-9343-e9b3c3c11710 , 1632767284548 , 1632767284549
case-47d6ccdb-9d08-4c2c-9343-e9b3c3c11710, semaphore (aaaaaa) removed from I , 47d6ccdb-9d08-4c2c-9343-e9b3c3c11710 , 1632767304607 , 1632767304608
case-47d6ccdb-9d08-4c2c-9343-e9b3c3c11710, failure/TEST , 47d6ccdb-9d08-4c2c-9343-e9b3c3c11710 , 1632767317307 , 1632767317308
case-8377ce30-a413-4c17-8da5-49e5bc309b3f, Not a test/submit , 8377ce30-a413-4c17-8da5-49e5bc309b3f , 1632767331614 , 1632767331615
case-8377ce30-a413-4c17-8da5-49e5bc309b3f, Put semaphore  in Zone J, 8377ce30-a413-4c17-8da5-49e5bc309b3f , 1632767335227 , 1632767335228
case-8377ce30-a413-4c17-8da5-49e5bc309b3f, Put signal  in Zone A, 8377ce30-a413-4c17-8da5-49e5bc309b3f , 1632767339811 , 1632767339812
case-8377ce30-a413-4c17-8da5-49e5bc309b3f, AJ, 8377ce30-a413-4c17-8da5-49e5bc309b3f , 1632767341316 , 1632767341317
case-8377ce30-a413-4c17-8da5-49e5bc309b3f, Put signal  in Zone I, 8377ce30-a413-4c17-8da5-49e5bc309b3f , 1632767346081 , 1632767346082
case-8377ce30-a413-4c17-8da5-49e5bc309b3f, Put signal  in Zone H, 8377ce30-a413-4c17-8da5-49e5bc309b3f , 1632767350180 , 1632767350181
case-8377ce30-a413-4c17-8da5-49e5bc309b3f, signal (aaaaag) removed from H , 8377ce30-a413-4c17-8da5-49e5bc309b3f , 1632767355476 , 1632767355477
case-8377ce30-a413-4c17-8da5-49e5bc309b3f, Put semaphore  in Zone H, 8377ce30-a413-4c17-8da5-49e5bc309b3f , 1632767356866 , 1632767356867
case-8377ce30-a413-4c17-8da5-49e5bc309b3f, semaphore (aaaaah) Toggled , 8377ce30-a413-4c17-8da5-49e5bc309b3f , 1632767357134 , 1632767357135
case-8377ce30-a413-4c17-8da5-49e5bc309b3f, semaphore (aaaaah) removed from H , 8377ce30-a413-4c17-8da5-49e5bc309b3f , 1632767357208 , 1632767357209
case-8377ce30-a413-4c17-8da5-49e5bc309b3f, semaphore (aaaaah) added in H , 8377ce30-a413-4c17-8da5-49e5bc309b3f , 1632767357208 , 1632767357209
case-8377ce30-a413-4c17-8da5-49e5bc309b3f, IH, 8377ce30-a413-4c17-8da5-49e5bc309b3f , 1632767358226 , 1632767358227
case-8377ce30-a413-4c17-8da5-49e5bc309b3f, failure/TEST , 8377ce30-a413-4c17-8da5-49e5bc309b3f , 1632767373124 , 1632767373125
case-8377ce30-a413-4c17-8da5-49e5bc309b3f, semaphore (aaaaaf) removed from I , 8377ce30-a413-4c17-8da5-49e5bc309b3f , 1632767382983 , 1632767382984
case-8377ce30-a413-4c17-8da5-49e5bc309b3f, semaphore (aaaaac) removed from A , 8377ce30-a413-4c17-8da5-49e5bc309b3f , 1632767384166 , 1632767384167
case-8377ce30-a413-4c17-8da5-49e5bc309b3f, semaphore (aaaaah) removed from H , 8377ce30-a413-4c17-8da5-49e5bc309b3f , 1632767386180 , 1632767386181
case-8377ce30-a413-4c17-8da5-49e5bc309b3f, semaphore (aaaaab) removed from J , 8377ce30-a413-4c17-8da5-49e5bc309b3f , 1632767387813 , 1632767387814
case-8377ce30-a413-4c17-8da5-49e5bc309b3f, failure/TEST , 8377ce30-a413-4c17-8da5-49e5bc309b3f , 1632767393529 , 1632767393530
case-62af7ea0-3a97-4324-a157-91b48f4bd787, Not a test/submit , 62af7ea0-3a97-4324-a157-91b48f4bd787 , 1628195957346 , 1628195957347
case-62af7ea0-3a97-4324-a157-91b48f4bd787, failure/TEST , 62af7ea0-3a97-4324-a157-91b48f4bd787 , 1628195980918 , 1628195980919
case-62af7ea0-3a97-4324-a157-91b48f4bd787, Put semaphore  in Zone J, 62af7ea0-3a97-4324-a157-91b48f4bd787 , 1628195993695 , 1628195993696
case-62af7ea0-3a97-4324-a157-91b48f4bd787, semaphore (aaaaaa) removed from J , 62af7ea0-3a97-4324-a157-91b48f4bd787 , 1628195997653 , 1628195997654
case-62af7ea0-3a97-4324-a157-91b48f4bd787, semaphore (aaaaaa) added in J , 62af7ea0-3a97-4324-a157-91b48f4bd787 , 1628195997653 , 1628195997654
case-62af7ea0-3a97-4324-a157-91b48f4bd787, Put signal  in Zone H, 62af7ea0-3a97-4324-a157-91b48f4bd787 , 1628196006896 , 1628196006897
case-62af7ea0-3a97-4324-a157-91b48f4bd787, HJ, 62af7ea0-3a97-4324-a157-91b48f4bd787 , 1628196009728 , 1628196009729
case-62af7ea0-3a97-4324-a157-91b48f4bd787, failure/TEST , 62af7ea0-3a97-4324-a157-91b48f4bd787 , 1628196021373 , 1628196021374
case-62af7ea0-3a97-4324-a157-91b48f4bd787, signal (aaaaab) removed from H , 62af7ea0-3a97-4324-a157-91b48f4bd787 , 1628196024893 , 1628196024894
case-62af7ea0-3a97-4324-a157-91b48f4bd787, signal (aaaaab) added in X , 62af7ea0-3a97-4324-a157-91b48f4bd787 , 1628196024893 , 1628196024894
case-62af7ea0-3a97-4324-a157-91b48f4bd787, signal (aaaaab) removed from X , 62af7ea0-3a97-4324-a157-91b48f4bd787 , 1628196026717 , 1628196026718
case-62af7ea0-3a97-4324-a157-91b48f4bd787, signal (aaaaab) added in A , 62af7ea0-3a97-4324-a157-91b48f4bd787 , 1628196026717 , 1628196026718
case-62af7ea0-3a97-4324-a157-91b48f4bd787, failure/TEST , 62af7ea0-3a97-4324-a157-91b48f4bd787 , 1628196031988 , 1628196031989
case-62af7ea0-3a97-4324-a157-91b48f4bd787, signal (aaaaab) removed from A , 62af7ea0-3a97-4324-a157-91b48f4bd787 , 1628196034942 , 1628196034943
case-62af7ea0-3a97-4324-a157-91b48f4bd787, signal (aaaaab) added in A , 62af7ea0-3a97-4324-a157-91b48f4bd787 , 1628196034942 , 1628196034943
case-62af7ea0-3a97-4324-a157-91b48f4bd787, failure/TEST , 62af7ea0-3a97-4324-a157-91b48f4bd787 , 1628196046232 , 1628196046233
case-62af7ea0-3a97-4324-a157-91b48f4bd787, Put signal  in Zone A, 62af7ea0-3a97-4324-a157-91b48f4bd787 , 1628196053776 , 1628196053777
case-62af7ea0-3a97-4324-a157-91b48f4bd787, AY, 62af7ea0-3a97-4324-a157-91b48f4bd787 , 1628196054500 , 1628196054501
case-62af7ea0-3a97-4324-a157-91b48f4bd787, signal (aaaaae) removed from A , 62af7ea0-3a97-4324-a157-91b48f4bd787 , 1628196062625 , 1628196062626
case-62af7ea0-3a97-4324-a157-91b48f4bd787, signal (aaaaae) added in F , 62af7ea0-3a97-4324-a157-91b48f4bd787 , 1628196062625 , 1628196062626
case-62af7ea0-3a97-4324-a157-91b48f4bd787, signal (aaaaae) removed from F , 62af7ea0-3a97-4324-a157-91b48f4bd787 , 1628196064198 , 1628196064199
case-62af7ea0-3a97-4324-a157-91b48f4bd787, signal (aaaaae) added in F , 62af7ea0-3a97-4324-a157-91b48f4bd787 , 1628196064198 , 1628196064199
case-62af7ea0-3a97-4324-a157-91b48f4bd787, Put signal  in Zone D, 62af7ea0-3a97-4324-a157-91b48f4bd787 , 1628196070297 , 1628196070298
case-62af7ea0-3a97-4324-a157-91b48f4bd787, DY, 62af7ea0-3a97-4324-a157-91b48f4bd787 , 1628196071149 , 1628196071150
case-62af7ea0-3a97-4324-a157-91b48f4bd787, failure/TEST , 62af7ea0-3a97-4324-a157-91b48f4bd787 , 1628196084831 , 1628196084832
case-62af7ea0-3a97-4324-a157-91b48f4bd787, Put semaphore  in Zone H, 62af7ea0-3a97-4324-a157-91b48f4bd787 , 1628196089964 , 1628196089965
case-62af7ea0-3a97-4324-a157-91b48f4bd787, semaphore (aaaaak) removed from H , 62af7ea0-3a97-4324-a157-91b48f4bd787 , 1628196090831 , 1628196090832
case-62af7ea0-3a97-4324-a157-91b48f4bd787, semaphore (aaaaak) added in H , 62af7ea0-3a97-4324-a157-91b48f4bd787 , 1628196090831 , 1628196090832
case-62af7ea0-3a97-4324-a157-91b48f4bd787, semaphore (aaaaak) removed from H , 62af7ea0-3a97-4324-a157-91b48f4bd787 , 1628196091278 , 1628196091279
case-62af7ea0-3a97-4324-a157-91b48f4bd787, semaphore (aaaaak) added in H , 62af7ea0-3a97-4324-a157-91b48f4bd787 , 1628196091278 , 1628196091279
case-62af7ea0-3a97-4324-a157-91b48f4bd787, semaphore (aaaaak) Toggled , 62af7ea0-3a97-4324-a157-91b48f4bd787 , 1628196091285 , 1628196091286
case-62af7ea0-3a97-4324-a157-91b48f4bd787, Put signal  in Zone E, 62af7ea0-3a97-4324-a157-91b48f4bd787 , 1628196095955 , 1628196095956
case-62af7ea0-3a97-4324-a157-91b48f4bd787, EH, 62af7ea0-3a97-4324-a157-91b48f4bd787 , 1628196097723 , 1628196097724
case-62af7ea0-3a97-4324-a157-91b48f4bd787, success/TEST , 62af7ea0-3a97-4324-a157-91b48f4bd787 , 1628196126710 , 1628196126711
case-62af7ea0-3a97-4324-a157-91b48f4bd787, success/SUBMIT , 62af7ea0-3a97-4324-a157-91b48f4bd787 , 1628196136912 , 1628196136913
case-f37b8cd6-dfd3-455f-8256-60b4718715cd, Not a test/submit , f37b8cd6-dfd3-455f-8256-60b4718715cd , 1628196778434 , 1628196778435
case-f37b8cd6-dfd3-455f-8256-60b4718715cd, Put semaphore  in Zone J, f37b8cd6-dfd3-455f-8256-60b4718715cd , 1628196786182 , 1628196786183
case-f37b8cd6-dfd3-455f-8256-60b4718715cd, Put semaphore  in Zone H, f37b8cd6-dfd3-455f-8256-60b4718715cd , 1628196787477 , 1628196787478
case-f37b8cd6-dfd3-455f-8256-60b4718715cd, semaphore (aaaabo) removed from H , f37b8cd6-dfd3-455f-8256-60b4718715cd , 1628196787989 , 1628196787990
case-f37b8cd6-dfd3-455f-8256-60b4718715cd, semaphore (aaaabo) added in H , f37b8cd6-dfd3-455f-8256-60b4718715cd , 1628196787989 , 1628196787990
case-f37b8cd6-dfd3-455f-8256-60b4718715cd, semaphore (aaaabo) Toggled , f37b8cd6-dfd3-455f-8256-60b4718715cd , 1628196787993 , 1628196787994
case-f37b8cd6-dfd3-455f-8256-60b4718715cd, Put signal  in Zone Z, f37b8cd6-dfd3-455f-8256-60b4718715cd , 1628196799134 , 1628196799135
case-f37b8cd6-dfd3-455f-8256-60b4718715cd, Put signal  in Zone A, f37b8cd6-dfd3-455f-8256-60b4718715cd , 1628196802374 , 1628196802375
case-f37b8cd6-dfd3-455f-8256-60b4718715cd, Put signal  in Zone I, f37b8cd6-dfd3-455f-8256-60b4718715cd , 1628196807767 , 1628196807768
case-f37b8cd6-dfd3-455f-8256-60b4718715cd, AJ, f37b8cd6-dfd3-455f-8256-60b4718715cd , 1628196814257 , 1628196814258
case-f37b8cd6-dfd3-455f-8256-60b4718715cd, ZY, f37b8cd6-dfd3-455f-8256-60b4718715cd , 1628196818760 , 1628196818761
case-f37b8cd6-dfd3-455f-8256-60b4718715cd, IH, f37b8cd6-dfd3-455f-8256-60b4718715cd , 1628196820227 , 1628196820228
case-f37b8cd6-dfd3-455f-8256-60b4718715cd, success/TEST , f37b8cd6-dfd3-455f-8256-60b4718715cd , 1628196824437 , 1628196824438
case-f37b8cd6-dfd3-455f-8256-60b4718715cd, success/SUBMIT , f37b8cd6-dfd3-455f-8256-60b4718715cd , 1628196834058 , 1628196834059
