{"id": "c057d16f-023e-491d-baee-371e5081939a", "created": 1620843408, "events": [{"type": "BEGIN_LEVEL_LOAD", "name": "cantaloupe", "order": "7", "category": "SYSTEM", "created": 1620843448317, "id": "7bc5528a-776f-487a-b95a-6e732df4a11f"}, {"type": "BOARD_SNAPSHOT", "board": {"map": [[{"id": "L_cantaloupe_000000", "layout": null, "coords": [0, 0]}, {"id": "L_cantaloupe_000001", "layout": null, "coords": [0, 1]}, {"id": "L_cantaloupe_000002", "layout": null, "coords": [0, 2]}, {"id": "L_cantaloupe_000003", "layout": null, "coords": [0, 3]}, {"id": "L_cantaloupe_000004", "layout": null, "coords": [0, 4]}, {"id": "L_cantaloupe_000005", "layout": "C", "orientation": "n", "directions": [1], "coords": [0, 5], "color": [2], "components": []}, {"id": "L_cantaloupe_000006", "layout": "E", "orientation": "e", "directions": [1], "coords": [0, 6], "color": [2], "components": []}, {"id": "L_cantaloupe_000007", "layout": "C", "orientation": "e", "directions": [2], "coords": [0, 7], "color": [2], "components": []}], [{"id": "L_cantaloupe_001000", "layout": null, "coords": [1, 0]}, {"id": "L_cantaloupe_001001", "layout": null, "coords": [1, 1]}, {"id": "L_cantaloupe_001002", "layout": null, "coords": [1, 2]}, {"id": "L_cantaloupe_001003", "layout": null, "coords": [1, 3]}, {"id": "L_cantaloupe_001004", "layout": null, "coords": [1, 4]}, {"id": "L_cantaloupe_001005", "layout": "E", "orientation": "n", "directions": [4], "coords": [1, 5], "color": [2], "components": []}, {"id": "L_cantaloupe_001006", "layout": null, "coords": [1, 6]}, {"id": "L_cantaloupe_001007", "layout": "E", "orientation": "n", "directions": [2], "coords": [1, 7], "color": [2], "components": []}], [{"id": "L_cantaloupe_002000", "layout": null, "coords": [2, 0]}, {"id": "L_cantaloupe_002001", "layout": null, "coords": [2, 1]}, {"id": "L_cantaloupe_002002", "layout": null, "coords": [2, 2]}, {"id": "L_cantaloupe_002003", "layout": null, "coords": [2, 3]}, {"id": "L_cantaloupe_002004", "layout": null, "coords": [2, 4]}, {"id": "L_cantaloupe_002005", "layout": "G", "orientation": "n", "directions": [4], "coords": [2, 5], "color": [2], "components": []}, {"id": "L_cantaloupe_002006", "layout": "E", "orientation": "e", "directions": [3], "coords": [2, 6], "color": [2], "components": []}, {"id": "L_cantaloupe_002007", "layout": "C", "orientation": "s", "directions": [3], "coords": [2, 7], "color": [2], "components": []}], [{"id": "L_cantaloupe_003000", "layout": null, "coords": [3, 0]}, {"id": "L_cantaloupe_003001", "layout": null, "coords": [3, 1]}, {"id": "L_cantaloupe_003002", "layout": null, "coords": [3, 2]}, {"id": "L_cantaloupe_003003", "layout": null, "coords": [3, 3]}, {"id": "L_cantaloupe_003004", "layout": null, "coords": [3, 4]}, {"id": "L_cantaloupe_003005", "layout": "E", "orientation": "n", "directions": [4], "coords": [3, 5], "color": [2], "components": []}, {"id": "L_cantaloupe_003006", "layout": null, "coords": [3, 6]}, {"id": "L_cantaloupe_003007", "layout": null, "coords": [3, 7]}], [{"id": "L_cantaloupe_004000", "layout": null, "coords": [4, 0]}, {"id": "L_cantaloupe_004001", "layout": null, "coords": [4, 1]}, {"id": "L_cantaloupe_004002", "layout": "C", "orientation": "n", "directions": [1], "coords": [4, 2], "color": [2], "components": []}, {"id": "L_cantaloupe_004003", "layout": "E", "orientation": "e", "directions": [1], "coords": [4, 3], "color": [2], "components": []}, {"id": "L_cantaloupe_004004", "layout": "E", "orientation": "e", "directions": [1], "coords": [4, 4], "color": [2], "components": []}, {"id": "L_cantaloupe_004005", "layout": "G", "orientation": "w", "directions": [1, 4], "coords": [4, 5], "color": [2], "components": ["L_cantaloupe_5001"]}, {"id": "L_cantaloupe_004006", "layout": "E", "orientation": "e", "directions": [1], "coords": [4, 6], "color": [2], "components": []}, {"id": "L_cantaloupe_004007", "layout": "C", "orientation": "e", "directions": [2], "coords": [4, 7], "color": [2], "components": []}], [{"id": "L_cantaloupe_005000", "layout": null, "coords": [5, 0]}, {"id": "L_cantaloupe_005001", "layout": null, "coords": [5, 1]}, {"id": "L_cantaloupe_005002", "layout": "E", "orientation": "n", "directions": [4], "coords": [5, 2], "color": [2], "components": []}, {"id": "L_cantaloupe_005003", "layout": null, "coords": [5, 3]}, {"id": "L_cantaloupe_005004", "layout": null, "coords": [5, 4]}, {"id": "L_cantaloupe_005005", "layout": null, "coords": [5, 5]}, {"id": "L_cantaloupe_005006", "layout": null, "coords": [5, 6]}, {"id": "L_cantaloupe_005007", "layout": "E", "orientation": "n", "directions": [2], "coords": [5, 7], "color": [2], "components": []}], [{"id": "L_cantaloupe_006000", "layout": "C", "orientation": "n", "directions": [2], "coords": [6, 0], "color": [1], "components": []}, {"id": "L_cantaloupe_006001", "layout": "E", "orientation": "e", "directions": [3], "coords": [6, 1], "color": [1], "components": []}, {"id": "L_cantaloupe_006002", "layout": "O", "orientation": "e", "directions": [3, 4], "coords": [6, 2], "color": [1, 2], "components": ["L_cantaloupe_2001"]}, {"id": "L_cantaloupe_006003", "layout": "E", "orientation": "e", "directions": [3], "coords": [6, 3], "color": [1], "components": []}, {"id": "L_cantaloupe_006004", "layout": "E", "orientation": "e", "directions": [3], "coords": [6, 4], "color": [1], "components": []}, {"id": "L_cantaloupe_006005", "layout": "C", "orientation": "e", "directions": [3], "coords": [6, 5], "color": [1], "components": []}, {"id": "L_cantaloupe_006006", "layout": null, "coords": [6, 6]}, {"id": "L_cantaloupe_006007", "layout": "E", "orientation": "n", "directions": [2], "coords": [6, 7], "color": [2], "components": []}], [{"id": "L_cantaloupe_007000", "layout": "E", "orientation": "n", "directions": [2], "coords": [7, 0], "color": [1], "components": []}, {"id": "L_cantaloupe_007001", "layout": null, "coords": [7, 1]}, {"id": "L_cantaloupe_007002", "layout": "E", "orientation": "n", "directions": [4], "coords": [7, 2], "color": [2], "components": []}, {"id": "L_cantaloupe_007003", "layout": null, "coords": [7, 3]}, {"id": "L_cantaloupe_007004", "layout": null, "coords": [7, 4]}, {"id": "L_cantaloupe_007005", "layout": "E", "orientation": "n", "directions": [4], "coords": [7, 5], "color": [1], "components": []}, {"id": "L_cantaloupe_007006", "layout": null, "coords": [7, 6]}, {"id": "L_cantaloupe_007007", "layout": "E", "orientation": "n", "directions": [2], "coords": [7, 7], "color": [2], "components": ["L_cantaloupe_3001"]}], [{"id": "L_cantaloupe_008000", "layout": "E", "orientation": "n", "directions": [2], "coords": [8, 0], "color": [1], "components": []}, {"id": "L_cantaloupe_008001", "layout": null, "coords": [8, 1]}, {"id": "L_cantaloupe_008002", "layout": "E", "orientation": "n", "directions": [4], "coords": [8, 2], "color": [2], "components": []}, {"id": "L_cantaloupe_008003", "layout": null, "coords": [8, 3]}, {"id": "L_cantaloupe_008004", "layout": null, "coords": [8, 4]}, {"id": "L_cantaloupe_008005", "layout": "E", "orientation": "n", "directions": [4], "coords": [8, 5], "color": [1], "components": ["L_cantaloupe_1002"]}, {"id": "L_cantaloupe_008006", "layout": null, "coords": [8, 6]}, {"id": "L_cantaloupe_008007", "layout": "E", "orientation": "n", "directions": [2], "coords": [8, 7], "color": [2], "components": []}], [{"id": "L_cantaloupe_009000", "layout": "E", "orientation": "n", "directions": [2], "coords": [9, 0], "color": [1], "components": []}, {"id": "L_cantaloupe_009001", "layout": null, "coords": [9, 1]}, {"id": "L_cantaloupe_009002", "layout": "C", "orientation": "w", "directions": [4], "coords": [9, 2], "color": [2], "components": []}, {"id": "L_cantaloupe_009003", "layout": "E", "orientation": "e", "directions": [3], "coords": [9, 3], "color": [2], "components": []}, {"id": "L_cantaloupe_009004", "layout": "E", "orientation": "e", "directions": [3], "coords": [9, 4], "color": [2], "components": ["L_cantaloupe_1001"]}, {"id": "L_cantaloupe_009005", "layout": "O", "orientation": "e", "directions": [3, 4], "coords": [9, 5], "color": [1, 2], "components": []}, {"id": "L_cantaloupe_009006", "layout": "E", "orientation": "e", "directions": [3], "coords": [9, 6], "color": [2], "components": []}, {"id": "L_cantaloupe_009007", "layout": "C", "orientation": "s", "directions": [3], "coords": [9, 7], "color": [2], "components": []}], [{"id": "L_cantaloupe_010000", "layout": "E", "orientation": "n", "directions": [2], "coords": [10, 0], "color": [1], "components": []}, {"id": "L_cantaloupe_010001", "layout": null, "coords": [10, 1]}, {"id": "L_cantaloupe_010002", "layout": null, "coords": [10, 2]}, {"id": "L_cantaloupe_010003", "layout": null, "coords": [10, 3]}, {"id": "L_cantaloupe_010004", "layout": null, "coords": [10, 4]}, {"id": "L_cantaloupe_010005", "layout": "E", "orientation": "n", "directions": [4], "coords": [10, 5], "color": [1], "components": []}, {"id": "L_cantaloupe_010006", "layout": null, "coords": [10, 6]}, {"id": "L_cantaloupe_010007", "layout": null, "coords": [10, 7]}], [{"id": "L_cantaloupe_011000", "layout": "C", "orientation": "w", "directions": [1], "coords": [11, 0], "color": [1], "components": []}, {"id": "L_cantaloupe_011001", "layout": "E", "orientation": "e", "directions": [1], "coords": [11, 1], "color": [1], "components": []}, {"id": "L_cantaloupe_011002", "layout": "G", "orientation": "e", "directions": [1, 2], "coords": [11, 2], "color": [1], "components": ["L_cantaloupe_5002"]}, {"id": "L_cantaloupe_011003", "layout": "E", "orientation": "e", "directions": [1], "coords": [11, 3], "color": [1], "components": ["L_cantaloupe_3002"]}, {"id": "L_cantaloupe_011004", "layout": "E", "orientation": "e", "directions": [1], "coords": [11, 4], "color": [1], "components": []}, {"id": "L_cantaloupe_011005", "layout": "C", "orientation": "s", "directions": [4], "coords": [11, 5], "color": [1], "components": []}, {"id": "L_cantaloupe_011006", "layout": null, "coords": [11, 6]}, {"id": "L_cantaloupe_011007", "layout": null, "coords": [11, 7]}], [{"id": "L_cantaloupe_012000", "layout": null, "coords": [12, 0]}, {"id": "L_cantaloupe_012001", "layout": null, "coords": [12, 1]}, {"id": "L_cantaloupe_012002", "layout": "E", "orientation": "n", "directions": [2], "coords": [12, 2], "color": [1], "components": []}, {"id": "L_cantaloupe_012003", "layout": null, "coords": [12, 3]}, {"id": "L_cantaloupe_012004", "layout": null, "coords": [12, 4]}, {"id": "L_cantaloupe_012005", "layout": null, "coords": [12, 5]}, {"id": "L_cantaloupe_012006", "layout": null, "coords": [12, 6]}, {"id": "L_cantaloupe_012007", "layout": null, "coords": [12, 7]}], [{"id": "L_cantaloupe_013000", "layout": "C", "orientation": "n", "directions": [1], "coords": [13, 0], "color": [1], "components": []}, {"id": "L_cantaloupe_013001", "layout": "E", "orientation": "e", "directions": [1], "coords": [13, 1], "color": [1], "components": []}, {"id": "L_cantaloupe_013002", "layout": "G", "orientation": "s", "directions": [2], "coords": [13, 2], "color": [1], "components": []}, {"id": "L_cantaloupe_013003", "layout": null, "coords": [13, 3]}, {"id": "L_cantaloupe_013004", "layout": null, "coords": [13, 4]}, {"id": "L_cantaloupe_013005", "layout": null, "coords": [13, 5]}, {"id": "L_cantaloupe_013006", "layout": null, "coords": [13, 6]}, {"id": "L_cantaloupe_013007", "layout": null, "coords": [13, 7]}], [{"id": "L_cantaloupe_014000", "layout": "E", "orientation": "n", "directions": [4], "coords": [14, 0], "color": [1], "components": []}, {"id": "L_cantaloupe_014001", "layout": null, "coords": [14, 1]}, {"id": "L_cantaloupe_014002", "layout": "E", "orientation": "n", "directions": [2], "coords": [14, 2], "color": [1], "components": []}, {"id": "L_cantaloupe_014003", "layout": null, "coords": [14, 3]}, {"id": "L_cantaloupe_014004", "layout": null, "coords": [14, 4]}, {"id": "L_cantaloupe_014005", "layout": null, "coords": [14, 5]}, {"id": "L_cantaloupe_014006", "layout": null, "coords": [14, 6]}, {"id": "L_cantaloupe_014007", "layout": null, "coords": [14, 7]}], [{"id": "L_cantaloupe_015000", "layout": "C", "orientation": "w", "directions": [4], "coords": [15, 0], "color": [1], "components": []}, {"id": "L_cantaloupe_015001", "layout": "E", "orientation": "e", "directions": [3], "coords": [15, 1], "color": [1], "components": []}, {"id": "L_cantaloupe_015002", "layout": "C", "orientation": "s", "directions": [3], "coords": [15, 2], "color": [1], "components": []}, {"id": "L_cantaloupe_015003", "layout": null, "coords": [15, 3]}, {"id": "L_cantaloupe_015004", "layout": null, "coords": [15, 4]}, {"id": "L_cantaloupe_015005", "layout": null, "coords": [15, 5]}, {"id": "L_cantaloupe_015006", "layout": null, "coords": [15, 6]}, {"id": "L_cantaloupe_015007", "layout": null, "coords": [15, 7]}]], "components": {"L_cantaloupe_1001": {"capacity": -1, "cell": [9, 4], "color": 2, "direction": 3, "id": "L_cantaloupe_1001", "locked": true, "passed": 0, "spec": "", "type": "thread", "userPlaced": false}, "L_cantaloupe_1002": {"capacity": -1, "cell": [8, 5], "color": 1, "direction": 4, "id": "L_cantaloupe_1002", "locked": true, "passed": 0, "spec": "", "type": "thread", "userPlaced": false}, "L_cantaloupe_2001": {"cell": [6, 2], "color": 1, "id": "L_cantaloupe_2001", "locked": true, "passed": 0, "picked": 0, "spec": "unlimCondition", "type": "pickup", "userPlaced": false}, "L_cantaloupe_3001": {"cell": [7, 7], "color": 0, "delivered": 0, "id": "L_cantaloupe_3001", "locked": true, "passed": 0, "spec": "unlimCondition", "type": "delivery", "userPlaced": false, "acceptedTypes": ["unlimCondition"], "acceptedColors": []}, "L_cantaloupe_3002": {"cell": [11, 3], "color": 0, "delivered": 0, "id": "L_cantaloupe_3002", "locked": true, "passed": 0, "spec": "unlimCondition", "type": "delivery", "userPlaced": false, "acceptedTypes": ["unlimCondition"], "acceptedColors": []}, "L_cantaloupe_5001": {"cell": [4, 5], "color": 0, "id": "L_cantaloupe_5001", "locked": true, "passed": 0, "spec": "", "type": "conditional", "userPlaced": false, "directionCondition": 3, "directionDefault": 3, "directionsColors": [[], [], [], []], "directionsTypes": [["unlimCondition"], [], [], ["emptyPayload"]]}, "L_cantaloupe_5002": {"cell": [11, 2], "color": 0, "id": "L_cantaloupe_5002", "locked": true, "passed": 0, "spec": "", "type": "conditional", "userPlaced": false, "directionCondition": 3, "directionDefault": 3, "directionsColors": [[], [], [], []], "directionsTypes": [["unlimCondition"], ["emptyPayload"], [], []]}}}, "category": "DEFAULT", "created": 1620843448328, "id": "6b1dc7ee-60fc-4f8c-a878-709e9e9d9abf"}, {"type": "FINISH_LEVEL_LOAD", "name": "cantaloupe", "order": "7", "category": "SYSTEM", "created": 1620843448329, "id": "b6617741-fae3-46af-ba81-edc113d89c17"}, {"type": "HIGHLIGHT_TRACK", "value": true, "index": 2, "category": "DEFAULT", "created": 1620843475050, "id": "80a11f10-8d13-4d47-ac21-d44c249c05be"}, {"type": "HIGHLIGHT_TRACK", "value": false, "index": 1, "category": "DEFAULT", "created": 1620843476584, "id": "5cab73ab-5511-4dea-a921-1e42b997969f"}, {"type": "HIGHLIGHT_TRACK", "value": true, "index": 2, "category": "DEFAULT", "created": 1620843478436, "id": "fe9f625d-3c6b-4464-9881-72d281c276e6"}, {"type": "HIGHLIGHT_TRACK", "value": false, "index": 2, "category": "DEFAULT", "created": 1620843478598, "id": "69c17fdc-ec2d-4240-b3dc-55f6e211afdb"}, {"type": "HIGHLIGHT_TRACK", "value": true, "index": 2, "category": "DEFAULT", "created": 1620843491532, "id": "0f0ac235-7331-4045-a757-df140ee60443"}, {"type": "HIGHLIGHT_TRACK", "value": false, "index": 2, "category": "DEFAULT", "created": 1620843491614, "id": "8b97d285-abcb-4fac-bc87-f7f337e44692"}, {"type": "HIGHLIGHT_TRACK", "value": true, "index": 1, "category": "DEFAULT", "created": 1620843491625, "id": "c5011095-39cc-4eb2-a4e2-29eb61957117"}, {"type": "HIGHLIGHT_TRACK", "value": false, "index": 1, "category": "DEFAULT", "created": 1620843491800, "id": "4331a466-3514-4380-8508-3a1cdcf974a9"}, {"type": "BEGIN_SIMULATION", "current": -1, "total": null, "category": "DEFAULT", "created": 1620843510855, "id": "d002cbbc-46c8-46ed-8fc5-313268b492d2"}, {"type": "SET_REFLECTION_CONTENT", "content": {"status": "failure", "title": "Unsuccessful Solution", "titleIcon": "failure.png", "subtitle": "Whoops!", "description": "Looks like something went wrong.", "simType": "TEST", "numUserPlacedComponents": 0, "header": "Details on why the goals were not met:", "goals": [{"title": "The thread delivered at least enough packages.", "icon": "thread.png", "status": "success", "actual": 17, "target": 1, "comparison": "gt", "component": {"id": "L_cantaloupe_1001", "type": "thread", "spec": "", "color": 2}, "triggeredFailure": false}, {"title": "The thread failed to deliver enough packages.", "icon": "thread.png", "status": "failure", "actual": 1, "target": 1, "comparison": "gt", "component": {"id": "L_cantaloupe_1002", "type": "thread", "spec": "", "color": 1}, "triggeredFailure": false}, {"title": "The delivery point received at least enough packages.", "icon": "delivery.png", "status": "success", "actual": 17, "target": 1, "comparison": "gt", "component": {"id": "L_cantaloupe_3001", "type": "delivery", "spec": "unlimCondition", "color": 0}, "triggeredFailure": false}, {"title": "The delivery point failed to receive enough packages.", "icon": "delivery.png", "status": "failure", "actual": 1, "target": 1, "comparison": "gt", "component": {"id": "L_cantaloupe_3002", "type": "delivery", "spec": "unlimCondition", "color": 0}, "triggeredFailure": false}, {"title": "The solution took too long to complete.", "icon": "time.png", "status": "failure", "actual": 512, "target": 512, "comparison": "lt", "component": null, "triggeredFailure": true}], "reflections": []}, "category": "SYSTEM", "created": 1620843510870, "id": "b653e468-0df0-4e46-8ac2-94accb8fad8b"}, {"type": "STOP_SIMULATION", "current": 176, "total": 1035, "category": "DEFAULT", "created": 1620843529763, "id": "e136aaa8-fd7d-46c0-bd1f-ace273e40290"}, {"type": "BEGIN_SIMULATION", "current": -1, "total": 1035, "category": "DEFAULT", "created": 1620843531127, "id": "349576fc-abe8-4438-83e9-d242d995f741"}, {"type": "SET_REFLECTION_CONTENT", "content": {"status": "success", "title": "Successful Solution", "titleIcon": "success.png", "subtitle": "Good job!", "description": "You met the level goal!", "simType": "TEST", "numUserPlacedComponents": 0, "header": "Knowledge Unlocked:", "goals": [{"title": "The thread delivered at least enough packages.", "icon": "thread.png", "status": "success", "actual": 2, "target": 1, "comparison": "gt", "component": {"id": "L_cantaloupe_1001", "type": "thread", "spec": "", "color": 2}, "triggeredFailure": false}, {"title": "The thread delivered at least enough packages.", "icon": "thread.png", "status": "success", "actual": 2, "target": 1, "comparison": "gt", "component": {"id": "L_cantaloupe_1002", "type": "thread", "spec": "", "color": 1}, "triggeredFailure": false}, {"title": "The delivery point received at least enough packages.", "icon": "delivery.png", "status": "success", "actual": 2, "target": 1, "comparison": "gt", "component": {"id": "L_cantaloupe_3001", "type": "delivery", "spec": "unlimCondition", "color": 0}, "triggeredFailure": false}, {"title": "The delivery point received at least enough packages.", "icon": "delivery.png", "status": "success", "actual": 2, "target": 1, "comparison": "gt", "component": {"id": "L_cantaloupe_3002", "type": "delivery", "spec": "unlimCondition", "color": 0}, "triggeredFailure": false}], "reflections": []}, "category": "SYSTEM", "created": 1620843531134, "id": "f4e33977-4d13-4a77-a4e8-00f6e6f36f79"}, {"type": "HIGHLIGHT_TRACK", "value": false, "index": 2, "category": "DEFAULT", "created": 1620843531514, "id": "98fac2cc-cf9b-48dc-b965-c9d94c72bc67"}, {"type": "HIGHLIGHT_TRACK", "value": false, "index": 2, "category": "DEFAULT", "created": 1620843532447, "id": "6d01c11e-25d9-45e0-b77e-62f362e2b273"}, {"type": "HIGHLIGHT_TRACK", "value": false, "index": 2, "category": "DEFAULT", "created": 1620843533580, "id": "7c5f205d-35fc-4198-80f1-406fa50e29d9"}, {"type": "HIGHLIGHT_TRACK", "value": false, "index": 1, "category": "DEFAULT", "created": 1620843534914, "id": "5ef16af3-4323-4297-90c5-99a24c69fbad"}, {"type": "STOP_SIMULATION", "current": 154, "total": 200, "category": "DEFAULT", "created": 1620843547767, "id": "083cd794-66f0-48c3-993e-cb841e0d3e88"}, {"type": "ADD_ELEMENT", "element": {"cell": [8, 2], "id": "aaaaaa", "spec": "inactive", "type": "semaphore", "userPlaced": true}, "category": "DEFAULT", "created": 1620843550785, "id": "b406dd86-eb5d-460f-9685-b7afa6a372c6"}, {"type": "ADD_ELEMENT", "element": {"cell": [6, 3], "id": "aaaaab", "spec": "inactive", "type": "semaphore", "userPlaced": true}, "category": "DEFAULT", "created": 1620843552224, "id": "283586fa-05d2-456b-a678-c8db9c11b148"}, {"type": "ADD_ELEMENT", "element": {"cell": [11, 4], "id": "aaaaac", "spec": "inactive", "type": "signal", "userPlaced": true}, "category": "DEFAULT", "created": 1620843554385, "id": "4bbea0a5-eb82-4056-afe8-fd3d9488af9f"}, {"type": "HIGHLIGHT_TRACK", "value": true, "index": 2, "category": "DEFAULT", "created": 1620843556476, "id": "e5902ef3-5167-4179-81b1-427e30cb24c3"}, {"type": "HIGHLIGHT_TRACK", "value": false, "index": 2, "category": "DEFAULT", "created": 1620843557358, "id": "5e515fd2-3032-4761-880a-572f95680400"}, {"type": "HIGHLIGHT_TRACK", "value": true, "index": 2, "category": "DEFAULT", "created": 1620843557530, "id": "a9c6a831-9b53-40e3-9ede-3d4ebd4b5ef1"}, {"type": "HIGHLIGHT_TRACK", "value": false, "index": 2, "category": "DEFAULT", "created": 1620843557891, "id": "c67b72b0-03c1-45d9-a52d-bd3473943f37"}, {"type": "HIGHLIGHT_TRACK", "value": true, "index": 1, "category": "DEFAULT", "created": 1620843559090, "id": "a47fb42f-86e8-490d-af50-8dc99e2e7446"}, {"type": "HIGHLIGHT_TRACK", "value": false, "index": 1, "category": "DEFAULT", "created": 1620843559105, "id": "4a00fc4f-3f8c-4801-b21f-2c9dfaa8b83c"}, {"type": "ADD_ELEMENT", "element": {"cell": [9, 7], "id": "aaaaad", "spec": "inactive", "type": "signal", "userPlaced": true}, "category": "DEFAULT", "created": 1620843559661, "id": "bbff3b36-5701-4796-bc9f-0833954719bf"}, {"type": "BEGIN_LINK", "element": {"cell": [9, 7], "id": "aaaaad", "spec": "inactive", "type": "signal", "userPlaced": true}, "category": "DEFAULT", "created": 1620843562695, "id": "bc46dcd8-063b-4a50-97c6-96f411068f2a"}, {"type": "FINISH_LINK", "element": {"cell": [6, 3], "id": "aaaaab", "spec": "inactive", "type": "semaphore", "userPlaced": true}, "category": "DEFAULT", "created": 1620843564880, "id": "e4038c6f-79c1-4368-8f73-0e12e6d8c32e"}, {"type": "HIGHLIGHT_TRACK", "value": true, "index": 2, "category": "DEFAULT", "created": 1620843565304, "id": "ac8ec742-6e72-49f9-89ed-4d0ea445accd"}, {"type": "BEGIN_LINK", "element": {"cell": [11, 4], "id": "aaaaac", "spec": "inactive", "type": "signal", "userPlaced": true}, "category": "DEFAULT", "created": 1620843565802, "id": "610a572b-2351-42b8-b3a5-00f51bf0501e"}, {"type": "FINISH_LINK", "element": {"cell": [8, 2], "id": "aaaaaa", "spec": "inactive", "type": "semaphore", "userPlaced": true}, "category": "DEFAULT", "created": 1620843566341, "id": "50f4f61d-f582-4888-a3c9-b6c28a97b4a2"}, {"type": "HIGHLIGHT_TRACK", "value": false, "index": 1, "category": "DEFAULT", "created": 1620843568214, "id": "b727168d-f5e5-42fa-b621-026d87af0622"}, {"type": "HIGHLIGHT_TRACK", "value": true, "index": 1, "category": "DEFAULT", "created": 1620843568505, "id": "57609820-d155-43b6-ae6d-fe7fa7d5b70f"}, {"type": "HIGHLIGHT_TRACK", "value": false, "index": 1, "category": "DEFAULT", "created": 1620843571335, "id": "857f457e-345d-40fa-ab30-ce33ce283768"}, {"type": "HIGHLIGHT_TRACK", "value": true, "index": 2, "category": "DEFAULT", "created": 1620843571852, "id": "0ba74358-4454-4fad-84bd-8a1f54686f8b"}, {"type": "HIGHLIGHT_TRACK", "value": false, "index": 1, "category": "DEFAULT", "created": 1620843572121, "id": "57b20f68-7a75-4a34-a35f-0454e7cea65e"}, {"type": "MOVE_ELEMENT", "startCell": [8, 2], "element": {"cell": [8, 2], "id": "aaaaaa", "spec": "inactive", "type": "semaphore", "userPlaced": true}, "category": "DEFAULT", "created": 1620843572926, "id": "06ad33a4-abc7-4e9a-a16b-359d77740eca"}, {"type": "TOGGLE_ELEMENT", "element": {"cell": [8, 2], "id": "aaaaaa", "spec": "active", "type": "semaphore", "userPlaced": true}, "category": "DEFAULT", "created": 1620843572932, "id": "6447e5ae-9dfa-4c7e-851e-aa862066453c"}, {"type": "BEGIN_SIMULATION", "current": -1, "total": 200, "category": "DEFAULT", "created": 1620843573754, "id": "974c6378-46c0-4110-997e-1ada278501f3"}, {"type": "SET_REFLECTION_CONTENT", "content": {"status": "success", "title": "Successful Solution", "titleIcon": "success.png", "subtitle": "Good job!", "description": "You met the level goal!", "simType": "TEST", "numUserPlacedComponents": 4, "header": "Knowledge Unlocked:", "goals": [{"title": "The thread delivered at least enough packages.", "icon": "thread.png", "status": "success", "actual": 2, "target": 1, "comparison": "gt", "component": {"id": "L_cantaloupe_1001", "type": "thread", "spec": "", "color": 2}, "triggeredFailure": false}, {"title": "The thread delivered at least enough packages.", "icon": "thread.png", "status": "success", "actual": 2, "target": 1, "comparison": "gt", "component": {"id": "L_cantaloupe_1002", "type": "thread", "spec": "", "color": 1}, "triggeredFailure": false}, {"title": "The delivery point received at least enough packages.", "icon": "delivery.png", "status": "success", "actual": 2, "target": 1, "comparison": "gt", "component": {"id": "L_cantaloupe_3001", "type": "delivery", "spec": "unlimCondition", "color": 0}, "triggeredFailure": false}, {"title": "The delivery point received at least enough packages.", "icon": "delivery.png", "status": "success", "actual": 2, "target": 1, "comparison": "gt", "component": {"id": "L_cantaloupe_3002", "type": "delivery", "spec": "unlimCondition", "color": 0}, "triggeredFailure": false}], "reflections": []}, "category": "SYSTEM", "created": 1620843573761, "id": "3923f1da-3db5-4176-9dfd-0f040baba1e1"}, {"type": "FINISH_SIMULATION", "current": 159, "total": 160, "category": "DEFAULT", "created": 1620843590858, "id": "72eada15-8d3a-4f9c-9bf3-c370a5e69f92"}, {"type": "BOARD_SNAPSHOT", "board": {"map": [[{"id": "L_cantaloupe_000000", "layout": null, "coords": [0, 0]}, {"id": "L_cantaloupe_000001", "layout": null, "coords": [0, 1]}, {"id": "L_cantaloupe_000002", "layout": null, "coords": [0, 2]}, {"id": "L_cantaloupe_000003", "layout": null, "coords": [0, 3]}, {"id": "L_cantaloupe_000004", "layout": null, "coords": [0, 4]}, {"id": "L_cantaloupe_000005", "layout": "C", "orientation": "n", "directions": [1], "coords": [0, 5], "color": [2], "components": []}, {"id": "L_cantaloupe_000006", "layout": "E", "orientation": "e", "directions": [1], "coords": [0, 6], "color": [2], "components": []}, {"id": "L_cantaloupe_000007", "layout": "C", "orientation": "e", "directions": [2], "coords": [0, 7], "color": [2], "components": []}], [{"id": "L_cantaloupe_001000", "layout": null, "coords": [1, 0]}, {"id": "L_cantaloupe_001001", "layout": null, "coords": [1, 1]}, {"id": "L_cantaloupe_001002", "layout": null, "coords": [1, 2]}, {"id": "L_cantaloupe_001003", "layout": null, "coords": [1, 3]}, {"id": "L_cantaloupe_001004", "layout": null, "coords": [1, 4]}, {"id": "L_cantaloupe_001005", "layout": "E", "orientation": "n", "directions": [4], "coords": [1, 5], "color": [2], "components": []}, {"id": "L_cantaloupe_001006", "layout": null, "coords": [1, 6]}, {"id": "L_cantaloupe_001007", "layout": "E", "orientation": "n", "directions": [2], "coords": [1, 7], "color": [2], "components": []}], [{"id": "L_cantaloupe_002000", "layout": null, "coords": [2, 0]}, {"id": "L_cantaloupe_002001", "layout": null, "coords": [2, 1]}, {"id": "L_cantaloupe_002002", "layout": null, "coords": [2, 2]}, {"id": "L_cantaloupe_002003", "layout": null, "coords": [2, 3]}, {"id": "L_cantaloupe_002004", "layout": null, "coords": [2, 4]}, {"id": "L_cantaloupe_002005", "layout": "G", "orientation": "n", "directions": [4], "coords": [2, 5], "color": [2], "components": []}, {"id": "L_cantaloupe_002006", "layout": "E", "orientation": "e", "directions": [3], "coords": [2, 6], "color": [2], "components": []}, {"id": "L_cantaloupe_002007", "layout": "C", "orientation": "s", "directions": [3], "coords": [2, 7], "color": [2], "components": []}], [{"id": "L_cantaloupe_003000", "layout": null, "coords": [3, 0]}, {"id": "L_cantaloupe_003001", "layout": null, "coords": [3, 1]}, {"id": "L_cantaloupe_003002", "layout": null, "coords": [3, 2]}, {"id": "L_cantaloupe_003003", "layout": null, "coords": [3, 3]}, {"id": "L_cantaloupe_003004", "layout": null, "coords": [3, 4]}, {"id": "L_cantaloupe_003005", "layout": "E", "orientation": "n", "directions": [4], "coords": [3, 5], "color": [2], "components": []}, {"id": "L_cantaloupe_003006", "layout": null, "coords": [3, 6]}, {"id": "L_cantaloupe_003007", "layout": null, "coords": [3, 7]}], [{"id": "L_cantaloupe_004000", "layout": null, "coords": [4, 0]}, {"id": "L_cantaloupe_004001", "layout": null, "coords": [4, 1]}, {"id": "L_cantaloupe_004002", "layout": "C", "orientation": "n", "directions": [1], "coords": [4, 2], "color": [2], "components": []}, {"id": "L_cantaloupe_004003", "layout": "E", "orientation": "e", "directions": [1], "coords": [4, 3], "color": [2], "components": []}, {"id": "L_cantaloupe_004004", "layout": "E", "orientation": "e", "directions": [1], "coords": [4, 4], "color": [2], "components": []}, {"id": "L_cantaloupe_004005", "layout": "G", "orientation": "w", "directions": [1, 4], "coords": [4, 5], "color": [2], "components": ["L_cantaloupe_5001"]}, {"id": "L_cantaloupe_004006", "layout": "E", "orientation": "e", "directions": [1], "coords": [4, 6], "color": [2], "components": []}, {"id": "L_cantaloupe_004007", "layout": "C", "orientation": "e", "directions": [2], "coords": [4, 7], "color": [2], "components": []}], [{"id": "L_cantaloupe_005000", "layout": null, "coords": [5, 0]}, {"id": "L_cantaloupe_005001", "layout": null, "coords": [5, 1]}, {"id": "L_cantaloupe_005002", "layout": "E", "orientation": "n", "directions": [4], "coords": [5, 2], "color": [2], "components": []}, {"id": "L_cantaloupe_005003", "layout": null, "coords": [5, 3]}, {"id": "L_cantaloupe_005004", "layout": null, "coords": [5, 4]}, {"id": "L_cantaloupe_005005", "layout": null, "coords": [5, 5]}, {"id": "L_cantaloupe_005006", "layout": null, "coords": [5, 6]}, {"id": "L_cantaloupe_005007", "layout": "E", "orientation": "n", "directions": [2], "coords": [5, 7], "color": [2], "components": []}], [{"id": "L_cantaloupe_006000", "layout": "C", "orientation": "n", "directions": [2], "coords": [6, 0], "color": [1], "components": []}, {"id": "L_cantaloupe_006001", "layout": "E", "orientation": "e", "directions": [3], "coords": [6, 1], "color": [1], "components": []}, {"id": "L_cantaloupe_006002", "layout": "O", "orientation": "e", "directions": [3, 4], "coords": [6, 2], "color": [1, 2], "components": ["L_cantaloupe_2001"]}, {"id": "L_cantaloupe_006003", "layout": "E", "orientation": "e", "directions": [3], "coords": [6, 3], "color": [1], "components": ["aaaaab"]}, {"id": "L_cantaloupe_006004", "layout": "E", "orientation": "e", "directions": [3], "coords": [6, 4], "color": [1], "components": []}, {"id": "L_cantaloupe_006005", "layout": "C", "orientation": "e", "directions": [3], "coords": [6, 5], "color": [1], "components": []}, {"id": "L_cantaloupe_006006", "layout": null, "coords": [6, 6]}, {"id": "L_cantaloupe_006007", "layout": "E", "orientation": "n", "directions": [2], "coords": [6, 7], "color": [2], "components": []}], [{"id": "L_cantaloupe_007000", "layout": "E", "orientation": "n", "directions": [2], "coords": [7, 0], "color": [1], "components": []}, {"id": "L_cantaloupe_007001", "layout": null, "coords": [7, 1]}, {"id": "L_cantaloupe_007002", "layout": "E", "orientation": "n", "directions": [4], "coords": [7, 2], "color": [2], "components": []}, {"id": "L_cantaloupe_007003", "layout": null, "coords": [7, 3]}, {"id": "L_cantaloupe_007004", "layout": null, "coords": [7, 4]}, {"id": "L_cantaloupe_007005", "layout": "E", "orientation": "n", "directions": [4], "coords": [7, 5], "color": [1], "components": []}, {"id": "L_cantaloupe_007006", "layout": null, "coords": [7, 6]}, {"id": "L_cantaloupe_007007", "layout": "E", "orientation": "n", "directions": [2], "coords": [7, 7], "color": [2], "components": ["L_cantaloupe_3001"]}], [{"id": "L_cantaloupe_008000", "layout": "E", "orientation": "n", "directions": [2], "coords": [8, 0], "color": [1], "components": []}, {"id": "L_cantaloupe_008001", "layout": null, "coords": [8, 1]}, {"id": "L_cantaloupe_008002", "layout": "E", "orientation": "n", "directions": [4], "coords": [8, 2], "color": [2], "components": ["aaaaaa"]}, {"id": "L_cantaloupe_008003", "layout": null, "coords": [8, 3]}, {"id": "L_cantaloupe_008004", "layout": null, "coords": [8, 4]}, {"id": "L_cantaloupe_008005", "layout": "E", "orientation": "n", "directions": [4], "coords": [8, 5], "color": [1], "components": ["L_cantaloupe_1002"]}, {"id": "L_cantaloupe_008006", "layout": null, "coords": [8, 6]}, {"id": "L_cantaloupe_008007", "layout": "E", "orientation": "n", "directions": [2], "coords": [8, 7], "color": [2], "components": []}], [{"id": "L_cantaloupe_009000", "layout": "E", "orientation": "n", "directions": [2], "coords": [9, 0], "color": [1], "components": []}, {"id": "L_cantaloupe_009001", "layout": null, "coords": [9, 1]}, {"id": "L_cantaloupe_009002", "layout": "C", "orientation": "w", "directions": [4], "coords": [9, 2], "color": [2], "components": ["L_cantaloupe_1001"]}, {"id": "L_cantaloupe_009003", "layout": "E", "orientation": "e", "directions": [3], "coords": [9, 3], "color": [2], "components": []}, {"id": "L_cantaloupe_009004", "layout": "E", "orientation": "e", "directions": [3], "coords": [9, 4], "color": [2], "components": ["L_cantaloupe_1001"]}, {"id": "L_cantaloupe_009005", "layout": "O", "orientation": "e", "directions": [3, 4], "coords": [9, 5], "color": [1, 2], "components": []}, {"id": "L_cantaloupe_009006", "layout": "E", "orientation": "e", "directions": [3], "coords": [9, 6], "color": [2], "components": []}, {"id": "L_cantaloupe_009007", "layout": "C", "orientation": "s", "directions": [3], "coords": [9, 7], "color": [2], "components": ["aaaaad"]}], [{"id": "L_cantaloupe_010000", "layout": "E", "orientation": "n", "directions": [2], "coords": [10, 0], "color": [1], "components": []}, {"id": "L_cantaloupe_010001", "layout": null, "coords": [10, 1]}, {"id": "L_cantaloupe_010002", "layout": null, "coords": [10, 2]}, {"id": "L_cantaloupe_010003", "layout": null, "coords": [10, 3]}, {"id": "L_cantaloupe_010004", "layout": null, "coords": [10, 4]}, {"id": "L_cantaloupe_010005", "layout": "E", "orientation": "n", "directions": [4], "coords": [10, 5], "color": [1], "components": []}, {"id": "L_cantaloupe_010006", "layout": null, "coords": [10, 6]}, {"id": "L_cantaloupe_010007", "layout": null, "coords": [10, 7]}], [{"id": "L_cantaloupe_011000", "layout": "C", "orientation": "w", "directions": [1], "coords": [11, 0], "color": [1], "components": []}, {"id": "L_cantaloupe_011001", "layout": "E", "orientation": "e", "directions": [1], "coords": [11, 1], "color": [1], "components": []}, {"id": "L_cantaloupe_011002", "layout": "G", "orientation": "e", "directions": [1, 2], "coords": [11, 2], "color": [1], "components": ["L_cantaloupe_5002"]}, {"id": "L_cantaloupe_011003", "layout": "E", "orientation": "e", "directions": [1], "coords": [11, 3], "color": [1], "components": ["L_cantaloupe_3002", "L_cantaloupe_1002"]}, {"id": "L_cantaloupe_011004", "layout": "E", "orientation": "e", "directions": [1], "coords": [11, 4], "color": [1], "components": ["aaaaac"]}, {"id": "L_cantaloupe_011005", "layout": "C", "orientation": "s", "directions": [4], "coords": [11, 5], "color": [1], "components": []}, {"id": "L_cantaloupe_011006", "layout": null, "coords": [11, 6]}, {"id": "L_cantaloupe_011007", "layout": null, "coords": [11, 7]}], [{"id": "L_cantaloupe_012000", "layout": null, "coords": [12, 0]}, {"id": "L_cantaloupe_012001", "layout": null, "coords": [12, 1]}, {"id": "L_cantaloupe_012002", "layout": "E", "orientation": "n", "directions": [2], "coords": [12, 2], "color": [1], "components": []}, {"id": "L_cantaloupe_012003", "layout": null, "coords": [12, 3]}, {"id": "L_cantaloupe_012004", "layout": null, "coords": [12, 4]}, {"id": "L_cantaloupe_012005", "layout": null, "coords": [12, 5]}, {"id": "L_cantaloupe_012006", "layout": null, "coords": [12, 6]}, {"id": "L_cantaloupe_012007", "layout": null, "coords": [12, 7]}], [{"id": "L_cantaloupe_013000", "layout": "C", "orientation": "n", "directions": [1], "coords": [13, 0], "color": [1], "components": []}, {"id": "L_cantaloupe_013001", "layout": "E", "orientation": "e", "directions": [1], "coords": [13, 1], "color": [1], "components": []}, {"id": "L_cantaloupe_013002", "layout": "G", "orientation": "s", "directions": [2], "coords": [13, 2], "color": [1], "components": []}, {"id": "L_cantaloupe_013003", "layout": null, "coords": [13, 3]}, {"id": "L_cantaloupe_013004", "layout": null, "coords": [13, 4]}, {"id": "L_cantaloupe_013005", "layout": null, "coords": [13, 5]}, {"id": "L_cantaloupe_013006", "layout": null, "coords": [13, 6]}, {"id": "L_cantaloupe_013007", "layout": null, "coords": [13, 7]}], [{"id": "L_cantaloupe_014000", "layout": "E", "orientation": "n", "directions": [4], "coords": [14, 0], "color": [1], "components": []}, {"id": "L_cantaloupe_014001", "layout": null, "coords": [14, 1]}, {"id": "L_cantaloupe_014002", "layout": "E", "orientation": "n", "directions": [2], "coords": [14, 2], "color": [1], "components": []}, {"id": "L_cantaloupe_014003", "layout": null, "coords": [14, 3]}, {"id": "L_cantaloupe_014004", "layout": null, "coords": [14, 4]}, {"id": "L_cantaloupe_014005", "layout": null, "coords": [14, 5]}, {"id": "L_cantaloupe_014006", "layout": null, "coords": [14, 6]}, {"id": "L_cantaloupe_014007", "layout": null, "coords": [14, 7]}], [{"id": "L_cantaloupe_015000", "layout": "C", "orientation": "w", "directions": [4], "coords": [15, 0], "color": [1], "components": []}, {"id": "L_cantaloupe_015001", "layout": "E", "orientation": "e", "directions": [3], "coords": [15, 1], "color": [1], "components": []}, {"id": "L_cantaloupe_015002", "layout": "C", "orientation": "s", "directions": [3], "coords": [15, 2], "color": [1], "components": []}, {"id": "L_cantaloupe_015003", "layout": null, "coords": [15, 3]}, {"id": "L_cantaloupe_015004", "layout": null, "coords": [15, 4]}, {"id": "L_cantaloupe_015005", "layout": null, "coords": [15, 5]}, {"id": "L_cantaloupe_015006", "layout": null, "coords": [15, 6]}, {"id": "L_cantaloupe_015007", "layout": null, "coords": [15, 7]}]], "components": {"L_cantaloupe_5001": {"cell": [4, 5], "color": 0, "id": "L_cantaloupe_5001", "locked": true, "passed": 1, "spec": "", "type": "conditional", "userPlaced": false, "directionCondition": 3, "directionDefault": 3, "directionsColors": [[], [], [], []], "directionsTypes": [["unlimCondition"], [], [], ["emptyPayload"]]}, "L_cantaloupe_5002": {"cell": [11, 2], "color": 0, "id": "L_cantaloupe_5002", "locked": true, "passed": 1, "spec": "", "type": "conditional", "userPlaced": false, "directionCondition": 3, "directionDefault": 3, "directionsColors": [[], [], [], []], "directionsTypes": [["unlimCondition"], ["emptyPayload"], [], []]}, "L_cantaloupe_3001": {"cell": [7, 7], "color": 0, "delivered": 2, "id": "L_cantaloupe_3001", "locked": true, "passed": 2, "spec": "unlimCondition", "type": "delivery", "userPlaced": false, "acceptedTypes": ["unlimCondition"], "acceptedColors": []}, "L_cantaloupe_3002": {"cell": [11, 3], "color": 0, "delivered": 2, "id": "L_cantaloupe_3002", "locked": true, "passed": 2, "spec": "unlimCondition", "type": "delivery", "userPlaced": false, "acceptedTypes": ["unlimCondition"], "acceptedColors": []}, "L_cantaloupe_2001": {"cell": [6, 2], "color": 1, "id": "L_cantaloupe_2001", "locked": true, "passed": 4, "picked": 4, "spec": "unlimCondition", "type": "pickup", "userPlaced": false}, "aaaaab": {"cell": [6, 3], "id": "aaaaab", "passed": 1, "spec": "inactive", "type": "semaphore", "userPlaced": true}, "aaaaaa": {"cell": [8, 2], "id": "aaaaaa", "passed": 1, "spec": "inactive", "type": "semaphore", "userPlaced": true}, "aaaaac": {"cell": [11, 4], "id": "aaaaac", "spec": "inactive", "type": "signal", "userPlaced": true, "link": "aaaaaa"}, "aaaaad": {"cell": [9, 7], "id": "aaaaad", "spec": "inactive", "type": "signal", "userPlaced": true, "link": "aaaaab"}, "L_cantaloupe_1002": {"capacity": -1, "cell": [11, 3], "color": 1, "delivered": 2, "direction": 1, "id": "L_cantaloupe_1002", "locked": true, "passed": 0, "spec": "", "type": "thread", "userPlaced": false}, "L_cantaloupe_1001": {"capacity": -1, "cell": [9, 2], "color": 2, "delivered": 2, "direction": 3, "id": "L_cantaloupe_1001", "locked": true, "passed": 0, "spec": "", "type": "thread", "userPlaced": false}}}, "category": "DEFAULT", "created": 1620843590870, "id": "5e7d5c46-8359-4343-a565-1f015964cd53"}, {"type": "BEGIN_SIMULATION", "current": -1, "total": 160, "category": "DEFAULT", "created": 1620843592704, "id": "7a14dd58-746e-4aab-a920-76795a162bdb"}, {"type": "SET_REFLECTION_CONTENT", "content": {"status": "success", "title": "Successful Solution", "titleIcon": "success.png", "subtitle": "Good job!", "description": "You met the level goal!", "simType": "SUBMIT", "numUserPlacedComponents": 4, "header": "Knowledge Unlocked:", "goals": [{"title": "The thread delivered at least enough packages.", "icon": "thread.png", "status": "success", "actual": 2, "target": 1, "comparison": "gt", "component": {"id": "L_cantaloupe_1001", "type": "thread", "spec": "", "color": 2}, "triggeredFailure": false}, {"title": "The thread delivered at least enough packages.", "icon": "thread.png", "status": "success", "actual": 2, "target": 1, "comparison": "gt", "component": {"id": "L_cantaloupe_1002", "type": "thread", "spec": "", "color": 1}, "triggeredFailure": false}, {"title": "The delivery point received at least enough packages.", "icon": "delivery.png", "status": "success", "actual": 2, "target": 1, "comparison": "gt", "component": {"id": "L_cantaloupe_3001", "type": "delivery", "spec": "unlimCondition", "color": 0}, "triggeredFailure": false}, {"title": "The delivery point received at least enough packages.", "icon": "delivery.png", "status": "success", "actual": 2, "target": 1, "comparison": "gt", "component": {"id": "L_cantaloupe_3002", "type": "delivery", "spec": "unlimCondition", "color": 0}, "triggeredFailure": false}], "reflections": []}, "category": "SYSTEM", "created": 1620843599627, "id": "324aa28a-82eb-4d84-87b5-b42e2977402a"}, {"type": "FINISH_SIMULATION", "current": 159, "total": 160, "category": "DEFAULT", "created": 1620843616862, "id": "85f86763-4cfe-44b9-87a9-74979acd8a12"}, {"type": "BOARD_SNAPSHOT", "board": {"map": [[{"id": "L_cantaloupe_000000", "layout": null, "coords": [0, 0]}, {"id": "L_cantaloupe_000001", "layout": null, "coords": [0, 1]}, {"id": "L_cantaloupe_000002", "layout": null, "coords": [0, 2]}, {"id": "L_cantaloupe_000003", "layout": null, "coords": [0, 3]}, {"id": "L_cantaloupe_000004", "layout": null, "coords": [0, 4]}, {"id": "L_cantaloupe_000005", "layout": "C", "orientation": "n", "directions": [1], "coords": [0, 5], "color": [2], "components": []}, {"id": "L_cantaloupe_000006", "layout": "E", "orientation": "e", "directions": [1], "coords": [0, 6], "color": [2], "components": []}, {"id": "L_cantaloupe_000007", "layout": "C", "orientation": "e", "directions": [2], "coords": [0, 7], "color": [2], "components": []}], [{"id": "L_cantaloupe_001000", "layout": null, "coords": [1, 0]}, {"id": "L_cantaloupe_001001", "layout": null, "coords": [1, 1]}, {"id": "L_cantaloupe_001002", "layout": null, "coords": [1, 2]}, {"id": "L_cantaloupe_001003", "layout": null, "coords": [1, 3]}, {"id": "L_cantaloupe_001004", "layout": null, "coords": [1, 4]}, {"id": "L_cantaloupe_001005", "layout": "E", "orientation": "n", "directions": [4], "coords": [1, 5], "color": [2], "components": []}, {"id": "L_cantaloupe_001006", "layout": null, "coords": [1, 6]}, {"id": "L_cantaloupe_001007", "layout": "E", "orientation": "n", "directions": [2], "coords": [1, 7], "color": [2], "components": []}], [{"id": "L_cantaloupe_002000", "layout": null, "coords": [2, 0]}, {"id": "L_cantaloupe_002001", "layout": null, "coords": [2, 1]}, {"id": "L_cantaloupe_002002", "layout": null, "coords": [2, 2]}, {"id": "L_cantaloupe_002003", "layout": null, "coords": [2, 3]}, {"id": "L_cantaloupe_002004", "layout": null, "coords": [2, 4]}, {"id": "L_cantaloupe_002005", "layout": "G", "orientation": "n", "directions": [4], "coords": [2, 5], "color": [2], "components": []}, {"id": "L_cantaloupe_002006", "layout": "E", "orientation": "e", "directions": [3], "coords": [2, 6], "color": [2], "components": []}, {"id": "L_cantaloupe_002007", "layout": "C", "orientation": "s", "directions": [3], "coords": [2, 7], "color": [2], "components": []}], [{"id": "L_cantaloupe_003000", "layout": null, "coords": [3, 0]}, {"id": "L_cantaloupe_003001", "layout": null, "coords": [3, 1]}, {"id": "L_cantaloupe_003002", "layout": null, "coords": [3, 2]}, {"id": "L_cantaloupe_003003", "layout": null, "coords": [3, 3]}, {"id": "L_cantaloupe_003004", "layout": null, "coords": [3, 4]}, {"id": "L_cantaloupe_003005", "layout": "E", "orientation": "n", "directions": [4], "coords": [3, 5], "color": [2], "components": []}, {"id": "L_cantaloupe_003006", "layout": null, "coords": [3, 6]}, {"id": "L_cantaloupe_003007", "layout": null, "coords": [3, 7]}], [{"id": "L_cantaloupe_004000", "layout": null, "coords": [4, 0]}, {"id": "L_cantaloupe_004001", "layout": null, "coords": [4, 1]}, {"id": "L_cantaloupe_004002", "layout": "C", "orientation": "n", "directions": [1], "coords": [4, 2], "color": [2], "components": []}, {"id": "L_cantaloupe_004003", "layout": "E", "orientation": "e", "directions": [1], "coords": [4, 3], "color": [2], "components": []}, {"id": "L_cantaloupe_004004", "layout": "E", "orientation": "e", "directions": [1], "coords": [4, 4], "color": [2], "components": []}, {"id": "L_cantaloupe_004005", "layout": "G", "orientation": "w", "directions": [1, 4], "coords": [4, 5], "color": [2], "components": ["L_cantaloupe_5001"]}, {"id": "L_cantaloupe_004006", "layout": "E", "orientation": "e", "directions": [1], "coords": [4, 6], "color": [2], "components": []}, {"id": "L_cantaloupe_004007", "layout": "C", "orientation": "e", "directions": [2], "coords": [4, 7], "color": [2], "components": []}], [{"id": "L_cantaloupe_005000", "layout": null, "coords": [5, 0]}, {"id": "L_cantaloupe_005001", "layout": null, "coords": [5, 1]}, {"id": "L_cantaloupe_005002", "layout": "E", "orientation": "n", "directions": [4], "coords": [5, 2], "color": [2], "components": []}, {"id": "L_cantaloupe_005003", "layout": null, "coords": [5, 3]}, {"id": "L_cantaloupe_005004", "layout": null, "coords": [5, 4]}, {"id": "L_cantaloupe_005005", "layout": null, "coords": [5, 5]}, {"id": "L_cantaloupe_005006", "layout": null, "coords": [5, 6]}, {"id": "L_cantaloupe_005007", "layout": "E", "orientation": "n", "directions": [2], "coords": [5, 7], "color": [2], "components": []}], [{"id": "L_cantaloupe_006000", "layout": "C", "orientation": "n", "directions": [2], "coords": [6, 0], "color": [1], "components": []}, {"id": "L_cantaloupe_006001", "layout": "E", "orientation": "e", "directions": [3], "coords": [6, 1], "color": [1], "components": []}, {"id": "L_cantaloupe_006002", "layout": "O", "orientation": "e", "directions": [3, 4], "coords": [6, 2], "color": [1, 2], "components": ["L_cantaloupe_2001"]}, {"id": "L_cantaloupe_006003", "layout": "E", "orientation": "e", "directions": [3], "coords": [6, 3], "color": [1], "components": ["aaaaab"]}, {"id": "L_cantaloupe_006004", "layout": "E", "orientation": "e", "directions": [3], "coords": [6, 4], "color": [1], "components": []}, {"id": "L_cantaloupe_006005", "layout": "C", "orientation": "e", "directions": [3], "coords": [6, 5], "color": [1], "components": []}, {"id": "L_cantaloupe_006006", "layout": null, "coords": [6, 6]}, {"id": "L_cantaloupe_006007", "layout": "E", "orientation": "n", "directions": [2], "coords": [6, 7], "color": [2], "components": []}], [{"id": "L_cantaloupe_007000", "layout": "E", "orientation": "n", "directions": [2], "coords": [7, 0], "color": [1], "components": []}, {"id": "L_cantaloupe_007001", "layout": null, "coords": [7, 1]}, {"id": "L_cantaloupe_007002", "layout": "E", "orientation": "n", "directions": [4], "coords": [7, 2], "color": [2], "components": []}, {"id": "L_cantaloupe_007003", "layout": null, "coords": [7, 3]}, {"id": "L_cantaloupe_007004", "layout": null, "coords": [7, 4]}, {"id": "L_cantaloupe_007005", "layout": "E", "orientation": "n", "directions": [4], "coords": [7, 5], "color": [1], "components": []}, {"id": "L_cantaloupe_007006", "layout": null, "coords": [7, 6]}, {"id": "L_cantaloupe_007007", "layout": "E", "orientation": "n", "directions": [2], "coords": [7, 7], "color": [2], "components": ["L_cantaloupe_3001"]}], [{"id": "L_cantaloupe_008000", "layout": "E", "orientation": "n", "directions": [2], "coords": [8, 0], "color": [1], "components": []}, {"id": "L_cantaloupe_008001", "layout": null, "coords": [8, 1]}, {"id": "L_cantaloupe_008002", "layout": "E", "orientation": "n", "directions": [4], "coords": [8, 2], "color": [2], "components": ["aaaaaa"]}, {"id": "L_cantaloupe_008003", "layout": null, "coords": [8, 3]}, {"id": "L_cantaloupe_008004", "layout": null, "coords": [8, 4]}, {"id": "L_cantaloupe_008005", "layout": "E", "orientation": "n", "directions": [4], "coords": [8, 5], "color": [1], "components": ["L_cantaloupe_1002"]}, {"id": "L_cantaloupe_008006", "layout": null, "coords": [8, 6]}, {"id": "L_cantaloupe_008007", "layout": "E", "orientation": "n", "directions": [2], "coords": [8, 7], "color": [2], "components": []}], [{"id": "L_cantaloupe_009000", "layout": "E", "orientation": "n", "directions": [2], "coords": [9, 0], "color": [1], "components": []}, {"id": "L_cantaloupe_009001", "layout": null, "coords": [9, 1]}, {"id": "L_cantaloupe_009002", "layout": "C", "orientation": "w", "directions": [4], "coords": [9, 2], "color": [2], "components": ["L_cantaloupe_1001"]}, {"id": "L_cantaloupe_009003", "layout": "E", "orientation": "e", "directions": [3], "coords": [9, 3], "color": [2], "components": []}, {"id": "L_cantaloupe_009004", "layout": "E", "orientation": "e", "directions": [3], "coords": [9, 4], "color": [2], "components": ["L_cantaloupe_1001"]}, {"id": "L_cantaloupe_009005", "layout": "O", "orientation": "e", "directions": [3, 4], "coords": [9, 5], "color": [1, 2], "components": []}, {"id": "L_cantaloupe_009006", "layout": "E", "orientation": "e", "directions": [3], "coords": [9, 6], "color": [2], "components": []}, {"id": "L_cantaloupe_009007", "layout": "C", "orientation": "s", "directions": [3], "coords": [9, 7], "color": [2], "components": ["aaaaad"]}], [{"id": "L_cantaloupe_010000", "layout": "E", "orientation": "n", "directions": [2], "coords": [10, 0], "color": [1], "components": []}, {"id": "L_cantaloupe_010001", "layout": null, "coords": [10, 1]}, {"id": "L_cantaloupe_010002", "layout": null, "coords": [10, 2]}, {"id": "L_cantaloupe_010003", "layout": null, "coords": [10, 3]}, {"id": "L_cantaloupe_010004", "layout": null, "coords": [10, 4]}, {"id": "L_cantaloupe_010005", "layout": "E", "orientation": "n", "directions": [4], "coords": [10, 5], "color": [1], "components": []}, {"id": "L_cantaloupe_010006", "layout": null, "coords": [10, 6]}, {"id": "L_cantaloupe_010007", "layout": null, "coords": [10, 7]}], [{"id": "L_cantaloupe_011000", "layout": "C", "orientation": "w", "directions": [1], "coords": [11, 0], "color": [1], "components": []}, {"id": "L_cantaloupe_011001", "layout": "E", "orientation": "e", "directions": [1], "coords": [11, 1], "color": [1], "components": []}, {"id": "L_cantaloupe_011002", "layout": "G", "orientation": "e", "directions": [1, 2], "coords": [11, 2], "color": [1], "components": ["L_cantaloupe_5002"]}, {"id": "L_cantaloupe_011003", "layout": "E", "orientation": "e", "directions": [1], "coords": [11, 3], "color": [1], "components": ["L_cantaloupe_3002", "L_cantaloupe_1002"]}, {"id": "L_cantaloupe_011004", "layout": "E", "orientation": "e", "directions": [1], "coords": [11, 4], "color": [1], "components": ["aaaaac"]}, {"id": "L_cantaloupe_011005", "layout": "C", "orientation": "s", "directions": [4], "coords": [11, 5], "color": [1], "components": []}, {"id": "L_cantaloupe_011006", "layout": null, "coords": [11, 6]}, {"id": "L_cantaloupe_011007", "layout": null, "coords": [11, 7]}], [{"id": "L_cantaloupe_012000", "layout": null, "coords": [12, 0]}, {"id": "L_cantaloupe_012001", "layout": null, "coords": [12, 1]}, {"id": "L_cantaloupe_012002", "layout": "E", "orientation": "n", "directions": [2], "coords": [12, 2], "color": [1], "components": []}, {"id": "L_cantaloupe_012003", "layout": null, "coords": [12, 3]}, {"id": "L_cantaloupe_012004", "layout": null, "coords": [12, 4]}, {"id": "L_cantaloupe_012005", "layout": null, "coords": [12, 5]}, {"id": "L_cantaloupe_012006", "layout": null, "coords": [12, 6]}, {"id": "L_cantaloupe_012007", "layout": null, "coords": [12, 7]}], [{"id": "L_cantaloupe_013000", "layout": "C", "orientation": "n", "directions": [1], "coords": [13, 0], "color": [1], "components": []}, {"id": "L_cantaloupe_013001", "layout": "E", "orientation": "e", "directions": [1], "coords": [13, 1], "color": [1], "components": []}, {"id": "L_cantaloupe_013002", "layout": "G", "orientation": "s", "directions": [2], "coords": [13, 2], "color": [1], "components": []}, {"id": "L_cantaloupe_013003", "layout": null, "coords": [13, 3]}, {"id": "L_cantaloupe_013004", "layout": null, "coords": [13, 4]}, {"id": "L_cantaloupe_013005", "layout": null, "coords": [13, 5]}, {"id": "L_cantaloupe_013006", "layout": null, "coords": [13, 6]}, {"id": "L_cantaloupe_013007", "layout": null, "coords": [13, 7]}], [{"id": "L_cantaloupe_014000", "layout": "E", "orientation": "n", "directions": [4], "coords": [14, 0], "color": [1], "components": []}, {"id": "L_cantaloupe_014001", "layout": null, "coords": [14, 1]}, {"id": "L_cantaloupe_014002", "layout": "E", "orientation": "n", "directions": [2], "coords": [14, 2], "color": [1], "components": []}, {"id": "L_cantaloupe_014003", "layout": null, "coords": [14, 3]}, {"id": "L_cantaloupe_014004", "layout": null, "coords": [14, 4]}, {"id": "L_cantaloupe_014005", "layout": null, "coords": [14, 5]}, {"id": "L_cantaloupe_014006", "layout": null, "coords": [14, 6]}, {"id": "L_cantaloupe_014007", "layout": null, "coords": [14, 7]}], [{"id": "L_cantaloupe_015000", "layout": "C", "orientation": "w", "directions": [4], "coords": [15, 0], "color": [1], "components": []}, {"id": "L_cantaloupe_015001", "layout": "E", "orientation": "e", "directions": [3], "coords": [15, 1], "color": [1], "components": []}, {"id": "L_cantaloupe_015002", "layout": "C", "orientation": "s", "directions": [3], "coords": [15, 2], "color": [1], "components": []}, {"id": "L_cantaloupe_015003", "layout": null, "coords": [15, 3]}, {"id": "L_cantaloupe_015004", "layout": null, "coords": [15, 4]}, {"id": "L_cantaloupe_015005", "layout": null, "coords": [15, 5]}, {"id": "L_cantaloupe_015006", "layout": null, "coords": [15, 6]}, {"id": "L_cantaloupe_015007", "layout": null, "coords": [15, 7]}]], "components": {"L_cantaloupe_5001": {"cell": [4, 5], "color": 0, "id": "L_cantaloupe_5001", "locked": true, "passed": 1, "spec": "", "type": "conditional", "userPlaced": false, "directionCondition": 3, "directionDefault": 3, "directionsColors": [[], [], [], []], "directionsTypes": [["unlimCondition"], [], [], ["emptyPayload"]]}, "L_cantaloupe_5002": {"cell": [11, 2], "color": 0, "id": "L_cantaloupe_5002", "locked": true, "passed": 1, "spec": "", "type": "conditional", "userPlaced": false, "directionCondition": 3, "directionDefault": 3, "directionsColors": [[], [], [], []], "directionsTypes": [["unlimCondition"], ["emptyPayload"], [], []]}, "L_cantaloupe_3001": {"cell": [7, 7], "color": 0, "delivered": 2, "id": "L_cantaloupe_3001", "locked": true, "passed": 2, "spec": "unlimCondition", "type": "delivery", "userPlaced": false, "acceptedTypes": ["unlimCondition"], "acceptedColors": []}, "L_cantaloupe_3002": {"cell": [11, 3], "color": 0, "delivered": 2, "id": "L_cantaloupe_3002", "locked": true, "passed": 2, "spec": "unlimCondition", "type": "delivery", "userPlaced": false, "acceptedTypes": ["unlimCondition"], "acceptedColors": []}, "L_cantaloupe_2001": {"cell": [6, 2], "color": 1, "id": "L_cantaloupe_2001", "locked": true, "passed": 4, "picked": 4, "spec": "unlimCondition", "type": "pickup", "userPlaced": false}, "aaaaab": {"cell": [6, 3], "id": "aaaaab", "passed": 1, "spec": "inactive", "type": "semaphore", "userPlaced": true}, "aaaaaa": {"cell": [8, 2], "id": "aaaaaa", "passed": 1, "spec": "inactive", "type": "semaphore", "userPlaced": true}, "aaaaac": {"cell": [11, 4], "id": "aaaaac", "spec": "inactive", "type": "signal", "userPlaced": true, "link": "aaaaaa"}, "aaaaad": {"cell": [9, 7], "id": "aaaaad", "spec": "inactive", "type": "signal", "userPlaced": true, "link": "aaaaab"}, "L_cantaloupe_1002": {"capacity": -1, "cell": [11, 3], "color": 1, "delivered": 2, "direction": 1, "id": "L_cantaloupe_1002", "locked": true, "passed": 0, "spec": "", "type": "thread", "userPlaced": false}, "L_cantaloupe_1001": {"capacity": -1, "cell": [9, 2], "color": 2, "delivered": 2, "direction": 3, "id": "L_cantaloupe_1001", "locked": true, "passed": 0, "spec": "", "type": "thread", "userPlaced": false}}}, "category": "DEFAULT", "created": 1620843616873, "id": "741d89f6-7558-4925-afe8-171eafdc80b9"}, {"type": "SHOW_MESSAGE", "message": "Uploading log data...", "category": "DEFAULT", "created": 1620843621785, "id": "754c5ced-ffc0-4e90-b29f-29a322a9caa2"}], "metadata": {"platform": "5.0 (Windows)", "playerId": "06bbf269-27f2-4d50-8558-9ed86349015e"}}