{"level_info": "Parallel Data Visualization V2", "num_patterns": 1, "num_users": 7, "nodes": [{"id": 0, "parent_sequence": [], "type": "start", "details": {"event_type": "Start"}, "stat": {}, "user_ids": ["6c48747a-8c8c-43c5-8c7e-ff80f281b508.json", "c057d16f-023e-491d-baee-371e5081939a.json", "8bbeff9b-9e06-4993-b919-c9cd59a77f16.json", "f5d99f4b-d52e-412b-8111-54cbbafffcfb.json", "ae26b920-1410-437f-bcba-c481ec3098f0.json", "81dc330b-4077-494b-91b3-fc8cc4fe2604.json", "03021ea9-78a2-434d-adc0-b9fd063d4291.json"]}, {"id": 1, "parent_sequence": [], "type": "end", "details": {"event_type": "End"}, "stat": {}, "user_ids": ["6c48747a-8c8c-43c5-8c7e-ff80f281b508.json", "c057d16f-023e-491d-baee-371e5081939a.json", "8bbeff9b-9e06-4993-b919-c9cd59a77f16.json", "f5d99f4b-d52e-412b-8111-54cbbafffcfb.json", "ae26b920-1410-437f-bcba-c481ec3098f0.json", "81dc330b-4077-494b-91b3-fc8cc4fe2604.json", "03021ea9-78a2-434d-adc0-b9fd063d4291.json"]}, {"id": 2, "parent_sequence": [], "type": "mid", "details": {"event_type": "{'board_state': {'nSemaphores': 0, 'nSignals': 0, 'semaphore_zone_dict': {}, 'signal_zone_dict': {}, 'link_dict': {}, 'nextAction': 'Recieved Next State'}}", "abstraction": {"nSemaphores": 0, "nSignals": 0, "semaphore_zone_dict": {}, "signal_zone_dict": {}, "link_dict": {}}, "nextAction": "Recieved Next State"}, "stat": {}, "user_ids": ["6c48747a-8c8c-43c5-8c7e-ff80f281b508.json", "c057d16f-023e-491d-baee-371e5081939a.json", "8bbeff9b-9e06-4993-b919-c9cd59a77f16.json", "f5d99f4b-d52e-412b-8111-54cbbafffcfb.json", "ae26b920-1410-437f-bcba-c481ec3098f0.json", "81dc330b-4077-494b-91b3-fc8cc4fe2604.json", "03021ea9-78a2-434d-adc0-b9fd063d4291.json"]}, {"id": 3, "parent_sequence": [], "type": "mid", "details": {"event_type": "{'board_state': {'nSemaphores': 5, 'nSignals': 3, 'semaphore_zone_dict': {'I': 1, 'H': 1, 'B': 1, 'J': 1, 'F': 1}, 'signal_zone_dict': {'C': 1, 'E': 1, 'H': 1}, 'link_dict': {'CI': 1, 'EH': 1, 'HF': 1}, 'nextAction': 'Recieved Next State'}}", "abstraction": {"nSemaphores": 5, "nSignals": 3, "semaphore_zone_dict": {"I": 1, "H": 1, "B": 1, "J": 1, "F": 1}, "signal_zone_dict": {"C": 1, "E": 1, "H": 1}, "link_dict": {"CI": 1, "EH": 1, "HF": 1}}, "nextAction": "Recieved Next State"}, "stat": {}, "user_ids": ["6c48747a-8c8c-43c5-8c7e-ff80f281b508.json"]}, {"id": 4, "parent_sequence": [], "type": "mid", "details": {"event_type": "{'board_state': {'nSemaphores': 2, 'nSignals': 2, 'semaphore_zone_dict': {'F': 1, 'G': 1}, 'signal_zone_dict': {'I': 1, 'H': 1}, 'link_dict': {'IG': 1, 'HF': 1}, 'nextAction': 'Recieved Next State'}}", "abstraction": {"nSemaphores": 2, "nSignals": 2, "semaphore_zone_dict": {"F": 1, "G": 1}, "signal_zone_dict": {"I": 1, "H": 1}, "link_dict": {"IG": 1, "HF": 1}}, "nextAction": "Recieved Next State"}, "stat": {}, "user_ids": ["c057d16f-023e-491d-baee-371e5081939a.json", "8bbeff9b-9e06-4993-b919-c9cd59a77f16.json", "f5d99f4b-d52e-412b-8111-54cbbafffcfb.json", "ae26b920-1410-437f-bcba-c481ec3098f0.json", "81dc330b-4077-494b-91b3-fc8cc4fe2604.json"]}, {"id": 5, "parent_sequence": [], "type": "mid", "details": {"event_type": "{'board_state': {'nSemaphores': 2, 'nSignals': 2, 'semaphore_zone_dict': {'F': 1, 'G': 1}, 'signal_zone_dict': {'C': 1, 'E': 1}, 'link_dict': {'CF': 1, 'EG': 1}, 'nextAction': 'Recieved Next State'}}", "abstraction": {"nSemaphores": 2, "nSignals": 2, "semaphore_zone_dict": {"F": 1, "G": 1}, "signal_zone_dict": {"C": 1, "E": 1}, "link_dict": {"CF": 1, "EG": 1}}, "nextAction": "Recieved Next State"}, "stat": {}, "user_ids": ["f5d99f4b-d52e-412b-8111-54cbbafffcfb.json", "03021ea9-78a2-434d-adc0-b9fd063d4291.json"]}], "links": [{"id": "0_2", "source": 0, "target": 2, "user_ids": ["6c48747a-8c8c-43c5-8c7e-ff80f281b508.json"], "details": {"event_type": "0_2"}}, {"id": "2_3", "source": 2, "target": 3, "user_ids": ["6c48747a-8c8c-43c5-8c7e-ff80f281b508.json"], "details": {"event_type": "2_3"}}, {"id": "3_3", "source": 3, "target": 3, "user_ids": ["6c48747a-8c8c-43c5-8c7e-ff80f281b508.json"], "details": {"event_type": "3_3"}}, {"id": "3_1", "source": 3, "target": 1, "user_ids": ["6c48747a-8c8c-43c5-8c7e-ff80f281b508.json"], "details": {"event_type": "3_1"}}, {"id": "0_2", "source": 0, "target": 2, "user_ids": ["c057d16f-023e-491d-baee-371e5081939a.json"], "details": {"event_type": "0_2"}}, {"id": "2_4", "source": 2, "target": 4, "user_ids": ["c057d16f-023e-491d-baee-371e5081939a.json"], "details": {"event_type": "2_4"}}, {"id": "4_4", "source": 4, "target": 4, "user_ids": ["c057d16f-023e-491d-baee-371e5081939a.json"], "details": {"event_type": "4_4"}}, {"id": "4_1", "source": 4, "target": 1, "user_ids": ["c057d16f-023e-491d-baee-371e5081939a.json"], "details": {"event_type": "4_1"}}, {"id": "0_2", "source": 0, "target": 2, "user_ids": ["8bbeff9b-9e06-4993-b919-c9cd59a77f16.json"], "details": {"event_type": "0_2"}}, {"id": "2_4", "source": 2, "target": 4, "user_ids": ["8bbeff9b-9e06-4993-b919-c9cd59a77f16.json"], "details": {"event_type": "2_4"}}, {"id": "4_4", "source": 4, "target": 4, "user_ids": ["8bbeff9b-9e06-4993-b919-c9cd59a77f16.json"], "details": {"event_type": "4_4"}}, {"id": "4_1", "source": 4, "target": 1, "user_ids": ["8bbeff9b-9e06-4993-b919-c9cd59a77f16.json"], "details": {"event_type": "4_1"}}, {"id": "0_2", "source": 0, "target": 2, "user_ids": ["f5d99f4b-d52e-412b-8111-54cbbafffcfb.json"], "details": {"event_type": "0_2"}}, {"id": "2_2", "source": 2, "target": 2, "user_ids": ["f5d99f4b-d52e-412b-8111-54cbbafffcfb.json"], "details": {"event_type": "2_2"}}, {"id": "2_5", "source": 2, "target": 5, "user_ids": ["f5d99f4b-d52e-412b-8111-54cbbafffcfb.json"], "details": {"event_type": "2_5"}}, {"id": "5_4", "source": 5, "target": 4, "user_ids": ["f5d99f4b-d52e-412b-8111-54cbbafffcfb.json"], "details": {"event_type": "5_4"}}, {"id": "4_4", "source": 4, "target": 4, "user_ids": ["f5d99f4b-d52e-412b-8111-54cbbafffcfb.json"], "details": {"event_type": "4_4"}}, {"id": "4_1", "source": 4, "target": 1, "user_ids": ["f5d99f4b-d52e-412b-8111-54cbbafffcfb.json"], "details": {"event_type": "4_1"}}, {"id": "0_2", "source": 0, "target": 2, "user_ids": ["ae26b920-1410-437f-bcba-c481ec3098f0.json"], "details": {"event_type": "0_2"}}, {"id": "2_4", "source": 2, "target": 4, "user_ids": ["ae26b920-1410-437f-bcba-c481ec3098f0.json"], "details": {"event_type": "2_4"}}, {"id": "4_4", "source": 4, "target": 4, "user_ids": ["ae26b920-1410-437f-bcba-c481ec3098f0.json"], "details": {"event_type": "4_4"}}, {"id": "4_4", "source": 4, "target": 4, "user_ids": ["ae26b920-1410-437f-bcba-c481ec3098f0.json"], "details": {"event_type": "4_4"}}, {"id": "4_1", "source": 4, "target": 1, "user_ids": ["ae26b920-1410-437f-bcba-c481ec3098f0.json"], "details": {"event_type": "4_1"}}, {"id": "0_2", "source": 0, "target": 2, "user_ids": ["81dc330b-4077-494b-91b3-fc8cc4fe2604.json"], "details": {"event_type": "0_2"}}, {"id": "2_4", "source": 2, "target": 4, "user_ids": ["81dc330b-4077-494b-91b3-fc8cc4fe2604.json"], "details": {"event_type": "2_4"}}, {"id": "4_4", "source": 4, "target": 4, "user_ids": ["81dc330b-4077-494b-91b3-fc8cc4fe2604.json"], "details": {"event_type": "4_4"}}, {"id": "4_1", "source": 4, "target": 1, "user_ids": ["81dc330b-4077-494b-91b3-fc8cc4fe2604.json"], "details": {"event_type": "4_1"}}, {"id": "0_2", "source": 0, "target": 2, "user_ids": ["03021ea9-78a2-434d-adc0-b9fd063d4291.json"], "details": {"event_type": "0_2"}}, {"id": "2_5", "source": 2, "target": 5, "user_ids": ["03021ea9-78a2-434d-adc0-b9fd063d4291.json"], "details": {"event_type": "2_5"}}, {"id": "5_5", "source": 5, "target": 5, "user_ids": ["03021ea9-78a2-434d-adc0-b9fd063d4291.json"], "details": {"event_type": "5_5"}}, {"id": "5_1", "source": 5, "target": 1, "user_ids": ["03021ea9-78a2-434d-adc0-b9fd063d4291.json"], "details": {"event_type": "5_1"}}], "trajectories": [{"trajectory": [0, 2, 3, 3, 1], "action_meaning": ["start_game", "transition", "transition", "transition", "end_game"], "user_ids": ["6c48747a-8c8c-43c5-8c7e-ff80f281b508.json"], "id": 0, "completed": true}, {"trajectory": [0, 2, 4, 4, 1], "action_meaning": ["start_game", "transition", "transition", "transition", "end_game"], "user_ids": ["c057d16f-023e-491d-baee-371e5081939a.json"], "id": 1, "completed": true}, {"trajectory": [0, 2, 4, 4, 1], "action_meaning": ["start_game", "transition", "transition", "transition", "end_game"], "user_ids": ["8bbeff9b-9e06-4993-b919-c9cd59a77f16.json"], "id": 2, "completed": true}, {"trajectory": [0, 2, 2, 5, 4, 4, 1], "action_meaning": ["start_game", "transition", "transition", "transition", "transition", "transition", "end_game"], "user_ids": ["f5d99f4b-d52e-412b-8111-54cbbafffcfb.json"], "id": 3, "completed": true}, {"trajectory": [0, 2, 4, 4, 4, 1], "action_meaning": ["start_game", "transition", "transition", "transition", "transition", "end_game"], "user_ids": ["ae26b920-1410-437f-bcba-c481ec3098f0.json"], "id": 4, "completed": true}, {"trajectory": [0, 2, 4, 4, 1], "action_meaning": ["start_game", "transition", "transition", "transition", "end_game"], "user_ids": ["81dc330b-4077-494b-91b3-fc8cc4fe2604.json"], "id": 5, "completed": true}, {"trajectory": [0, 2, 5, 5, 1], "action_meaning": ["start_game", "transition", "transition", "transition", "end_game"], "user_ids": ["03021ea9-78a2-434d-adc0-b9fd063d4291.json"], "id": 6, "completed": true}], "traj_similarity": [{"id": 0, "source": 0, "target": 1, "similarity": 2}, {"id": 1, "source": 0, "target": 2, "similarity": 2}, {"id": 2, "source": 0, "target": 3, "similarity": 3}, {"id": 3, "source": 0, "target": 4, "similarity": 3}, {"id": 4, "source": 0, "target": 5, "similarity": 2}, {"id": 5, "source": 0, "target": 6, "similarity": 2}, {"id": 6, "source": 1, "target": 2, "similarity": 0}, {"id": 7, "source": 1, "target": 3, "similarity": 1}, {"id": 8, "source": 1, "target": 4, "similarity": 0}, {"id": 9, "source": 1, "target": 5, "similarity": 0}, {"id": 10, "source": 1, "target": 6, "similarity": 2}, {"id": 11, "source": 2, "target": 3, "similarity": 1}, {"id": 12, "source": 2, "target": 4, "similarity": 0}, {"id": 13, "source": 2, "target": 5, "similarity": 0}, {"id": 14, "source": 2, "target": 6, "similarity": 2}, {"id": 15, "source": 3, "target": 4, "similarity": 1}, {"id": 16, "source": 3, "target": 5, "similarity": 1}, {"id": 17, "source": 3, "target": 6, "similarity": 2}, {"id": 18, "source": 4, "target": 5, "similarity": 0}, {"id": 19, "source": 4, "target": 6, "similarity": 3}, {"id": 20, "source": 5, "target": 6, "similarity": 2}], "setting": "Parallel data"}