{
  "5": {
    "mapAreas": {
      "A": [
        [
          0,
          2
        ],
        [
          0,
          3
        ],
        [
          0,
          4
        ],
        [
          1,
          2
        ]
      ],
      "B": [
        [
          0,
          6
        ],
        [
          0,
          7
        ],
        [
          1,
          7
        ],
        [
          2,
          7
        ]
      ],
      "C": [
        [
          2,
          0
        ],
        [
          2,
          1
        ],
        [
          3,
          0
        ],
        [
          4,
          0
        ]
      ],
      "D": [
        [
          2,
          3
        ],
        [
          2,
          4
        ],
        [
          2,
          5
        ],
        [
          3,
          5
        ],
        [
          4,
          5
        ]
      ],
      "E": [
        [
          3,
          2
        ],
        [
          4,
          2
        ],
        [
          5,
          2
        ],
        [
          5,
          3
        ],
        [
          5,
          4
        ]
      ],
      "F": [
        [
          4,
          7
        ],
        [
          5,
          7
        ],
        [
          5,
          6
        ]
      ],
      "G": [
        [
          6,
          0
        ],
        [
          7,
          0
        ],
        [
          7,
          1
        ],
        [
          7,
          2
        ]
      ],
      "H": [
        [
          6,
          5
        ],
        [
          7,
          5
        ],
        [
          7,
          4
        ]
      ],
      "intersection": [
        [
          2,
          2
        ],
        [
          5,
          5
        ]
      ],
      "default": [
        [
          0,
          5
        ],
        [
          5,
          0
        ],
        [
          2,
          2
        ],
        [
          3,
          7
        ],
        [
          7,
          3
        ]
      ]
    },
    "mapImageDetails": {
      "[0, 2]": {
        "image": "corner1.jpg",
        "layout": "C",
        "orientation": "n"
      },
      "[0, 3]": {
        "image": "horizontal.jpg",
        "layout": "E",
        "orientation": "e"
      },
      "[0, 4]": {
        "image": "horizontal.jpg",
        "layout": "E",
        "orientation": "e"
      },
      "[0, 5]": {
        "image": "horizontal.jpg",
        "layout": "E",
        "orientation": "e"
      },
      "[0, 6]": {
        "image": "horizontal.jpg",
        "layout": "E",
        "orientation": "e"
      },
      "[0, 7]": {
        "image": "corner2.jpg",
        "layout": "C",
        "orientation": "e"
      },
      "[1, 2]": {
        "image": "vertical.jpg",
        "layout": "E",
        "orientation": "n"
      },
      "[1, 7]": {
        "image": "vertical.jpg",
        "layout": "E",
        "orientation": "n"
      },
      "[2, 0]": {
        "image": "corner1.jpg",
        "layout": "C",
        "orientation": "n"
      },
      "[2, 1]": {
        "image": "horizontal.jpg",
        "layout": "E",
        "orientation": "e"
      },
      "[2, 2]": {
        "image": "cross.jpg",
        "layout": "O",
        "orientation": "e"
      },
      "[2, 3]": {
        "image": "horizontal.jpg",
        "layout": "E",
        "orientation": "e"
      },
      "[2, 4]": {
        "image": "horizontal.jpg",
        "layout": "E",
        "orientation": "e"
      },
      "[2, 5]": {
        "image": "corner2.jpg",
        "layout": "C",
        "orientation": "e"
      },
      "[2, 7]": {
        "image": "vertical.jpg",
        "layout": "E",
        "orientation": "n"
      },
      "[3, 0]": {
        "image": "vertical.jpg",
        "layout": "E",
        "orientation": "n"
      },
      "[3, 2]": {
        "image": "vertical.jpg",
        "layout": "E",
        "orientation": "n"
      },
      "[3, 5]": {
        "image": "vertical.jpg",
        "layout": "E",
        "orientation": "n"
      },
      "[3, 7]": {
        "image": "vertical.jpg",
        "layout": "E",
        "orientation": "n"
      },
      "[4, 0]": {
        "image": "vertical.jpg",
        "layout": "E",
        "orientation": "n"
      },
      "[4, 2]": {
        "image": "vertical.jpg",
        "layout": "E",
        "orientation": "n"
      },
      "[4, 5]": {
        "image": "vertical.jpg",
        "layout": "E",
        "orientation": "n"
      },
      "[4, 7]": {
        "image": "vertical.jpg",
        "layout": "E",
        "orientation": "n"
      },
      "[5, 0]": {
        "image": "vertical.jpg",
        "layout": "E",
        "orientation": "n"
      },
      "[5, 2]": {
        "image": "corner4.jpg",
        "layout": "C",
        "orientation": "w"
      },
      "[5, 3]": {
        "image": "horizontal.jpg",
        "layout": "E",
        "orientation": "e"
      },
      "[5, 4]": {
        "image": "horizontal.jpg",
        "layout": "E",
        "orientation": "e"
      },
      "[5, 5]": {
        "image": "cross.jpg",
        "layout": "O",
        "orientation": "e"
      },
      "[5, 6]": {
        "image": "horizontal.jpg",
        "layout": "E",
        "orientation": "e"
      },
      "[5, 7]": {
        "image": "corner3.jpg",
        "layout": "C",
        "orientation": "s"
      },
      "[6, 0]": {
        "image": "vertical.jpg",
        "layout": "E",
        "orientation": "n"
      },
      "[6, 5]": {
        "image": "vertical.jpg",
        "layout": "E",
        "orientation": "n"
      },
      "[7, 0]": {
        "image": "corner4.jpg",
        "layout": "C",
        "orientation": "w"
      },
      "[7, 1]": {
        "image": "horizontal.jpg",
        "layout": "E",
        "orientation": "e"
      },
      "[7, 2]": {
        "image": "horizontal.jpg",
        "layout": "E",
        "orientation": "e"
      },
      "[7, 3]": {
        "image": "horizontal.jpg",
        "layout": "E",
        "orientation": "e"
      },
      "[7, 4]": {
        "image": "horizontal.jpg",
        "layout": "E",
        "orientation": "e"
      },
      "[7, 5]": {
        "image": "corner3.jpg",
        "layout": "C",
        "orientation": "s"
      }
    }
  }

}
