{"level_info": "Parallel Data Visualization V2", "num_patterns": 1, "num_users": 7, "nodes": [{"id": 0, "parent_sequence": [], "type": "start", "details": {"event_type": "Start"}, "stat": {}, "user_ids": ["102", "8", "2", "9", "4", "101", "6"]}, {"id": 1, "parent_sequence": [], "type": "end", "details": {"event_type": "End"}, "stat": {}, "user_ids": ["102", "8", "2", "9", "4", "101", "6"]}, {"id": 2, "parent_sequence": [], "type": "mid", "details": {"event_type": "{'nextAction': 'Place semaphore on F:[6,3]'}", "abstraction": {"states": {"A": [], "B": [], "C": [], "D": [], "E": [], "F": [], "G": [], "H": [], "I": [], "J": [], "K": [], "intersection": []}, "elements": {}, "links": []}, "nextAction": "Place semaphore on F:[6,3]"}, "stat": {}, "user_ids": ["102", "8", "2", "9", "4", "101", "6"]}, {"id": 3, "parent_sequence": [], "type": "mid", "details": {"event_type": "{'F': ['sem1'], 'nextAction': 'Place semaphore on G:[8,2]'}", "abstraction": {"states": {"A": [], "B": [], "C": [], "D": [], "E": [], "F": ["sem1"], "G": [], "H": [], "I": [], "J": [], "K": [], "intersection": []}, "elements": {"sem1": {"area": "F", "order": 1, "status": "inactive"}}, "links": []}, "nextAction": "Place semaphore on G:[8,2]"}, "stat": {}, "user_ids": ["102"]}, {"id": 4, "parent_sequence": [], "type": "mid", "details": {"event_type": "{'F': ['sem1'], 'G': ['sem2'], 'nextAction': 'Place signal on I:[11,4]'}", "abstraction": {"states": {"A": [], "B": [], "C": [], "D": [], "E": [], "F": ["sem1"], "G": ["sem2"], "H": [], "I": [], "J": [], "K": [], "intersection": []}, "elements": {"sem1": {"area": "F", "order": 1, "status": "inactive"}, "sem2": {"area": "G", "order": 1, "status": "inactive"}}, "links": []}, "nextAction": "Place signal on I:[11,4]"}, "stat": {}, "user_ids": ["102", "2", "9", "4", "6"]}, {"id": 5, "parent_sequence": [], "type": "mid", "details": {"event_type": "{'F': ['sem1'], 'G': ['sem2'], 'I': ['sig1'], 'nextAction': 'Link I:[11,4] and G:[8,2]'}", "abstraction": {"states": {"A": [], "B": [], "C": [], "D": [], "E": [], "F": ["sem1"], "G": ["sem2"], "H": [], "I": ["sig1"], "J": [], "K": [], "intersection": []}, "elements": {"sem1": {"area": "F", "order": 1, "status": "inactive"}, "sem2": {"area": "G", "order": 1, "status": "inactive"}, "sig1": {"area": "I", "order": 1, "status": "inactive"}}, "links": []}, "nextAction": "Link I:[11,4] and G:[8,2]"}, "stat": {}, "user_ids": ["102", "2", "6"]}, {"id": 6, "parent_sequence": [], "type": "mid", "details": {"event_type": "{'F': ['sem1'], 'G': ['sem2'], 'I': ['sig1'], 'nextAction': 'Place signal on H:[9,7]'}", "abstraction": {"states": {"A": [], "B": [], "C": [], "D": [], "E": [], "F": ["sem1"], "G": ["sem2"], "H": [], "I": ["sig1"], "J": [], "K": [], "intersection": []}, "elements": {"sem1": {"area": "F", "order": 1, "status": "inactive"}, "sem2": {"area": "G", "order": 1, "status": "inactive"}, "sig1": {"area": "I", "order": 1, "status": "inactive"}}, "links": [[["I", 1], ["G", 1]]]}, "nextAction": "Place signal on H:[9,7]"}, "stat": {}, "user_ids": ["102"]}, {"id": 7, "parent_sequence": [], "type": "mid", "details": {"event_type": "{'F': ['sem1'], 'G': ['sem2'], 'H': ['sig2'], 'I': ['sig1'], 'nextAction': 'Link H:[9,7] and F:[6,3]'}", "abstraction": {"states": {"A": [], "B": [], "C": [], "D": [], "E": [], "F": ["sem1"], "G": ["sem2"], "H": ["sig2"], "I": ["sig1"], "J": [], "K": [], "intersection": []}, "elements": {"sem1": {"area": "F", "order": 1, "status": "inactive"}, "sem2": {"area": "G", "order": 1, "status": "inactive"}, "sig2": {"area": "H", "order": 1, "status": "inactive"}, "sig1": {"area": "I", "order": 1, "status": "inactive"}}, "links": [[["I", 1], ["G", 1]]]}, "nextAction": "Link H:[9,7] and F:[6,3]"}, "stat": {}, "user_ids": ["102", "6"]}, {"id": 8, "parent_sequence": [], "type": "mid", "details": {"event_type": "{'F': ['sem1'], 'G': ['sem2'], 'H': ['sig2'], 'I': ['sig1'], 'nextAction': 'Test Failed'}", "abstraction": {"states": {"A": [], "B": [], "C": [], "D": [], "E": [], "F": ["sem1"], "G": ["sem2"], "H": ["sig2"], "I": ["sig1"], "J": [], "K": [], "intersection": []}, "elements": {"sem1": {"area": "F", "order": 1, "status": "inactive"}, "sem2": {"area": "G", "order": 1, "status": "inactive"}, "sig2": {"area": "H", "order": 1, "status": "inactive"}, "sig1": {"area": "I", "order": 1, "status": "inactive"}}, "links": [[["I", 1], ["G", 1]], [["H", 1], ["F", 1]]]}, "nextAction": "Test Failed"}, "stat": {}, "user_ids": ["102", "2", "6"]}, {"id": 9, "parent_sequence": [], "type": "mid", "details": {"event_type": "{'F': ['sem1'], 'G': ['sem2'], 'H': ['sig2'], 'I': ['sig1'], 'nextAction': 'Move semaphore from F:[6,3] to F:[6,3]'}", "abstraction": {"states": {"A": [], "B": [], "C": [], "D": [], "E": [], "F": ["sem1"], "G": ["sem2"], "H": ["sig2"], "I": ["sig1"], "J": [], "K": [], "intersection": []}, "elements": {"sem1": {"area": "F", "order": 1, "status": "active"}, "sem2": {"area": "G", "order": 1, "status": "inactive"}, "sig2": {"area": "H", "order": 1, "status": "inactive"}, "sig1": {"area": "I", "order": 1, "status": "inactive"}}, "links": [[["I", 1], ["G", 1]], [["H", 1], ["F", 1]]]}, "nextAction": "Move semaphore from F:[6,3] to F:[6,3]"}, "stat": {}, "user_ids": ["102", "4", "101"]}, {"id": 10, "parent_sequence": [], "type": "mid", "details": {"event_type": "{'B': ['sem1'], 'nextAction': 'Place semaphore on J:[12,2]'}", "abstraction": {"states": {"A": [], "B": ["sem1"], "C": [], "D": [], "E": [], "F": [], "G": [], "H": [], "I": [], "J": [], "K": [], "intersection": []}, "elements": {"sem1": {"area": "B", "order": 1, "status": "inactive"}}, "links": []}, "nextAction": "Place semaphore on J:[12,2]"}, "stat": {}, "user_ids": ["8"]}, {"id": 11, "parent_sequence": [], "type": "mid", "details": {"event_type": "{'B': ['sem1'], 'J': ['sem2'], 'nextAction': 'Stop Failed Test'}", "abstraction": {"states": {"A": [], "B": ["sem1"], "C": [], "D": [], "E": [], "F": [], "G": [], "H": [], "I": [], "J": ["sem2"], "K": [], "intersection": []}, "elements": {"sem1": {"area": "B", "order": 1, "status": "inactive"}, "sem2": {"area": "J", "order": 1, "status": "inactive"}}, "links": []}, "nextAction": "Stop Failed Test"}, "stat": {}, "user_ids": ["8"]}, {"id": 12, "parent_sequence": [], "type": "mid", "details": {"event_type": "{'B': ['sem1'], 'I': ['sem3'], 'J': ['sem2'], 'nextAction': 'Place semaphore on H:[9,7]'}", "abstraction": {"states": {"A": [], "B": ["sem1"], "C": [], "D": [], "E": [], "F": [], "G": [], "H": [], "I": ["sem3"], "J": ["sem2"], "K": [], "intersection": []}, "elements": {"sem1": {"area": "B", "order": 1, "status": "inactive"}, "sem3": {"area": "I", "order": 1, "status": "inactive"}, "sem2": {"area": "J", "order": 1, "status": "inactive"}}, "links": []}, "nextAction": "Place semaphore on H:[9,7]"}, "stat": {}, "user_ids": ["8"]}, {"id": 13, "parent_sequence": [], "type": "mid", "details": {"event_type": "{'B': ['sem1'], 'H': ['sem4'], 'I': ['sem3'], 'J': ['sem2'], 'nextAction': 'Place signal on C:[4,2]'}", "abstraction": {"states": {"A": [], "B": ["sem1"], "C": [], "D": [], "E": [], "F": [], "G": [], "H": ["sem4"], "I": ["sem3"], "J": ["sem2"], "K": [], "intersection": []}, "elements": {"sem1": {"area": "B", "order": 1, "status": "inactive"}, "sem4": {"area": "H", "order": 1, "status": "inactive"}, "sem3": {"area": "I", "order": 1, "status": "inactive"}, "sem2": {"area": "J", "order": 1, "status": "inactive"}}, "links": []}, "nextAction": "Place signal on C:[4,2]"}, "stat": {}, "user_ids": ["8"]}, {"id": 14, "parent_sequence": [], "type": "mid", "details": {"event_type": "{'B': ['sem1'], 'C': ['sig1'], 'H': ['sem4'], 'I': ['sem3'], 'J': ['sem2'], 'nextAction': 'Move semaphore from I:[11,4] to I:[11,4]'}", "abstraction": {"states": {"A": [], "B": ["sem1"], "C": ["sig1"], "D": [], "E": [], "F": [], "G": [], "H": ["sem4"], "I": ["sem3"], "J": ["sem2"], "K": [], "intersection": []}, "elements": {"sem1": {"area": "B", "order": 1, "status": "inactive"}, "sig1": {"area": "C", "order": 1, "status": "inactive"}, "sem4": {"area": "H", "order": 1, "status": "inactive"}, "sem3": {"area": "I", "order": 1, "status": "inactive"}, "sem2": {"area": "J", "order": 1, "status": "inactive"}}, "links": []}, "nextAction": "Move semaphore from I:[11,4] to I:[11,4]"}, "stat": {}, "user_ids": ["8"]}, {"id": 15, "parent_sequence": [], "type": "mid", "details": {"event_type": "{'B': ['sem1'], 'C': ['sig1'], 'H': ['sem4'], 'I': ['sem3'], 'J': ['sem2'], 'nextAction': 'Move semaphore from H:[9,7] to H:[9,7]'}", "abstraction": {"states": {"A": [], "B": ["sem1"], "C": ["sig1"], "D": [], "E": [], "F": [], "G": [], "H": ["sem4"], "I": ["sem3"], "J": ["sem2"], "K": [], "intersection": []}, "elements": {"sem1": {"area": "B", "order": 1, "status": "inactive"}, "sig1": {"area": "C", "order": 1, "status": "inactive"}, "sem4": {"area": "H", "order": 1, "status": "inactive"}, "sem3": {"area": "I", "order": 1, "status": "active"}, "sem2": {"area": "J", "order": 1, "status": "inactive"}}, "links": []}, "nextAction": "Move semaphore from H:[9,7] to H:[9,7]"}, "stat": {}, "user_ids": ["8"]}, {"id": 16, "parent_sequence": [], "type": "mid", "details": {"event_type": "{'B': ['sem1'], 'C': ['sig1'], 'H': ['sem4'], 'I': ['sem3'], 'J': ['sem2'], 'nextAction': 'Place signal on E:[6,1]'}", "abstraction": {"states": {"A": [], "B": ["sem1"], "C": ["sig1"], "D": [], "E": [], "F": [], "G": [], "H": ["sem4"], "I": ["sem3"], "J": ["sem2"], "K": [], "intersection": []}, "elements": {"sem1": {"area": "B", "order": 1, "status": "inactive"}, "sig1": {"area": "C", "order": 1, "status": "inactive"}, "sem4": {"area": "H", "order": 1, "status": "active"}, "sem3": {"area": "I", "order": 1, "status": "active"}, "sem2": {"area": "J", "order": 1, "status": "inactive"}}, "links": []}, "nextAction": "Place signal on E:[6,1]"}, "stat": {}, "user_ids": ["8"]}, {"id": 17, "parent_sequence": [], "type": "mid", "details": {"event_type": "{'B': ['sem1'], 'C': ['sig1'], 'E': ['sig2'], 'H': ['sem4'], 'I': ['sem3'], 'J': ['sem2'], 'nextAction': 'Link E:[6,1] and H:[9,7]'}", "abstraction": {"states": {"A": [], "B": ["sem1"], "C": ["sig1"], "D": [], "E": ["sig2"], "F": [], "G": [], "H": ["sem4"], "I": ["sem3"], "J": ["sem2"], "K": [], "intersection": []}, "elements": {"sem1": {"area": "B", "order": 1, "status": "inactive"}, "sig1": {"area": "C", "order": 1, "status": "inactive"}, "sig2": {"area": "E", "order": 1, "status": "inactive"}, "sem4": {"area": "H", "order": 1, "status": "active"}, "sem3": {"area": "I", "order": 1, "status": "active"}, "sem2": {"area": "J", "order": 1, "status": "inactive"}}, "links": []}, "nextAction": "Link E:[6,1] and H:[9,7]"}, "stat": {}, "user_ids": ["8"]}, {"id": 18, "parent_sequence": [], "type": "mid", "details": {"event_type": "{'B': ['sem1'], 'C': ['sig1'], 'E': ['sig2'], 'H': ['sem4'], 'I': ['sem3'], 'J': ['sem2'], 'nextAction': 'Link C:[4,2] and I:[11,4]'}", "abstraction": {"states": {"A": [], "B": ["sem1"], "C": ["sig1"], "D": [], "E": ["sig2"], "F": [], "G": [], "H": ["sem4"], "I": ["sem3"], "J": ["sem2"], "K": [], "intersection": []}, "elements": {"sem1": {"area": "B", "order": 1, "status": "inactive"}, "sig1": {"area": "C", "order": 1, "status": "inactive"}, "sig2": {"area": "E", "order": 1, "status": "inactive"}, "sem4": {"area": "H", "order": 1, "status": "active"}, "sem3": {"area": "I", "order": 1, "status": "active"}, "sem2": {"area": "J", "order": 1, "status": "inactive"}}, "links": [[["E", 1], ["H", 1]]]}, "nextAction": "Link C:[4,2] and I:[11,4]"}, "stat": {}, "user_ids": ["8"]}, {"id": 19, "parent_sequence": [], "type": "mid", "details": {"event_type": "{'B': ['sem1'], 'C': ['sig1'], 'E': ['sig2'], 'H': ['sem4'], 'I': ['sem3'], 'J': ['sem2'], 'nextAction': 'Stop Failed Test'}", "abstraction": {"states": {"A": [], "B": ["sem1"], "C": ["sig1"], "D": [], "E": ["sig2"], "F": [], "G": [], "H": ["sem4"], "I": ["sem3"], "J": ["sem2"], "K": [], "intersection": []}, "elements": {"sem1": {"area": "B", "order": 1, "status": "inactive"}, "sig1": {"area": "C", "order": 1, "status": "inactive"}, "sig2": {"area": "E", "order": 1, "status": "inactive"}, "sem4": {"area": "H", "order": 1, "status": "active"}, "sem3": {"area": "I", "order": 1, "status": "active"}, "sem2": {"area": "J", "order": 1, "status": "inactive"}}, "links": [[["E", 1], ["H", 1]], [["C", 1], ["I", 1]]]}, "nextAction": "Stop Failed Test"}, "stat": {}, "user_ids": ["8"]}, {"id": 20, "parent_sequence": [], "type": "mid", "details": {"event_type": "{'B': ['sem1'], 'C': ['sig1'], 'E': ['sig2'], 'F': ['sem5'], 'H': ['sem4'], 'I': ['sem3'], 'J': ['sem2'], 'nextAction': 'Move semaphore from H:[9,7] to H:[9,6]'}", "abstraction": {"states": {"A": [], "B": ["sem1"], "C": ["sig1"], "D": [], "E": ["sig2"], "F": ["sem5"], "G": [], "H": ["sem4"], "I": ["sem3"], "J": ["sem2"], "K": [], "intersection": []}, "elements": {"sem1": {"area": "B", "order": 1, "status": "inactive"}, "sig1": {"area": "C", "order": 1, "status": "inactive"}, "sig2": {"area": "E", "order": 1, "status": "inactive"}, "sem5": {"area": "F", "order": 1, "status": "inactive"}, "sem4": {"area": "H", "order": 1, "status": "active"}, "sem3": {"area": "I", "order": 1, "status": "active"}, "sem2": {"area": "J", "order": 1, "status": "inactive"}}, "links": [[["E", 1], ["H", 1]], [["C", 1], ["I", 1]]]}, "nextAction": "Move semaphore from H:[9,7] to H:[9,6]"}, "stat": {}, "user_ids": ["8"]}, {"id": 21, "parent_sequence": [], "type": "mid", "details": {"event_type": "{'B': ['sem1'], 'C': ['sig1'], 'E': ['sig2'], 'F': ['sem5'], 'H': ['sem4', 'sig3'], 'I': ['sem3'], 'J': ['sem2'], 'nextAction': 'Link H:[9,7] and F:[7,5]'}", "abstraction": {"states": {"A": [], "B": ["sem1"], "C": ["sig1"], "D": [], "E": ["sig2"], "F": ["sem5"], "G": [], "H": ["sem4", "sig3"], "I": ["sem3"], "J": ["sem2"], "K": [], "intersection": []}, "elements": {"sem1": {"area": "B", "order": 1, "status": "inactive"}, "sig1": {"area": "C", "order": 1, "status": "inactive"}, "sig2": {"area": "E", "order": 1, "status": "inactive"}, "sem5": {"area": "F", "order": 1, "status": "inactive"}, "sem4": {"area": "H", "order": 1, "status": "inactive"}, "sig3": {"area": "H", "order": 1, "status": "inactive"}, "sem3": {"area": "I", "order": 1, "status": "active"}, "sem2": {"area": "J", "order": 1, "status": "inactive"}}, "links": [[["E", 1], ["H", 1]], [["C", 1], ["I", 1]]]}, "nextAction": "Link H:[9,7] and F:[7,5]"}, "stat": {}, "user_ids": ["8"]}, {"id": 22, "parent_sequence": [], "type": "mid", "details": {"event_type": "{'B': ['sem1'], 'C': ['sig1'], 'E': ['sig2'], 'F': ['sem5'], 'H': ['sem4', 'sig3'], 'I': ['sem3'], 'J': ['sem2'], 'nextAction': 'Test Failed'}", "abstraction": {"states": {"A": [], "B": ["sem1"], "C": ["sig1"], "D": [], "E": ["sig2"], "F": ["sem5"], "G": [], "H": ["sem4", "sig3"], "I": ["sem3"], "J": ["sem2"], "K": [], "intersection": []}, "elements": {"sem1": {"area": "B", "order": 1, "status": "inactive"}, "sig1": {"area": "C", "order": 1, "status": "inactive"}, "sig2": {"area": "E", "order": 1, "status": "inactive"}, "sem5": {"area": "F", "order": 1, "status": "inactive"}, "sem4": {"area": "H", "order": 1, "status": "inactive"}, "sig3": {"area": "H", "order": 1, "status": "inactive"}, "sem3": {"area": "I", "order": 1, "status": "active"}, "sem2": {"area": "J", "order": 1, "status": "inactive"}}, "links": [[["E", 1], ["H", 1]], [["C", 1], ["I", 1]], [["H", 1], ["F", 1]]]}, "nextAction": "Test Failed"}, "stat": {}, "user_ids": ["8"]}, {"id": 23, "parent_sequence": [], "type": "mid", "details": {"event_type": "{'G': ['sem1'], 'nextAction': 'Place semaphore on F:[6,3]'}", "abstraction": {"states": {"A": [], "B": [], "C": [], "D": [], "E": [], "F": [], "G": ["sem1"], "H": [], "I": [], "J": [], "K": [], "intersection": []}, "elements": {"sem1": {"area": "G", "order": 1, "status": "inactive"}}, "links": []}, "nextAction": "Place semaphore on F:[6,3]"}, "stat": {}, "user_ids": ["2", "9", "6"]}, {"id": 24, "parent_sequence": [], "type": "mid", "details": {"event_type": "{'F': ['sem2'], 'G': ['sem1'], 'H': ['sig2'], 'I': ['sig1'], 'nextAction': 'Link H:[9,7] and F:[6,3]'}", "abstraction": {"states": {"A": [], "B": [], "C": [], "D": [], "E": [], "F": ["sem2"], "G": ["sem1"], "H": ["sig2"], "I": ["sig1"], "J": [], "K": [], "intersection": []}, "elements": {"sem2": {"area": "F", "order": 1, "status": "inactive"}, "sem1": {"area": "G", "order": 1, "status": "inactive"}, "sig2": {"area": "H", "order": 1, "status": "inactive"}, "sig1": {"area": "I", "order": 1, "status": "inactive"}}, "links": []}, "nextAction": "Link H:[9,7] and F:[6,3]"}, "stat": {}, "user_ids": ["2", "101", "6"]}, {"id": 25, "parent_sequence": [], "type": "mid", "details": {"event_type": "{'F': ['sem2'], 'G': ['sem1'], 'H': ['sig2'], 'I': ['sig1'], 'nextAction': 'Link I:[11,4] and G:[8,2]'}", "abstraction": {"states": {"A": [], "B": [], "C": [], "D": [], "E": [], "F": ["sem2"], "G": ["sem1"], "H": ["sig2"], "I": ["sig1"], "J": [], "K": [], "intersection": []}, "elements": {"sem2": {"area": "F", "order": 1, "status": "inactive"}, "sem1": {"area": "G", "order": 1, "status": "inactive"}, "sig2": {"area": "H", "order": 1, "status": "inactive"}, "sig1": {"area": "I", "order": 1, "status": "inactive"}}, "links": [[["H", 1], ["F", 1]]]}, "nextAction": "Link I:[11,4] and G:[8,2]"}, "stat": {}, "user_ids": ["2", "101"]}, {"id": 26, "parent_sequence": [], "type": "mid", "details": {"event_type": "{'F': ['sem2'], 'G': ['sem1'], 'H': ['sig2'], 'I': ['sig1'], 'nextAction': 'Test Passed'}", "abstraction": {"states": {"A": [], "B": [], "C": [], "D": [], "E": [], "F": ["sem2"], "G": ["sem1"], "H": ["sig2"], "I": ["sig1"], "J": [], "K": [], "intersection": []}, "elements": {"sem2": {"area": "F", "order": 1, "status": "inactive"}, "sem1": {"area": "G", "order": 1, "status": "active"}, "sig2": {"area": "H", "order": 1, "status": "inactive"}, "sig1": {"area": "I", "order": 1, "status": "inactive"}}, "links": [[["H", 1], ["F", 1]], [["I", 1], ["G", 1]]]}, "nextAction": "Test Passed"}, "stat": {}, "user_ids": ["2", "101", "6"]}, {"id": 27, "parent_sequence": [], "type": "mid", "details": {"event_type": "{'C': ['sig1'], 'F': ['sem2'], 'G': ['sem1'], 'nextAction': 'Place signal on E:[6,0]'}", "abstraction": {"states": {"A": [], "B": [], "C": ["sig1"], "D": [], "E": [], "F": ["sem2"], "G": ["sem1"], "H": [], "I": [], "J": [], "K": [], "intersection": []}, "elements": {"sig1": {"area": "C", "order": 1, "status": "inactive"}, "sem2": {"area": "F", "order": 1, "status": "inactive"}, "sem1": {"area": "G", "order": 1, "status": "inactive"}}, "links": []}, "nextAction": "Place signal on E:[6,0]"}, "stat": {}, "user_ids": ["9", "4"]}, {"id": 28, "parent_sequence": [], "type": "mid", "details": {"event_type": "{'C': ['sig1'], 'E': ['sig2'], 'F': ['sem2'], 'G': ['sem1'], 'nextAction': 'Link E:[6,0] and G:[9,2]'}", "abstraction": {"states": {"A": [], "B": [], "C": ["sig1"], "D": [], "E": ["sig2"], "F": ["sem2"], "G": ["sem1"], "H": [], "I": [], "J": [], "K": [], "intersection": []}, "elements": {"sig1": {"area": "C", "order": 1, "status": "inactive"}, "sig2": {"area": "E", "order": 1, "status": "inactive"}, "sem2": {"area": "F", "order": 1, "status": "inactive"}, "sem1": {"area": "G", "order": 1, "status": "inactive"}}, "links": []}, "nextAction": "Link E:[6,0] and G:[9,2]"}, "stat": {}, "user_ids": ["9"]}, {"id": 29, "parent_sequence": [], "type": "mid", "details": {"event_type": "{'C': ['sig1'], 'E': ['sig2'], 'F': ['sem2'], 'G': ['sem1'], 'nextAction': 'Link C:[4,2] and F:[6,3]'}", "abstraction": {"states": {"A": [], "B": [], "C": ["sig1"], "D": [], "E": ["sig2"], "F": ["sem2"], "G": ["sem1"], "H": [], "I": [], "J": [], "K": [], "intersection": []}, "elements": {"sig1": {"area": "C", "order": 1, "status": "inactive"}, "sig2": {"area": "E", "order": 1, "status": "inactive"}, "sem2": {"area": "F", "order": 1, "status": "inactive"}, "sem1": {"area": "G", "order": 1, "status": "inactive"}}, "links": [[["E", 1], ["G", 1]]]}, "nextAction": "Link C:[4,2] and F:[6,3]"}, "stat": {}, "user_ids": ["9"]}, {"id": 30, "parent_sequence": [], "type": "mid", "details": {"event_type": "{'C': ['sig1'], 'E': ['sig2'], 'F': ['sem2'], 'G': ['sem1'], 'nextAction': 'Test Failed'}", "abstraction": {"states": {"A": [], "B": [], "C": ["sig1"], "D": [], "E": ["sig2"], "F": ["sem2"], "G": ["sem1"], "H": [], "I": [], "J": [], "K": [], "intersection": []}, "elements": {"sig1": {"area": "C", "order": 1, "status": "inactive"}, "sig2": {"area": "E", "order": 1, "status": "inactive"}, "sem2": {"area": "F", "order": 1, "status": "inactive"}, "sem1": {"area": "G", "order": 1, "status": "inactive"}}, "links": [[["E", 1], ["G", 1]], [["C", 1], ["F", 1]]]}, "nextAction": "Test Failed"}, "stat": {}, "user_ids": ["9", "4"]}, {"id": 31, "parent_sequence": [], "type": "mid", "details": {"event_type": "{'C': ['sig1'], 'E': ['sig2'], 'F': ['sem2'], 'G': ['sem1'], 'nextAction': 'Move semaphore from F:[6,3] to F:[6,3]'}", "abstraction": {"states": {"A": [], "B": [], "C": ["sig1"], "D": [], "E": ["sig2"], "F": ["sem2"], "G": ["sem1"], "H": [], "I": [], "J": [], "K": [], "intersection": []}, "elements": {"sig1": {"area": "C", "order": 1, "status": "inactive"}, "sig2": {"area": "E", "order": 1, "status": "inactive"}, "sem2": {"area": "F", "order": 1, "status": "inactive"}, "sem1": {"area": "G", "order": 1, "status": "active"}}, "links": [[["E", 1], ["G", 1]], [["C", 1], ["F", 1]]]}, "nextAction": "Move semaphore from F:[6,3] to F:[6,3]"}, "stat": {}, "user_ids": ["9"]}, {"id": 32, "parent_sequence": [], "type": "mid", "details": {"event_type": "{'C': ['sig1'], 'E': ['sig2'], 'F': ['sem2'], 'G': ['sem1'], 'nextAction': 'Move semaphore from G:[9,2] to G:[9,2]'}", "abstraction": {"states": {"A": [], "B": [], "C": ["sig1"], "D": [], "E": ["sig2"], "F": ["sem2"], "G": ["sem1"], "H": [], "I": [], "J": [], "K": [], "intersection": []}, "elements": {"sig1": {"area": "C", "order": 1, "status": "inactive"}, "sig2": {"area": "E", "order": 1, "status": "inactive"}, "sem2": {"area": "F", "order": 1, "status": "active"}, "sem1": {"area": "G", "order": 1, "status": "active"}}, "links": [[["E", 1], ["G", 1]], [["C", 1], ["F", 1]]]}, "nextAction": "Move semaphore from G:[9,2] to G:[9,2]"}, "stat": {}, "user_ids": ["9"]}, {"id": 33, "parent_sequence": [], "type": "mid", "details": {"event_type": "{'C': ['sig1'], 'E': ['sig2'], 'F': ['sem2'], 'G': ['sem1'], 'nextAction': 'Stop Failed Test'}", "abstraction": {"states": {"A": [], "B": [], "C": ["sig1"], "D": [], "E": ["sig2"], "F": ["sem2"], "G": ["sem1"], "H": [], "I": [], "J": [], "K": [], "intersection": []}, "elements": {"sig1": {"area": "C", "order": 1, "status": "inactive"}, "sig2": {"area": "E", "order": 1, "status": "inactive"}, "sem2": {"area": "F", "order": 1, "status": "active"}, "sem1": {"area": "G", "order": 1, "status": "inactive"}}, "links": [[["E", 1], ["G", 1]], [["C", 1], ["F", 1]]]}, "nextAction": "Stop Failed Test"}, "stat": {}, "user_ids": ["9", "4"]}, {"id": 34, "parent_sequence": [], "type": "mid", "details": {"event_type": "{'I': ['sem1'], 'nextAction': 'Place semaphore on E:[6,0]'}", "abstraction": {"states": {"A": [], "B": [], "C": [], "D": [], "E": [], "F": [], "G": [], "H": [], "I": ["sem1"], "J": [], "K": [], "intersection": []}, "elements": {"sem1": {"area": "I", "order": 1, "status": "inactive"}}, "links": []}, "nextAction": "Place semaphore on E:[6,0]"}, "stat": {}, "user_ids": ["4", "101"]}, {"id": 35, "parent_sequence": [], "type": "mid", "details": {"event_type": "{'E': ['sem2'], 'I': ['sem1'], 'nextAction': 'Move semaphore from E:[6,0] to F:[6,3]'}", "abstraction": {"states": {"A": [], "B": [], "C": [], "D": [], "E": ["sem2"], "F": [], "G": [], "H": [], "I": ["sem1"], "J": [], "K": [], "intersection": []}, "elements": {"sem2": {"area": "E", "order": 1, "status": "inactive"}, "sem1": {"area": "I", "order": 1, "status": "inactive"}}, "links": []}, "nextAction": "Move semaphore from E:[6,0] to F:[6,3]"}, "stat": {}, "user_ids": ["4"]}, {"id": 36, "parent_sequence": [], "type": "mid", "details": {"event_type": "{'F': ['sem2'], 'I': ['sem1'], 'nextAction': 'Move semaphore from I:[11,5] to G:[7,2]'}", "abstraction": {"states": {"A": [], "B": [], "C": [], "D": [], "E": [], "F": ["sem2"], "G": [], "H": [], "I": ["sem1"], "J": [], "K": [], "intersection": []}, "elements": {"sem2": {"area": "F", "order": 1, "status": "inactive"}, "sem1": {"area": "I", "order": 1, "status": "inactive"}}, "links": []}, "nextAction": "Move semaphore from I:[11,5] to G:[7,2]"}, "stat": {}, "user_ids": ["4", "101"]}, {"id": 37, "parent_sequence": [], "type": "mid", "details": {"event_type": "{'C': ['sig1'], 'F': ['sem2'], 'G': ['sem1'], 'nextAction': 'Place signal on E:[6,1]'}", "abstraction": {"states": {"A": [], "B": [], "C": ["sig1"], "D": [], "E": [], "F": ["sem2"], "G": ["sem1"], "H": [], "I": [], "J": [], "K": [], "intersection": []}, "elements": {"sig1": {"area": "C", "order": 1, "status": "inactive"}, "sem2": {"area": "F", "order": 1, "status": "inactive"}, "sem1": {"area": "G", "order": 1, "status": "inactive"}}, "links": [[["C", 1], ["F", 1]]]}, "nextAction": "Place signal on E:[6,1]"}, "stat": {}, "user_ids": ["4"]}, {"id": 38, "parent_sequence": [], "type": "mid", "details": {"event_type": "{'C': ['sig1'], 'E': ['sig2'], 'F': ['sem2'], 'G': ['sem1'], 'nextAction': 'Link E:[6,1] and G:[8,2]'}", "abstraction": {"states": {"A": [], "B": [], "C": ["sig1"], "D": [], "E": ["sig2"], "F": ["sem2"], "G": ["sem1"], "H": [], "I": [], "J": [], "K": [], "intersection": []}, "elements": {"sig1": {"area": "C", "order": 1, "status": "inactive"}, "sig2": {"area": "E", "order": 1, "status": "inactive"}, "sem2": {"area": "F", "order": 1, "status": "inactive"}, "sem1": {"area": "G", "order": 1, "status": "inactive"}}, "links": [[["C", 1], ["F", 1]]]}, "nextAction": "Link E:[6,1] and G:[8,2]"}, "stat": {}, "user_ids": ["4"]}, {"id": 39, "parent_sequence": [], "type": "mid", "details": {"event_type": "{'E': ['sig2'], 'F': ['sem2'], 'G': ['sem1'], 'H': ['sig1'], 'nextAction': 'Move signal from E:[6,1] to E:[6,1]'}", "abstraction": {"states": {"A": [], "B": [], "C": [], "D": [], "E": ["sig2"], "F": ["sem2"], "G": ["sem1"], "H": ["sig1"], "I": [], "J": [], "K": [], "intersection": []}, "elements": {"sig2": {"area": "E", "order": 1, "status": "inactive"}, "sem2": {"area": "F", "order": 1, "status": "active"}, "sem1": {"area": "G", "order": 1, "status": "inactive"}, "sig1": {"area": "H", "order": 1, "status": "inactive"}}, "links": [[["H", 1], ["F", 1]], [["E", 1], ["G", 1]]]}, "nextAction": "Move signal from E:[6,1] to E:[6,1]"}, "stat": {}, "user_ids": ["4"]}, {"id": 40, "parent_sequence": [], "type": "mid", "details": {"event_type": "{'F': ['sem2'], 'I': ['sem1', 'sig1'], 'nextAction': 'Move signal from I:[11,4] to H:[9,6]'}", "abstraction": {"states": {"A": [], "B": [], "C": [], "D": [], "E": [], "F": ["sem2"], "G": [], "H": [], "I": ["sig1", "sem1"], "J": [], "K": [], "intersection": []}, "elements": {"sem2": {"area": "F", "order": 1, "status": "inactive"}, "sig1": {"area": "I", "order": 1, "status": "inactive"}, "sem1": {"area": "I", "order": 1, "status": "inactive"}}, "links": []}, "nextAction": "Move signal from I:[11,4] to H:[9,6]"}, "stat": {}, "user_ids": ["101"]}, {"id": 41, "parent_sequence": [], "type": "mid", "details": {"event_type": "{'F': ['sem2'], 'H': ['sig1'], 'I': ['sem1'], 'nextAction': 'Move semaphore from I:[11,5] to I:[11,4]'}", "abstraction": {"states": {"A": [], "B": [], "C": [], "D": [], "E": [], "F": ["sem2"], "G": [], "H": ["sig1"], "I": ["sem1"], "J": [], "K": [], "intersection": []}, "elements": {"sem2": {"area": "F", "order": 1, "status": "inactive"}, "sig1": {"area": "H", "order": 1, "status": "inactive"}, "sem1": {"area": "I", "order": 1, "status": "inactive"}}, "links": []}, "nextAction": "Move semaphore from I:[11,5] to I:[11,4]"}, "stat": {}, "user_ids": ["101"]}, {"id": 42, "parent_sequence": [], "type": "mid", "details": {"event_type": "{'H': ['sig1', 'sem2'], 'I': ['sem1'], 'nextAction': 'Place signal on I:[11,4]'}", "abstraction": {"states": {"A": [], "B": [], "C": [], "D": [], "E": [], "F": [], "G": [], "H": ["sig1", "sem2"], "I": ["sem1"], "J": [], "K": [], "intersection": []}, "elements": {"sig1": {"area": "H", "order": 1, "status": "inactive"}, "sem2": {"area": "H", "order": 1, "status": "inactive"}, "sem1": {"area": "I", "order": 1, "status": "inactive"}}, "links": []}, "nextAction": "Place signal on I:[11,4]"}, "stat": {}, "user_ids": ["101"]}, {"id": 43, "parent_sequence": [], "type": "mid", "details": {"event_type": "{'H': ['sig1', 'sem2'], 'I': ['sem1', 'sig2'], 'nextAction': 'Move semaphore from I:[11,5] to F:[6,3]'}", "abstraction": {"states": {"A": [], "B": [], "C": [], "D": [], "E": [], "F": [], "G": [], "H": ["sig1", "sem2"], "I": ["sig2", "sem1"], "J": [], "K": [], "intersection": []}, "elements": {"sig1": {"area": "H", "order": 1, "status": "inactive"}, "sem2": {"area": "H", "order": 1, "status": "inactive"}, "sig2": {"area": "I", "order": 1, "status": "inactive"}, "sem1": {"area": "I", "order": 1, "status": "inactive"}}, "links": []}, "nextAction": "Move semaphore from I:[11,5] to F:[6,3]"}, "stat": {}, "user_ids": ["101"]}, {"id": 44, "parent_sequence": [], "type": "mid", "details": {"event_type": "{'F': ['sem1'], 'H': ['sig1', 'sem2'], 'I': ['sig2'], 'nextAction': 'Move semaphore from H:[9,7] to G:[8,2]'}", "abstraction": {"states": {"A": [], "B": [], "C": [], "D": [], "E": [], "F": ["sem1"], "G": [], "H": ["sig1", "sem2"], "I": ["sig2"], "J": [], "K": [], "intersection": []}, "elements": {"sem1": {"area": "F", "order": 1, "status": "inactive"}, "sig1": {"area": "H", "order": 1, "status": "inactive"}, "sem2": {"area": "H", "order": 1, "status": "inactive"}, "sig2": {"area": "I", "order": 1, "status": "inactive"}}, "links": []}, "nextAction": "Move semaphore from H:[9,7] to G:[8,2]"}, "stat": {}, "user_ids": ["101"]}, {"id": 45, "parent_sequence": [], "type": "mid", "details": {"event_type": "{'F': ['sem1'], 'G': ['sem2'], 'H': ['sig1'], 'I': ['sig2'], 'nextAction': 'Link I:[11,4] and G:[8,2]'}", "abstraction": {"states": {"A": [], "B": [], "C": [], "D": [], "E": [], "F": ["sem1"], "G": ["sem2"], "H": ["sig1"], "I": ["sig2"], "J": [], "K": [], "intersection": []}, "elements": {"sem1": {"area": "F", "order": 1, "status": "active"}, "sem2": {"area": "G", "order": 1, "status": "inactive"}, "sig1": {"area": "H", "order": 1, "status": "inactive"}, "sig2": {"area": "I", "order": 1, "status": "inactive"}}, "links": [[["H", 1], ["F", 1]]]}, "nextAction": "Link I:[11,4] and G:[8,2]"}, "stat": {}, "user_ids": ["101"]}, {"id": 46, "parent_sequence": [], "type": "mid", "details": {"event_type": "{'F': ['sem1'], 'G': ['sem2'], 'H': ['sig1'], 'I': ['sig2'], 'nextAction': 'Move semaphore from F:[6,3] to F:[6,3]'}", "abstraction": {"states": {"A": [], "B": [], "C": [], "D": [], "E": [], "F": ["sem1"], "G": ["sem2"], "H": ["sig1"], "I": ["sig2"], "J": [], "K": [], "intersection": []}, "elements": {"sem1": {"area": "F", "order": 1, "status": "active"}, "sem2": {"area": "G", "order": 1, "status": "active"}, "sig1": {"area": "H", "order": 1, "status": "inactive"}, "sig2": {"area": "I", "order": 1, "status": "inactive"}}, "links": [[["H", 1], ["F", 1]], [["I", 1], ["G", 1]]]}, "nextAction": "Move semaphore from F:[6,3] to F:[6,3]"}, "stat": {}, "user_ids": ["101"]}], "links": [{"id": "0_2", "source": 0, "target": 2, "user_ids": ["102"], "details": {"event_type": "0_2"}}, {"id": "2_3", "source": 2, "target": 3, "user_ids": ["102"], "details": {"event_type": "2_3"}}, {"id": "3_4", "source": 3, "target": 4, "user_ids": ["102"], "details": {"event_type": "3_4"}}, {"id": "4_5", "source": 4, "target": 5, "user_ids": ["102"], "details": {"event_type": "4_5"}}, {"id": "5_6", "source": 5, "target": 6, "user_ids": ["102"], "details": {"event_type": "5_6"}}, {"id": "6_7", "source": 6, "target": 7, "user_ids": ["102"], "details": {"event_type": "6_7"}}, {"id": "7_8", "source": 7, "target": 8, "user_ids": ["102"], "details": {"event_type": "7_8"}}, {"id": "8_8", "source": 8, "target": 8, "user_ids": ["102"], "details": {"event_type": "8_8"}}, {"id": "8_8", "source": 8, "target": 8, "user_ids": ["102"], "details": {"event_type": "8_8"}}, {"id": "8_8", "source": 8, "target": 8, "user_ids": ["102"], "details": {"event_type": "8_8"}}, {"id": "8_9", "source": 8, "target": 9, "user_ids": ["102"], "details": {"event_type": "8_9"}}, {"id": "9_9", "source": 9, "target": 9, "user_ids": ["102"], "details": {"event_type": "9_9"}}, {"id": "9_9", "source": 9, "target": 9, "user_ids": ["102"], "details": {"event_type": "9_9"}}, {"id": "9_9", "source": 9, "target": 9, "user_ids": ["102"], "details": {"event_type": "9_9"}}, {"id": "9_1", "source": 9, "target": 1, "user_ids": ["102"], "details": {"event_type": "9_1"}}, {"id": "0_2", "source": 0, "target": 2, "user_ids": ["8"], "details": {"event_type": "0_2"}}, {"id": "2_2", "source": 2, "target": 2, "user_ids": ["8"], "details": {"event_type": "2_2"}}, {"id": "2_10", "source": 2, "target": 10, "user_ids": ["8"], "details": {"event_type": "2_10"}}, {"id": "10_11", "source": 10, "target": 11, "user_ids": ["8"], "details": {"event_type": "10_11"}}, {"id": "11_11", "source": 11, "target": 11, "user_ids": ["8"], "details": {"event_type": "11_11"}}, {"id": "11_12", "source": 11, "target": 12, "user_ids": ["8"], "details": {"event_type": "11_12"}}, {"id": "12_13", "source": 12, "target": 13, "user_ids": ["8"], "details": {"event_type": "12_13"}}, {"id": "13_14", "source": 13, "target": 14, "user_ids": ["8"], "details": {"event_type": "13_14"}}, {"id": "14_14", "source": 14, "target": 14, "user_ids": ["8"], "details": {"event_type": "14_14"}}, {"id": "14_15", "source": 14, "target": 15, "user_ids": ["8"], "details": {"event_type": "14_15"}}, {"id": "15_15", "source": 15, "target": 15, "user_ids": ["8"], "details": {"event_type": "15_15"}}, {"id": "15_16", "source": 15, "target": 16, "user_ids": ["8"], "details": {"event_type": "15_16"}}, {"id": "16_17", "source": 16, "target": 17, "user_ids": ["8"], "details": {"event_type": "16_17"}}, {"id": "17_18", "source": 17, "target": 18, "user_ids": ["8"], "details": {"event_type": "17_18"}}, {"id": "18_19", "source": 18, "target": 19, "user_ids": ["8"], "details": {"event_type": "18_19"}}, {"id": "19_19", "source": 19, "target": 19, "user_ids": ["8"], "details": {"event_type": "19_19"}}, {"id": "19_20", "source": 19, "target": 20, "user_ids": ["8"], "details": {"event_type": "19_20"}}, {"id": "20_20", "source": 20, "target": 20, "user_ids": ["8"], "details": {"event_type": "20_20"}}, {"id": "20_21", "source": 20, "target": 21, "user_ids": ["8"], "details": {"event_type": "20_21"}}, {"id": "21_22", "source": 21, "target": 22, "user_ids": ["8"], "details": {"event_type": "21_22"}}, {"id": "22_22", "source": 22, "target": 22, "user_ids": ["8"], "details": {"event_type": "22_22"}}, {"id": "22_22", "source": 22, "target": 22, "user_ids": ["8"], "details": {"event_type": "22_22"}}, {"id": "22_22", "source": 22, "target": 22, "user_ids": ["8"], "details": {"event_type": "22_22"}}, {"id": "22_22", "source": 22, "target": 22, "user_ids": ["8"], "details": {"event_type": "22_22"}}, {"id": "22_1", "source": 22, "target": 1, "user_ids": ["8"], "details": {"event_type": "22_1"}}, {"id": "0_2", "source": 0, "target": 2, "user_ids": ["2"], "details": {"event_type": "0_2"}}, {"id": "2_2", "source": 2, "target": 2, "user_ids": ["2"], "details": {"event_type": "2_2"}}, {"id": "2_2", "source": 2, "target": 2, "user_ids": ["2"], "details": {"event_type": "2_2"}}, {"id": "2_23", "source": 2, "target": 23, "user_ids": ["2"], "details": {"event_type": "2_23"}}, {"id": "23_4", "source": 23, "target": 4, "user_ids": ["2"], "details": {"event_type": "23_4"}}, {"id": "4_5", "source": 4, "target": 5, "user_ids": ["2"], "details": {"event_type": "4_5"}}, {"id": "5_24", "source": 5, "target": 24, "user_ids": ["2"], "details": {"event_type": "5_24"}}, {"id": "24_25", "source": 24, "target": 25, "user_ids": ["2"], "details": {"event_type": "24_25"}}, {"id": "25_8", "source": 25, "target": 8, "user_ids": ["2"], "details": {"event_type": "25_8"}}, {"id": "8_8", "source": 8, "target": 8, "user_ids": ["2"], "details": {"event_type": "8_8"}}, {"id": "8_26", "source": 8, "target": 26, "user_ids": ["2"], "details": {"event_type": "8_26"}}, {"id": "26_26", "source": 26, "target": 26, "user_ids": ["2"], "details": {"event_type": "26_26"}}, {"id": "26_26", "source": 26, "target": 26, "user_ids": ["2"], "details": {"event_type": "26_26"}}, {"id": "26_1", "source": 26, "target": 1, "user_ids": ["2"], "details": {"event_type": "26_1"}}, {"id": "0_2", "source": 0, "target": 2, "user_ids": ["9"], "details": {"event_type": "0_2"}}, {"id": "2_2", "source": 2, "target": 2, "user_ids": ["9"], "details": {"event_type": "2_2"}}, {"id": "2_23", "source": 2, "target": 23, "user_ids": ["9"], "details": {"event_type": "2_23"}}, {"id": "23_4", "source": 23, "target": 4, "user_ids": ["9"], "details": {"event_type": "23_4"}}, {"id": "4_27", "source": 4, "target": 27, "user_ids": ["9"], "details": {"event_type": "4_27"}}, {"id": "27_28", "source": 27, "target": 28, "user_ids": ["9"], "details": {"event_type": "27_28"}}, {"id": "28_29", "source": 28, "target": 29, "user_ids": ["9"], "details": {"event_type": "28_29"}}, {"id": "29_30", "source": 29, "target": 30, "user_ids": ["9"], "details": {"event_type": "29_30"}}, {"id": "30_30", "source": 30, "target": 30, "user_ids": ["9"], "details": {"event_type": "30_30"}}, {"id": "30_30", "source": 30, "target": 30, "user_ids": ["9"], "details": {"event_type": "30_30"}}, {"id": "30_30", "source": 30, "target": 30, "user_ids": ["9"], "details": {"event_type": "30_30"}}, {"id": "30_31", "source": 30, "target": 31, "user_ids": ["9"], "details": {"event_type": "30_31"}}, {"id": "31_31", "source": 31, "target": 31, "user_ids": ["9"], "details": {"event_type": "31_31"}}, {"id": "31_32", "source": 31, "target": 32, "user_ids": ["9"], "details": {"event_type": "31_32"}}, {"id": "32_32", "source": 32, "target": 32, "user_ids": ["9"], "details": {"event_type": "32_32"}}, {"id": "32_32", "source": 32, "target": 32, "user_ids": ["9"], "details": {"event_type": "32_32"}}, {"id": "32_33", "source": 32, "target": 33, "user_ids": ["9"], "details": {"event_type": "32_33"}}, {"id": "33_33", "source": 33, "target": 33, "user_ids": ["9"], "details": {"event_type": "33_33"}}, {"id": "33_33", "source": 33, "target": 33, "user_ids": ["9"], "details": {"event_type": "33_33"}}, {"id": "33_1", "source": 33, "target": 1, "user_ids": ["9"], "details": {"event_type": "33_1"}}, {"id": "0_2", "source": 0, "target": 2, "user_ids": ["4"], "details": {"event_type": "0_2"}}, {"id": "2_2", "source": 2, "target": 2, "user_ids": ["4"], "details": {"event_type": "2_2"}}, {"id": "2_2", "source": 2, "target": 2, "user_ids": ["4"], "details": {"event_type": "2_2"}}, {"id": "2_34", "source": 2, "target": 34, "user_ids": ["4"], "details": {"event_type": "2_34"}}, {"id": "34_35", "source": 34, "target": 35, "user_ids": ["4"], "details": {"event_type": "34_35"}}, {"id": "35_36", "source": 35, "target": 36, "user_ids": ["4"], "details": {"event_type": "35_36"}}, {"id": "36_4", "source": 36, "target": 4, "user_ids": ["4"], "details": {"event_type": "36_4"}}, {"id": "4_4", "source": 4, "target": 4, "user_ids": ["4"], "details": {"event_type": "4_4"}}, {"id": "4_27", "source": 4, "target": 27, "user_ids": ["4"], "details": {"event_type": "4_27"}}, {"id": "27_37", "source": 27, "target": 37, "user_ids": ["4"], "details": {"event_type": "27_37"}}, {"id": "37_38", "source": 37, "target": 38, "user_ids": ["4"], "details": {"event_type": "37_38"}}, {"id": "38_30", "source": 38, "target": 30, "user_ids": ["4"], "details": {"event_type": "38_30"}}, {"id": "30_30", "source": 30, "target": 30, "user_ids": ["4"], "details": {"event_type": "30_30"}}, {"id": "30_33", "source": 30, "target": 33, "user_ids": ["4"], "details": {"event_type": "30_33"}}, {"id": "33_39", "source": 33, "target": 39, "user_ids": ["4"], "details": {"event_type": "33_39"}}, {"id": "39_39", "source": 39, "target": 39, "user_ids": ["4"], "details": {"event_type": "39_39"}}, {"id": "39_33", "source": 39, "target": 33, "user_ids": ["4"], "details": {"event_type": "39_33"}}, {"id": "33_39", "source": 33, "target": 39, "user_ids": ["4"], "details": {"event_type": "33_39"}}, {"id": "39_9", "source": 39, "target": 9, "user_ids": ["4"], "details": {"event_type": "39_9"}}, {"id": "9_9", "source": 9, "target": 9, "user_ids": ["4"], "details": {"event_type": "9_9"}}, {"id": "9_9", "source": 9, "target": 9, "user_ids": ["4"], "details": {"event_type": "9_9"}}, {"id": "9_1", "source": 9, "target": 1, "user_ids": ["4"], "details": {"event_type": "9_1"}}, {"id": "0_2", "source": 0, "target": 2, "user_ids": ["101"], "details": {"event_type": "0_2"}}, {"id": "2_34", "source": 2, "target": 34, "user_ids": ["101"], "details": {"event_type": "2_34"}}, {"id": "34_36", "source": 34, "target": 36, "user_ids": ["101"], "details": {"event_type": "34_36"}}, {"id": "36_36", "source": 36, "target": 36, "user_ids": ["101"], "details": {"event_type": "36_36"}}, {"id": "36_40", "source": 36, "target": 40, "user_ids": ["101"], "details": {"event_type": "36_40"}}, {"id": "40_41", "source": 40, "target": 41, "user_ids": ["101"], "details": {"event_type": "40_41"}}, {"id": "41_41", "source": 41, "target": 41, "user_ids": ["101"], "details": {"event_type": "41_41"}}, {"id": "41_41", "source": 41, "target": 41, "user_ids": ["101"], "details": {"event_type": "41_41"}}, {"id": "41_42", "source": 41, "target": 42, "user_ids": ["101"], "details": {"event_type": "41_42"}}, {"id": "42_43", "source": 42, "target": 43, "user_ids": ["101"], "details": {"event_type": "42_43"}}, {"id": "43_44", "source": 43, "target": 44, "user_ids": ["101"], "details": {"event_type": "43_44"}}, {"id": "44_24", "source": 44, "target": 24, "user_ids": ["101"], "details": {"event_type": "44_24"}}, {"id": "24_24", "source": 24, "target": 24, "user_ids": ["101"], "details": {"event_type": "24_24"}}, {"id": "24_25", "source": 24, "target": 25, "user_ids": ["101"], "details": {"event_type": "24_25"}}, {"id": "25_45", "source": 25, "target": 45, "user_ids": ["101"], "details": {"event_type": "25_45"}}, {"id": "45_9", "source": 45, "target": 9, "user_ids": ["101"], "details": {"event_type": "45_9"}}, {"id": "9_46", "source": 9, "target": 46, "user_ids": ["101"], "details": {"event_type": "9_46"}}, {"id": "46_46", "source": 46, "target": 46, "user_ids": ["101"], "details": {"event_type": "46_46"}}, {"id": "46_26", "source": 46, "target": 26, "user_ids": ["101"], "details": {"event_type": "46_26"}}, {"id": "26_26", "source": 26, "target": 26, "user_ids": ["101"], "details": {"event_type": "26_26"}}, {"id": "26_1", "source": 26, "target": 1, "user_ids": ["101"], "details": {"event_type": "26_1"}}, {"id": "0_2", "source": 0, "target": 2, "user_ids": ["6"], "details": {"event_type": "0_2"}}, {"id": "2_23", "source": 2, "target": 23, "user_ids": ["6"], "details": {"event_type": "2_23"}}, {"id": "23_4", "source": 23, "target": 4, "user_ids": ["6"], "details": {"event_type": "23_4"}}, {"id": "4_5", "source": 4, "target": 5, "user_ids": ["6"], "details": {"event_type": "4_5"}}, {"id": "5_24", "source": 5, "target": 24, "user_ids": ["6"], "details": {"event_type": "5_24"}}, {"id": "24_7", "source": 24, "target": 7, "user_ids": ["6"], "details": {"event_type": "24_7"}}, {"id": "7_8", "source": 7, "target": 8, "user_ids": ["6"], "details": {"event_type": "7_8"}}, {"id": "8_8", "source": 8, "target": 8, "user_ids": ["6"], "details": {"event_type": "8_8"}}, {"id": "8_26", "source": 8, "target": 26, "user_ids": ["6"], "details": {"event_type": "8_26"}}, {"id": "26_26", "source": 26, "target": 26, "user_ids": ["6"], "details": {"event_type": "26_26"}}, {"id": "26_26", "source": 26, "target": 26, "user_ids": ["6"], "details": {"event_type": "26_26"}}, {"id": "26_1", "source": 26, "target": 1, "user_ids": ["6"], "details": {"event_type": "26_1"}}], "trajectories": [{"trajectory": [0, 2, 3, 4, 5, 6, 7, 8, 8, 8, 8, 9, 9, 9, 9, 1], "action_meaning": ["start_game", "transition", "transition", "transition", "transition", "transition", "transition", "transition", "transition", "transition", "transition", "transition", "transition", "transition", "transition", "end_game"], "user_ids": ["102"], "id": 0, "completed": true}, {"trajectory": [0, 2, 2, 10, 11, 11, 12, 13, 14, 14, 15, 15, 16, 17, 18, 19, 19, 20, 20, 21, 22, 22, 22, 22, 22, 1], "action_meaning": ["start_game", "transition", "transition", "transition", "transition", "transition", "transition", "transition", "transition", "transition", "transition", "transition", "transition", "transition", "transition", "transition", "transition", "transition", "transition", "transition", "transition", "transition", "transition", "transition", "transition", "end_game"], "user_ids": ["8"], "id": 1, "completed": true}, {"trajectory": [0, 2, 2, 2, 23, 4, 5, 24, 25, 8, 8, 26, 26, 26, 1], "action_meaning": ["start_game", "transition", "transition", "transition", "transition", "transition", "transition", "transition", "transition", "transition", "transition", "transition", "transition", "transition", "end_game"], "user_ids": ["2"], "id": 2, "completed": true}, {"trajectory": [0, 2, 2, 23, 4, 27, 28, 29, 30, 30, 30, 30, 31, 31, 32, 32, 32, 33, 33, 33, 1], "action_meaning": ["start_game", "transition", "transition", "transition", "transition", "transition", "transition", "transition", "transition", "transition", "transition", "transition", "transition", "transition", "transition", "transition", "transition", "transition", "transition", "transition", "end_game"], "user_ids": ["9"], "id": 3, "completed": true}, {"trajectory": [0, 2, 2, 2, 34, 35, 36, 4, 4, 27, 37, 38, 30, 30, 33, 39, 39, 33, 39, 9, 9, 9, 1], "action_meaning": ["start_game", "transition", "transition", "transition", "transition", "transition", "transition", "transition", "transition", "transition", "transition", "transition", "transition", "transition", "transition", "transition", "transition", "transition", "transition", "transition", "transition", "transition", "end_game"], "user_ids": ["4"], "id": 4, "completed": true}, {"trajectory": [0, 2, 34, 36, 36, 40, 41, 41, 41, 42, 43, 44, 24, 24, 25, 45, 9, 46, 46, 26, 26, 1], "action_meaning": ["start_game", "transition", "transition", "transition", "transition", "transition", "transition", "transition", "transition", "transition", "transition", "transition", "transition", "transition", "transition", "transition", "transition", "transition", "transition", "transition", "transition", "end_game"], "user_ids": ["101"], "id": 5, "completed": true}, {"trajectory": [0, 2, 23, 4, 5, 24, 7, 8, 8, 26, 26, 26, 1], "action_meaning": ["start_game", "transition", "transition", "transition", "transition", "transition", "transition", "transition", "transition", "transition", "transition", "transition", "end_game"], "user_ids": ["6"], "id": 6, "completed": true}], "traj_similarity": [{"id": 0, "source": 0, "target": 1, "similarity": 22}, {"id": 1, "source": 0, "target": 2, "similarity": 7}, {"id": 2, "source": 0, "target": 3, "similarity": 16}, {"id": 3, "source": 0, "target": 4, "similarity": 13}, {"id": 4, "source": 0, "target": 5, "similarity": 18}, {"id": 5, "source": 0, "target": 6, "similarity": 6}, {"id": 6, "source": 1, "target": 2, "similarity": 22}, {"id": 7, "source": 1, "target": 3, "similarity": 22}, {"id": 8, "source": 1, "target": 4, "similarity": 22}, {"id": 9, "source": 1, "target": 5, "similarity": 22}, {"id": 10, "source": 1, "target": 6, "similarity": 22}, {"id": 11, "source": 2, "target": 3, "similarity": 15}, {"id": 12, "source": 2, "target": 4, "similarity": 16}, {"id": 13, "source": 2, "target": 5, "similarity": 14}, {"id": 14, "source": 2, "target": 6, "similarity": 1}, {"id": 15, "source": 3, "target": 4, "similarity": 13}, {"id": 16, "source": 3, "target": 5, "similarity": 19}, {"id": 17, "source": 3, "target": 6, "similarity": 15}, {"id": 18, "source": 4, "target": 5, "similarity": 17}, {"id": 19, "source": 4, "target": 6, "similarity": 16}, {"id": 20, "source": 5, "target": 6, "similarity": 15}], "setting": "Parallel data"}